-- becose  vendor 44245 sell 361 items  will not  show items in hes list so i split this npc in 2 ( 44245 and 60002 )
DELETE FROM creature_template WHERE entry IN (44245,60002);
DELETE FROM npc_vendor WHERE entry IN (44245,60002);
DELETE FROM creature WHERE guid IN (320933,320934);
INSERT INTO `creature` VALUES ('320935', '52027', '0', '1519', '1519', '1', '3969', '0', '0', '-8802.82', '349.943', '108.814', '3.92056', '300', '0', '0', '1830', '5013', '0', '0', '0', '0');
INSERT INTO `creature` VALUES ('320936', '44246', '0', '1519', '1519', '1', '3969', '0', '0', '-8804.13', '351.526', '108.831', '3.75504', '300', '0', '0', '1830', '5013', '0', '0', '0', '0');
INSERT INTO `creature` VALUES ('320933', '44245', '0', '1519', '1519', '1', '3969', '0', '0', '-8801.19', '348.157', '108.85', '3.72995', '300', '0', '0', '1830', '5013', '0', '0', '0', '0');
INSERT INTO `creature` VALUES ('320934', '60002', '0', '1519', '1519', '1', '3969', '0', '0', '-8800.29', '347.12', '108.854', '3.68981', '300', '0', '0', '1830', '5013', '0', '0', '0', '0');
DELETE FROM creature_template_addon WHERE entry IN (44246,52027);
INSERT INTO `creature_template` VALUES ('44245', '0', '0', '0', '0', '0', '33750', '0', '0', '0', 'Faldren Tillsdale', 'Valorous Quartermaster', '', '0', '55', '55', '0', '0', '12', '12', '131', '1', '1.14286', '1', '1.14286', '1', '0', '0', '0', '0', '0', '1', '2000', '2000', '8', '768', '2048', '0', '0', '0', '0', '0', '0', '0', '0', '0', '7', '0', '0', '0', '0', '0', '0', '0', '0', '0', '0', '0', '0', '0', '0', '0', '0', '0', '0', '0', '0', '0', '0', '0', '', '0', '3', '1', '1', '1', '1', '1', '0', '0', '0', '0', '0', '0', '0', '0', '1', '0', '0', '0', '', '13623');
INSERT INTO `creature_template` VALUES ('60002', '0', '0', '0', '0', '0', '33750', '0', '0', '0', 'Faldren Tillsdale', 'Valorous Quartermaster', '', '0', '55', '55', '0', '0', '12', '12', '131', '1', '1.14286', '1', '1.14286', '1', '0', '0', '0', '0', '0', '1', '2000', '2000', '8', '768', '2048', '0', '0', '0', '0', '0', '0', '0', '0', '0', '7', '0', '0', '0', '0', '0', '0', '0', '0', '0', '0', '0', '0', '0', '0', '0', '0', '0', '0', '0', '0', '0', '0', '0', '', '0', '3', '1', '1', '1', '1', '1', '0', '0', '0', '0', '0', '0', '0', '0', '1', '0', '0', '0', '', '13623');
DELETE FROM creature WHERE guid IN (54946,30166,54952);
INSERT INTO `npc_vendor` VALUES ('60002', '0', '77162', '0', '0', '0', '1');
INSERT INTO `npc_vendor` VALUES ('60002', '1', '77109', '0', '0', '0', '1');
INSERT INTO `npc_vendor` VALUES ('60002', '2', '78822', '0', '0', '0', '1');
INSERT INTO `npc_vendor` VALUES ('60002', '3', '76874', '0', '0', '0', '1');
INSERT INTO `npc_vendor` VALUES ('60002', '4', '78727', '0', '0', '0', '1');
INSERT INTO `npc_vendor` VALUES ('60002', '5', '77095', '0', '0', '0', '1');
INSERT INTO `npc_vendor` VALUES ('60002', '6', '77180', '0', '0', '0', '1');
INSERT INTO `npc_vendor` VALUES ('60002', '7', '77181', '0', '0', '0', '1');
INSERT INTO `npc_vendor` VALUES ('60002', '8', '78774', '0', '0', '0', '1');
INSERT INTO `npc_vendor` VALUES ('60002', '9', '77024', '0', '0', '0', '1');
INSERT INTO `npc_vendor` VALUES ('60002', '10', '78679', '0', '0', '0', '1');
INSERT INTO `npc_vendor` VALUES ('60002', '11', '78794', '0', '0', '0', '1');
INSERT INTO `npc_vendor` VALUES ('60002', '12', '77025', '0', '0', '0', '1');
INSERT INTO `npc_vendor` VALUES ('60002', '13', '78699', '0', '0', '0', '1');
INSERT INTO `npc_vendor` VALUES ('60002', '14', '78803', '0', '0', '0', '1');
INSERT INTO `npc_vendor` VALUES ('60002', '15', '77026', '0', '0', '0', '1');
INSERT INTO `npc_vendor` VALUES ('60002', '16', '78708', '0', '0', '0', '1');
INSERT INTO `npc_vendor` VALUES ('60002', '17', '78833', '0', '0', '0', '1');
INSERT INTO `npc_vendor` VALUES ('60002', '18', '77027', '0', '0', '0', '1');
INSERT INTO `npc_vendor` VALUES ('60002', '19', '78738', '0', '0', '0', '1');
INSERT INTO `npc_vendor` VALUES ('60002', '20', '78759', '0', '0', '0', '1');
INSERT INTO `npc_vendor` VALUES ('60002', '21', '77023', '0', '0', '0', '1');
INSERT INTO `npc_vendor` VALUES ('60002', '22', '78664', '0', '0', '0', '1');
INSERT INTO `npc_vendor` VALUES ('60002', '23', '77171', '0', '0', '0', '1');
INSERT INTO `npc_vendor` VALUES ('60002', '24', '77184', '0', '0', '0', '1');
INSERT INTO `npc_vendor` VALUES ('60002', '25', '77119', '0', '0', '0', '1');
INSERT INTO `npc_vendor` VALUES ('60002', '26', '77175', '0', '0', '0', '1');
INSERT INTO `npc_vendor` VALUES ('60002', '27', '77172', '0', '0', '0', '1');
INSERT INTO `npc_vendor` VALUES ('60002', '28', '77114', '0', '0', '0', '1');
INSERT INTO `npc_vendor` VALUES ('60002', '29', '77322', '0', '0', '0', '1');
INSERT INTO `npc_vendor` VALUES ('60002', '30', '77323', '0', '0', '0', '1');
INSERT INTO `npc_vendor` VALUES ('60002', '31', '77319', '0', '0', '0', '1');
INSERT INTO `npc_vendor` VALUES ('60002', '32', '77318', '0', '0', '0', '1');
INSERT INTO `npc_vendor` VALUES ('60002', '33', '78821', '0', '0', '0', '1');
INSERT INTO `npc_vendor` VALUES ('60002', '34', '76765', '0', '0', '0', '1');
INSERT INTO `npc_vendor` VALUES ('60002', '35', '78726', '0', '0', '0', '1');
INSERT INTO `npc_vendor` VALUES ('60002', '36', '77091', '0', '0', '0', '1');
INSERT INTO `npc_vendor` VALUES ('60002', '37', '78827', '0', '0', '0', '1');
INSERT INTO `npc_vendor` VALUES ('60002', '38', '77003', '0', '0', '0', '1');
INSERT INTO `npc_vendor` VALUES ('60002', '39', '78732', '0', '0', '0', '1');
INSERT INTO `npc_vendor` VALUES ('60002', '40', '77120', '0', '0', '0', '1');
INSERT INTO `npc_vendor` VALUES ('60002', '41', '77324', '0', '0', '0', '1');
INSERT INTO `npc_vendor` VALUES ('60002', '42', '77159', '0', '0', '0', '1');
INSERT INTO `npc_vendor` VALUES ('60002', '43', '78752', '0', '0', '0', '1');
INSERT INTO `npc_vendor` VALUES ('60002', '44', '76984', '0', '0', '0', '1');
INSERT INTO `npc_vendor` VALUES ('60002', '45', '78657', '0', '0', '0', '1');
INSERT INTO `npc_vendor` VALUES ('60002', '46', '78753', '0', '0', '0', '1');
INSERT INTO `npc_vendor` VALUES ('60002', '47', '76988', '0', '0', '0', '1');
INSERT INTO `npc_vendor` VALUES ('60002', '48', '78658', '0', '0', '0', '1');
INSERT INTO `npc_vendor` VALUES ('60002', '49', '78784', '0', '0', '0', '1');
INSERT INTO `npc_vendor` VALUES ('60002', '50', '76990', '0', '0', '0', '1');
INSERT INTO `npc_vendor` VALUES ('60002', '51', '78689', '0', '0', '0', '1');
INSERT INTO `npc_vendor` VALUES ('60002', '52', '78763', '0', '0', '0', '1');
INSERT INTO `npc_vendor` VALUES ('60002', '53', '76985', '0', '0', '0', '1');
INSERT INTO `npc_vendor` VALUES ('60002', '54', '78668', '0', '0', '0', '1');
INSERT INTO `npc_vendor` VALUES ('60002', '55', '78764', '0', '0', '0', '1');
INSERT INTO `npc_vendor` VALUES ('60002', '56', '76989', '0', '0', '0', '1');
INSERT INTO `npc_vendor` VALUES ('60002', '57', '78669', '0', '0', '0', '1');
INSERT INTO `npc_vendor` VALUES ('60002', '58', '78783', '0', '0', '0', '1');
INSERT INTO `npc_vendor` VALUES ('60002', '59', '76983', '0', '0', '0', '1');
INSERT INTO `npc_vendor` VALUES ('60002', '60', '78688', '0', '0', '0', '1');
INSERT INTO `npc_vendor` VALUES ('60002', '61', '78800', '0', '0', '0', '1');
INSERT INTO `npc_vendor` VALUES ('60002', '62', '76991', '0', '0', '0', '1');
INSERT INTO `npc_vendor` VALUES ('60002', '63', '78705', '0', '0', '0', '1');
INSERT INTO `npc_vendor` VALUES ('60002', '64', '78801', '0', '0', '0', '1');
INSERT INTO `npc_vendor` VALUES ('60002', '65', '76986', '0', '0', '0', '1');
INSERT INTO `npc_vendor` VALUES ('60002', '66', '78706', '0', '0', '0', '1');
INSERT INTO `npc_vendor` VALUES ('60002', '67', '78830', '0', '0', '0', '1');
INSERT INTO `npc_vendor` VALUES ('60002', '68', '76987', '0', '0', '0', '1');
INSERT INTO `npc_vendor` VALUES ('60002', '69', '78735', '0', '0', '0', '1');
INSERT INTO `npc_vendor` VALUES ('60002', '70', '78829', '0', '0', '0', '1');
INSERT INTO `npc_vendor` VALUES ('60002', '71', '76992', '0', '0', '0', '1');
INSERT INTO `npc_vendor` VALUES ('60002', '72', '78734', '0', '0', '0', '1');
INSERT INTO `npc_vendor` VALUES ('60002', '73', '77182', '0', '0', '0', '1');
INSERT INTO `npc_vendor` VALUES ('60002', '74', '78795', '0', '0', '0', '1');
INSERT INTO `npc_vendor` VALUES ('60002', '75', '76358', '0', '0', '0', '1');
INSERT INTO `npc_vendor` VALUES ('60002', '76', '78700', '0', '0', '0', '1');
INSERT INTO `npc_vendor` VALUES ('60002', '77', '77127', '0', '0', '0', '1');
INSERT INTO `npc_vendor` VALUES ('60002', '78', '78791', '0', '0', '0', '1');
INSERT INTO `npc_vendor` VALUES ('60002', '79', '77019', '0', '0', '0', '1');
INSERT INTO `npc_vendor` VALUES ('60002', '80', '78696', '0', '0', '0', '1');
INSERT INTO `npc_vendor` VALUES ('60002', '81', '78771', '0', '0', '0', '1');
INSERT INTO `npc_vendor` VALUES ('60002', '82', '77018', '0', '0', '0', '1');
INSERT INTO `npc_vendor` VALUES ('60002', '83', '78676', '0', '0', '0', '1');
INSERT INTO `npc_vendor` VALUES ('60002', '84', '78779', '0', '0', '0', '1');
INSERT INTO `npc_vendor` VALUES ('60002', '85', '77014', '0', '0', '0', '1');
INSERT INTO `npc_vendor` VALUES ('60002', '86', '78684', '0', '0', '0', '1');
INSERT INTO `npc_vendor` VALUES ('60002', '87', '78775', '0', '0', '0', '1');
INSERT INTO `npc_vendor` VALUES ('60002', '88', '76749', '0', '0', '0', '1');
INSERT INTO `npc_vendor` VALUES ('60002', '89', '78680', '0', '0', '0', '1');
INSERT INTO `npc_vendor` VALUES ('60002', '90', '78789', '0', '0', '0', '1');
INSERT INTO `npc_vendor` VALUES ('60002', '91', '77015', '0', '0', '0', '1');
INSERT INTO `npc_vendor` VALUES ('60002', '92', '78694', '0', '0', '0', '1');
INSERT INTO `npc_vendor` VALUES ('60002', '93', '78785', '0', '0', '0', '1');
INSERT INTO `npc_vendor` VALUES ('60002', '94', '76750', '0', '0', '0', '1');
INSERT INTO `npc_vendor` VALUES ('60002', '95', '78690', '0', '0', '0', '1');
INSERT INTO `npc_vendor` VALUES ('60002', '96', '78809', '0', '0', '0', '1');
INSERT INTO `npc_vendor` VALUES ('60002', '97', '77020', '0', '0', '0', '1');
INSERT INTO `npc_vendor` VALUES ('60002', '98', '78714', '0', '0', '0', '1');
INSERT INTO `npc_vendor` VALUES ('60002', '99', '78808', '0', '0', '0', '1');
INSERT INTO `npc_vendor` VALUES ('60002', '100', '77016', '0', '0', '0', '1');
INSERT INTO `npc_vendor` VALUES ('60002', '101', '78713', '0', '0', '0', '1');
INSERT INTO `npc_vendor` VALUES ('60002', '102', '78805', '0', '0', '0', '1');
INSERT INTO `npc_vendor` VALUES ('60002', '103', '76751', '0', '0', '0', '1');
INSERT INTO `npc_vendor` VALUES ('60002', '104', '78710', '0', '0', '0', '1');
INSERT INTO `npc_vendor` VALUES ('60002', '105', '78835', '0', '0', '0', '1');
INSERT INTO `npc_vendor` VALUES ('60002', '106', '76753', '0', '0', '0', '1');
INSERT INTO `npc_vendor` VALUES ('60002', '107', '78740', '0', '0', '0', '1');
INSERT INTO `npc_vendor` VALUES ('60002', '108', '78760', '0', '0', '0', '1');
INSERT INTO `npc_vendor` VALUES ('60002', '109', '77013', '0', '0', '0', '1');
INSERT INTO `npc_vendor` VALUES ('60002', '110', '78665', '0', '0', '0', '1');
INSERT INTO `npc_vendor` VALUES ('60002', '111', '78755', '0', '0', '0', '1');
INSERT INTO `npc_vendor` VALUES ('60002', '112', '76752', '0', '0', '0', '1');
INSERT INTO `npc_vendor` VALUES ('60002', '113', '78660', '0', '0', '0', '1');
INSERT INTO `npc_vendor` VALUES ('60002', '114', '78839', '0', '0', '0', '1');
INSERT INTO `npc_vendor` VALUES ('60002', '115', '77022', '0', '0', '0', '1');
INSERT INTO `npc_vendor` VALUES ('60002', '116', '78744', '0', '0', '0', '1');
INSERT INTO `npc_vendor` VALUES ('60002', '117', '78838', '0', '0', '0', '1');
INSERT INTO `npc_vendor` VALUES ('60002', '118', '77017', '0', '0', '0', '1');
INSERT INTO `npc_vendor` VALUES ('60002', '119', '78743', '0', '0', '0', '1');
INSERT INTO `npc_vendor` VALUES ('60002', '120', '78757', '0', '0', '0', '1');
INSERT INTO `npc_vendor` VALUES ('60002', '121', '77021', '0', '0', '0', '1');
INSERT INTO `npc_vendor` VALUES ('60002', '122', '78662', '0', '0', '0', '1');
INSERT INTO `npc_vendor` VALUES ('60002', '123', '77185', '0', '0', '0', '1');
INSERT INTO `npc_vendor` VALUES ('60002', '124', '77321', '0', '0', '0', '1');
INSERT INTO `npc_vendor` VALUES ('60002', '125', '77124', '0', '0', '0', '1');
INSERT INTO `npc_vendor` VALUES ('60002', '126', '77097', '0', '0', '0', '1');
INSERT INTO `npc_vendor` VALUES ('60002', '127', '77111', '0', '0', '0', '1');
INSERT INTO `npc_vendor` VALUES ('60002', '128', '78790', '0', '0', '0', '1');
INSERT INTO `npc_vendor` VALUES ('60002', '129', '77005', '0', '0', '0', '1');
INSERT INTO `npc_vendor` VALUES ('60002', '130', '78695', '0', '0', '0', '1');
INSERT INTO `npc_vendor` VALUES ('60002', '131', '77117', '0', '0', '0', '1');
INSERT INTO `npc_vendor` VALUES ('60002', '132', '77316', '0', '0', '0', '1');
INSERT INTO `npc_vendor` VALUES ('60002', '133', '77186', '0', '0', '0', '1');
INSERT INTO `npc_vendor` VALUES ('60002', '134', '77160', '0', '0', '0', '1');
INSERT INTO `npc_vendor` VALUES ('60002', '135', '77166', '0', '0', '0', '1');
INSERT INTO `npc_vendor` VALUES ('60002', '136', '78770', '0', '0', '0', '1');
INSERT INTO `npc_vendor` VALUES ('60002', '137', '76875', '0', '0', '0', '1');
INSERT INTO `npc_vendor` VALUES ('60002', '138', '78675', '0', '0', '0', '1');
INSERT INTO `npc_vendor` VALUES ('60002', '139', '77125', '0', '0', '0', '1');
INSERT INTO `npc_vendor` VALUES ('60002', '140', '77183', '0', '0', '0', '1');
INSERT INTO `npc_vendor` VALUES ('60002', '141', '77164', '0', '0', '0', '1');
INSERT INTO `npc_vendor` VALUES ('60002', '142', '78777', '0', '0', '0', '1');
INSERT INTO `npc_vendor` VALUES ('60002', '143', '76348', '0', '0', '0', '1');
INSERT INTO `npc_vendor` VALUES ('60002', '144', '78682', '0', '0', '0', '1');
INSERT INTO `npc_vendor` VALUES ('60002', '145', '77163', '0', '0', '0', '1');
INSERT INTO `npc_vendor` VALUES ('60002', '146', '78768', '0', '0', '0', '1');
INSERT INTO `npc_vendor` VALUES ('60002', '147', '76766', '0', '0', '0', '1');
INSERT INTO `npc_vendor` VALUES ('60002', '148', '78673', '0', '0', '0', '1');
INSERT INTO `npc_vendor` VALUES ('60002', '149', '78776', '0', '0', '0', '1');
INSERT INTO `npc_vendor` VALUES ('60002', '150', '76343', '0', '0', '0', '1');
INSERT INTO `npc_vendor` VALUES ('60002', '151', '78681', '0', '0', '0', '1');
INSERT INTO `npc_vendor` VALUES ('60002', '152', '77153', '0', '0', '0', '1');
INSERT INTO `npc_vendor` VALUES ('60002', '153', '78812', '0', '0', '0', '1');
INSERT INTO `npc_vendor` VALUES ('60002', '154', '76768', '0', '0', '0', '1');
INSERT INTO `npc_vendor` VALUES ('60002', '155', '78717', '0', '0', '0', '1');
INSERT INTO `npc_vendor` VALUES ('60002', '156', '77165', '0', '0', '0', '1');
INSERT INTO `npc_vendor` VALUES ('60002', '157', '77092', '0', '0', '0', '1');
INSERT INTO `npc_vendor` VALUES ('60002', '158', '78772', '0', '0', '0', '1');
INSERT INTO `npc_vendor` VALUES ('60002', '159', '77004', '0', '0', '0', '1');
INSERT INTO `npc_vendor` VALUES ('60002', '160', '78677', '0', '0', '0', '1');
INSERT INTO `npc_vendor` VALUES ('60002', '161', '78778', '0', '0', '0', '1');
INSERT INTO `npc_vendor` VALUES ('60002', '162', '76357', '0', '0', '0', '1');
INSERT INTO `npc_vendor` VALUES ('60002', '163', '78683', '0', '0', '0', '1');
INSERT INTO `npc_vendor` VALUES ('60002', '164', '78787', '0', '0', '0', '1');
INSERT INTO `npc_vendor` VALUES ('60002', '165', '76767', '0', '0', '0', '1');
INSERT INTO `npc_vendor` VALUES ('60002', '166', '78692', '0', '0', '0', '1');
INSERT INTO `npc_vendor` VALUES ('60002', '167', '77317', '0', '0', '0', '1');
INSERT INTO `npc_vendor` VALUES ('60002', '168', '77149', '0', '0', '0', '1');
INSERT INTO `npc_vendor` VALUES ('60002', '169', '78788', '0', '0', '0', '1');
INSERT INTO `npc_vendor` VALUES ('60002', '170', '76876', '0', '0', '0', '1');
INSERT INTO `npc_vendor` VALUES ('60002', '171', '78693', '0', '0', '0', '1');
INSERT INTO `npc_vendor` VALUES ('60002', '172', '78798', '0', '0', '0', '1');
INSERT INTO `npc_vendor` VALUES ('60002', '173', '76347', '0', '0', '0', '1');
INSERT INTO `npc_vendor` VALUES ('60002', '174', '78703', '0', '0', '0', '1');
INSERT INTO `npc_vendor` VALUES ('60002', '175', '77147', '0', '0', '0', '1');
INSERT INTO `npc_vendor` VALUES ('60002', '176', '78797', '0', '0', '0', '1');
INSERT INTO `npc_vendor` VALUES ('60002', '177', '76342', '0', '0', '0', '1');
INSERT INTO `npc_vendor` VALUES ('60002', '178', '78702', '0', '0', '0', '1');
INSERT INTO `npc_vendor` VALUES ('60002', '179', '77079', '0', '0', '0', '1');

INSERT INTO `npc_vendor` VALUES ('44245', '180', '77099', '0', '0', '0', '1');
INSERT INTO `npc_vendor` VALUES ('44245', '181', '77156', '0', '0', '0', '1');
INSERT INTO `npc_vendor` VALUES ('44245', '182', '77176', '0', '0', '0', '1');
INSERT INTO `npc_vendor` VALUES ('44245', '183', '77113', '0', '0', '0', '1');
INSERT INTO `npc_vendor` VALUES ('44245', '184', '77170', '0', '0', '0', '1');
INSERT INTO `npc_vendor` VALUES ('44245', '185', '78817', '0', '0', '0', '1');
INSERT INTO `npc_vendor` VALUES ('44245', '186', '76346', '0', '0', '0', '1');
INSERT INTO `npc_vendor` VALUES ('44245', '187', '78722', '0', '0', '0', '1');
INSERT INTO `npc_vendor` VALUES ('44245', '188', '78816', '0', '0', '0', '1');
INSERT INTO `npc_vendor` VALUES ('44245', '189', '76341', '0', '0', '0', '1');
INSERT INTO `npc_vendor` VALUES ('44245', '190', '78721', '0', '0', '0', '1');
INSERT INTO `npc_vendor` VALUES ('44245', '191', '78810', '0', '0', '0', '1');
INSERT INTO `npc_vendor` VALUES ('44245', '192', '77006', '0', '0', '0', '1');
INSERT INTO `npc_vendor` VALUES ('44245', '193', '78715', '0', '0', '0', '1');
INSERT INTO `npc_vendor` VALUES ('44245', '194', '78807', '0', '0', '0', '1');
INSERT INTO `npc_vendor` VALUES ('44245', '195', '76877', '0', '0', '0', '1');
INSERT INTO `npc_vendor` VALUES ('44245', '196', '78712', '0', '0', '0', '1');
INSERT INTO `npc_vendor` VALUES ('44245', '197', '78814', '0', '0', '0', '1');
INSERT INTO `npc_vendor` VALUES ('44245', '198', '76359', '0', '0', '0', '1');
INSERT INTO `npc_vendor` VALUES ('44245', '199', '78719', '0', '0', '0', '1');
INSERT INTO `npc_vendor` VALUES ('44245', '200', '77161', '0', '0', '0', '1');
INSERT INTO `npc_vendor` VALUES ('44245', '201', '77121', '0', '0', '0', '1');
INSERT INTO `npc_vendor` VALUES ('44245', '202', '77320', '0', '0', '0', '1');
INSERT INTO `npc_vendor` VALUES ('44245', '203', '78845', '0', '0', '0', '1');
INSERT INTO `npc_vendor` VALUES ('44245', '204', '78842', '0', '0', '0', '1');
INSERT INTO `npc_vendor` VALUES ('44245', '205', '76361', '0', '0', '0', '1');
INSERT INTO `npc_vendor` VALUES ('44245', '206', '76344', '0', '0', '0', '1');
INSERT INTO `npc_vendor` VALUES ('44245', '207', '78750', '0', '0', '0', '1');
INSERT INTO `npc_vendor` VALUES ('44245', '208', '78747', '0', '0', '0', '1');
INSERT INTO `npc_vendor` VALUES ('44245', '209', '78841', '0', '0', '0', '1');
INSERT INTO `npc_vendor` VALUES ('44245', '210', '76769', '0', '0', '0', '1');
INSERT INTO `npc_vendor` VALUES ('44245', '211', '78746', '0', '0', '0', '1');
INSERT INTO `npc_vendor` VALUES ('44245', '212', '78844', '0', '0', '0', '1');
INSERT INTO `npc_vendor` VALUES ('44245', '213', '76339', '0', '0', '0', '1');
INSERT INTO `npc_vendor` VALUES ('44245', '214', '78749', '0', '0', '0', '1');
INSERT INTO `npc_vendor` VALUES ('44245', '215', '77098', '0', '0', '0', '1');
INSERT INTO `npc_vendor` VALUES ('44245', '216', '77090', '0', '0', '0', '1');
INSERT INTO `npc_vendor` VALUES ('44245', '217', '78754', '0', '0', '0', '1');
INSERT INTO `npc_vendor` VALUES ('44245', '218', '76974', '0', '0', '0', '1');
INSERT INTO `npc_vendor` VALUES ('44245', '219', '78659', '0', '0', '0', '1');
INSERT INTO `npc_vendor` VALUES ('44245', '220', '78758', '0', '0', '0', '1');
INSERT INTO `npc_vendor` VALUES ('44245', '221', '77008', '0', '0', '0', '1');
INSERT INTO `npc_vendor` VALUES ('44245', '222', '78663', '0', '0', '0', '1');
INSERT INTO `npc_vendor` VALUES ('44245', '223', '78792', '0', '0', '0', '1');
INSERT INTO `npc_vendor` VALUES ('44245', '224', '77010', '0', '0', '0', '1');
INSERT INTO `npc_vendor` VALUES ('44245', '225', '78697', '0', '0', '0', '1');
INSERT INTO `npc_vendor` VALUES ('44245', '226', '78765', '0', '0', '0', '1');
INSERT INTO `npc_vendor` VALUES ('44245', '227', '76975', '0', '0', '0', '1');
INSERT INTO `npc_vendor` VALUES ('44245', '228', '78670', '0', '0', '0', '1');
INSERT INTO `npc_vendor` VALUES ('44245', '229', '78802', '0', '0', '0', '1');
INSERT INTO `npc_vendor` VALUES ('44245', '230', '76977', '0', '0', '0', '1');
INSERT INTO `npc_vendor` VALUES ('44245', '231', '78707', '0', '0', '0', '1');
INSERT INTO `npc_vendor` VALUES ('44245', '232', '78773', '0', '0', '0', '1');
INSERT INTO `npc_vendor` VALUES ('44245', '233', '77009', '0', '0', '0', '1');
INSERT INTO `npc_vendor` VALUES ('44245', '234', '78678', '0', '0', '0', '1');
INSERT INTO `npc_vendor` VALUES ('44245', '235', '78782', '0', '0', '0', '1');
INSERT INTO `npc_vendor` VALUES ('44245', '236', '76976', '0', '0', '0', '1');
INSERT INTO `npc_vendor` VALUES ('44245', '237', '78687', '0', '0', '0', '1');
INSERT INTO `npc_vendor` VALUES ('44245', '238', '78811', '0', '0', '0', '1');
INSERT INTO `npc_vendor` VALUES ('44245', '239', '77011', '0', '0', '0', '1');
INSERT INTO `npc_vendor` VALUES ('44245', '240', '78716', '0', '0', '0', '1');
INSERT INTO `npc_vendor` VALUES ('44245', '241', '78831', '0', '0', '0', '1');
INSERT INTO `npc_vendor` VALUES ('44245', '242', '76978', '0', '0', '0', '1');
INSERT INTO `npc_vendor` VALUES ('44245', '243', '78736', '0', '0', '0', '1');
INSERT INTO `npc_vendor` VALUES ('44245', '244', '78846', '0', '0', '0', '1');
INSERT INTO `npc_vendor` VALUES ('44245', '245', '77012', '0', '0', '0', '1');
INSERT INTO `npc_vendor` VALUES ('44245', '246', '78751', '0', '0', '0', '1');
INSERT INTO `npc_vendor` VALUES ('44245', '247', '77148', '0', '0', '0', '1');
INSERT INTO `npc_vendor` VALUES ('44245', '248', '77088', '0', '0', '0', '1');
INSERT INTO `npc_vendor` VALUES ('44245', '249', '78837', '0', '0', '0', '1');
INSERT INTO `npc_vendor` VALUES ('44245', '250', '76878', '0', '0', '0', '1');
INSERT INTO `npc_vendor` VALUES ('44245', '251', '78742', '0', '0', '0', '1');
INSERT INTO `npc_vendor` VALUES ('44245', '252', '77115', '0', '0', '0', '1');
INSERT INTO `npc_vendor` VALUES ('44245', '253', '77110', '0', '0', '0', '1');
INSERT INTO `npc_vendor` VALUES ('44245', '254', '78823', '0', '0', '0', '1');
INSERT INTO `npc_vendor` VALUES ('44245', '255', '78826', '0', '0', '0', '1');
INSERT INTO `npc_vendor` VALUES ('44245', '256', '76360', '0', '0', '0', '1');
INSERT INTO `npc_vendor` VALUES ('44245', '257', '76345', '0', '0', '0', '1');
INSERT INTO `npc_vendor` VALUES ('44245', '258', '78728', '0', '0', '0', '1');
INSERT INTO `npc_vendor` VALUES ('44245', '259', '78731', '0', '0', '0', '1');
INSERT INTO `npc_vendor` VALUES ('44245', '260', '77122', '0', '0', '0', '1');
INSERT INTO `npc_vendor` VALUES ('44245', '261', '78825', '0', '0', '0', '1');
INSERT INTO `npc_vendor` VALUES ('44245', '262', '76340', '0', '0', '0', '1');
INSERT INTO `npc_vendor` VALUES ('44245', '263', '78730', '0', '0', '0', '1');
INSERT INTO `npc_vendor` VALUES ('44245', '264', '77173', '0', '0', '0', '1');
INSERT INTO `npc_vendor` VALUES ('44245', '265', '77116', '0', '0', '0', '1');
INSERT INTO `npc_vendor` VALUES ('44245', '266', '77174', '0', '0', '0', '1');
INSERT INTO `npc_vendor` VALUES ('44245', '267', '77078', '0', '0', '0', '1');
INSERT INTO `npc_vendor` VALUES ('44245', '268', '77108', '0', '0', '0', '1');
INSERT INTO `npc_vendor` VALUES ('44245', '269', '77126', '0', '0', '0', '1');
INSERT INTO `npc_vendor` VALUES ('44245', '270', '77123', '0', '0', '0', '1');
INSERT INTO `npc_vendor` VALUES ('44245', '271', '78840', '0', '0', '0', '1');
INSERT INTO `npc_vendor` VALUES ('44245', '272', '77007', '0', '0', '0', '1');
INSERT INTO `npc_vendor` VALUES ('44245', '273', '78745', '0', '0', '0', '1');
INSERT INTO `npc_vendor` VALUES ('44245', '274', '77112', '0', '0', '0', '1');
INSERT INTO `npc_vendor` VALUES ('44245', '275', '77169', '0', '0', '0', '1');
INSERT INTO `npc_vendor` VALUES ('44245', '276', '77146', '0', '0', '0', '1');
INSERT INTO `npc_vendor` VALUES ('44245', '277', '78819', '0', '0', '0', '1');
INSERT INTO `npc_vendor` VALUES ('44245', '278', '77040', '0', '0', '0', '1');
INSERT INTO `npc_vendor` VALUES ('44245', '279', '78724', '0', '0', '0', '1');
INSERT INTO `npc_vendor` VALUES ('44245', '280', '78786', '0', '0', '0', '1');
INSERT INTO `npc_vendor` VALUES ('44245', '281', '76758', '0', '0', '0', '1');
INSERT INTO `npc_vendor` VALUES ('44245', '282', '78691', '0', '0', '0', '1');
INSERT INTO `npc_vendor` VALUES ('44245', '283', '78761', '0', '0', '0', '1');
INSERT INTO `npc_vendor` VALUES ('44245', '284', '77038', '0', '0', '0', '1');
INSERT INTO `npc_vendor` VALUES ('44245', '285', '78666', '0', '0', '0', '1');
INSERT INTO `npc_vendor` VALUES ('44245', '286', '78762', '0', '0', '0', '1');
INSERT INTO `npc_vendor` VALUES ('44245', '287', '77041', '0', '0', '0', '1');
INSERT INTO `npc_vendor` VALUES ('44245', '288', '78667', '0', '0', '0', '1');
INSERT INTO `npc_vendor` VALUES ('44245', '289', '78767', '0', '0', '0', '1');
INSERT INTO `npc_vendor` VALUES ('44245', '290', '76757', '0', '0', '0', '1');
INSERT INTO `npc_vendor` VALUES ('44245', '291', '78672', '0', '0', '0', '1');
INSERT INTO `npc_vendor` VALUES ('44245', '292', '78818', '0', '0', '0', '1');
INSERT INTO `npc_vendor` VALUES ('44245', '293', '77039', '0', '0', '0', '1');
INSERT INTO `npc_vendor` VALUES ('44245', '294', '78723', '0', '0', '0', '1');
INSERT INTO `npc_vendor` VALUES ('44245', '295', '78780', '0', '0', '0', '1');
INSERT INTO `npc_vendor` VALUES ('44245', '296', '77037', '0', '0', '0', '1');
INSERT INTO `npc_vendor` VALUES ('44245', '297', '78685', '0', '0', '0', '1');
INSERT INTO `npc_vendor` VALUES ('44245', '298', '78781', '0', '0', '0', '1');
INSERT INTO `npc_vendor` VALUES ('44245', '299', '77042', '0', '0', '0', '1');
INSERT INTO `npc_vendor` VALUES ('44245', '300', '78686', '0', '0', '0', '1');
INSERT INTO `npc_vendor` VALUES ('44245', '301', '78806', '0', '0', '0', '1');
INSERT INTO `npc_vendor` VALUES ('44245', '302', '77036', '0', '0', '0', '1');
INSERT INTO `npc_vendor` VALUES ('44245', '303', '78711', '0', '0', '0', '1');
INSERT INTO `npc_vendor` VALUES ('44245', '304', '78799', '0', '0', '0', '1');
INSERT INTO `npc_vendor` VALUES ('44245', '305', '77043', '0', '0', '0', '1');
INSERT INTO `npc_vendor` VALUES ('44245', '306', '78704', '0', '0', '0', '1');
INSERT INTO `npc_vendor` VALUES ('44245', '307', '78813', '0', '0', '0', '1');
INSERT INTO `npc_vendor` VALUES ('44245', '308', '76759', '0', '0', '0', '1');
INSERT INTO `npc_vendor` VALUES ('44245', '309', '78718', '0', '0', '0', '1');
INSERT INTO `npc_vendor` VALUES ('44245', '310', '78834', '0', '0', '0', '1');
INSERT INTO `npc_vendor` VALUES ('44245', '311', '76760', '0', '0', '0', '1');
INSERT INTO `npc_vendor` VALUES ('44245', '312', '78739', '0', '0', '0', '1');
INSERT INTO `npc_vendor` VALUES ('44245', '313', '78836', '0', '0', '0', '1');
INSERT INTO `npc_vendor` VALUES ('44245', '314', '77035', '0', '0', '0', '1');
INSERT INTO `npc_vendor` VALUES ('44245', '315', '78741', '0', '0', '0', '1');
INSERT INTO `npc_vendor` VALUES ('44245', '316', '78828', '0', '0', '0', '1');
INSERT INTO `npc_vendor` VALUES ('44245', '317', '77044', '0', '0', '0', '1');
INSERT INTO `npc_vendor` VALUES ('44245', '318', '78733', '0', '0', '0', '1');
INSERT INTO `npc_vendor` VALUES ('44245', '319', '78820', '0', '0', '0', '1');
INSERT INTO `npc_vendor` VALUES ('44245', '320', '76756', '0', '0', '0', '1');
INSERT INTO `npc_vendor` VALUES ('44245', '321', '78725', '0', '0', '0', '1');
INSERT INTO `npc_vendor` VALUES ('44245', '322', '77177', '0', '0', '0', '1');
INSERT INTO `npc_vendor` VALUES ('44245', '323', '77179', '0', '0', '0', '1');
INSERT INTO `npc_vendor` VALUES ('44245', '324', '77157', '0', '0', '0', '1');
INSERT INTO `npc_vendor` VALUES ('44245', '325', '77089', '0', '0', '0', '1');
INSERT INTO `npc_vendor` VALUES ('44245', '326', '78766', '0', '0', '0', '1');
INSERT INTO `npc_vendor` VALUES ('44245', '327', '76212', '0', '0', '0', '1');
INSERT INTO `npc_vendor` VALUES ('44245', '328', '78671', '0', '0', '0', '1');
INSERT INTO `npc_vendor` VALUES ('44245', '329', '78796', '0', '0', '0', '1');
INSERT INTO `npc_vendor` VALUES ('44245', '330', '76213', '0', '0', '0', '1');
INSERT INTO `npc_vendor` VALUES ('44245', '331', '78701', '0', '0', '0', '1');
INSERT INTO `npc_vendor` VALUES ('44245', '332', '78815', '0', '0', '0', '1');
INSERT INTO `npc_vendor` VALUES ('44245', '333', '76214', '0', '0', '0', '1');
INSERT INTO `npc_vendor` VALUES ('44245', '334', '78720', '0', '0', '0', '1');
INSERT INTO `npc_vendor` VALUES ('44245', '335', '78843', '0', '0', '0', '1');
INSERT INTO `npc_vendor` VALUES ('44245', '336', '76216', '0', '0', '0', '1');
INSERT INTO `npc_vendor` VALUES ('44245', '337', '78748', '0', '0', '0', '1');
INSERT INTO `npc_vendor` VALUES ('44245', '338', '78824', '0', '0', '0', '1');
INSERT INTO `npc_vendor` VALUES ('44245', '339', '76215', '0', '0', '0', '1');
INSERT INTO `npc_vendor` VALUES ('44245', '340', '78729', '0', '0', '0', '1');
INSERT INTO `npc_vendor` VALUES ('44245', '341', '77187', '0', '0', '0', '1');
INSERT INTO `npc_vendor` VALUES ('44245', '342', '77155', '0', '0', '0', '1');
INSERT INTO `npc_vendor` VALUES ('44245', '343', '77151', '0', '0', '0', '1');
INSERT INTO `npc_vendor` VALUES ('44245', '344', '77096', '0', '0', '0', '1');
INSERT INTO `npc_vendor` VALUES ('44245', '345', '78769', '0', '0', '0', '1');
INSERT INTO `npc_vendor` VALUES ('44245', '346', '77029', '0', '0', '0', '1');
INSERT INTO `npc_vendor` VALUES ('44245', '347', '78674', '0', '0', '0', '1');
INSERT INTO `npc_vendor` VALUES ('44245', '348', '78793', '0', '0', '0', '1');
INSERT INTO `npc_vendor` VALUES ('44245', '349', '77030', '0', '0', '0', '1');
INSERT INTO `npc_vendor` VALUES ('44245', '350', '78698', '0', '0', '0', '1');
INSERT INTO `npc_vendor` VALUES ('44245', '351', '78804', '0', '0', '0', '1');
INSERT INTO `npc_vendor` VALUES ('44245', '352', '77031', '0', '0', '0', '1');
INSERT INTO `npc_vendor` VALUES ('44245', '353', '78709', '0', '0', '0', '1');
INSERT INTO `npc_vendor` VALUES ('44245', '354', '78832', '0', '0', '0', '1');
INSERT INTO `npc_vendor` VALUES ('44245', '355', '77032', '0', '0', '0', '1');
INSERT INTO `npc_vendor` VALUES ('44245', '356', '78737', '0', '0', '0', '1');
INSERT INTO `npc_vendor` VALUES ('44245', '357', '78756', '0', '0', '0', '1');
INSERT INTO `npc_vendor` VALUES ('44245', '358', '77028', '0', '0', '0', '1');
INSERT INTO `npc_vendor` VALUES ('44245', '359', '78661', '0', '0', '0', '1');
INSERT INTO `npc_vendor` VALUES ('44245', '360', '77150', '0', '0', '0', '1');

