UPDATE creature SET guid=321039 WHERE guid=7235928;
DELETE FROM `creature_template` WHERE `entry`=52900 LIMIT 1;
INSERT INTO `creature_template` ( `entry`, `difficulty_entry_1`, `difficulty_entry_2`, `difficulty_entry_3`, `KillCredit1`, `KillCredit2`, `modelid1`, `modelid2`, `modelid3`, `modelid4`, `name`, `subname`, `IconName`, `gossip_menu_id`, `minlevel`, `maxlevel`, `exp`, `faction_A`, `faction_H`, `npcflag`, `speed_walk`, `speed_run`, `scale`, `rank`, `mindmg`, `maxdmg`, `dmgschool`, `attackpower`, `dmg_multiplier`, `baseattacktime`, `rangeattacktime`, `unit_class`, `unit_flags`, `dynamicflags`, `family`, `trainer_type`, `trainer_spell`, `trainer_class`, `trainer_race`, `minrangedmg`, `maxrangedmg`, `rangedattackpower`, `type`, `type_flags`, `lootid`, `pickpocketloot`, `skinloot`, `resistance1`, `resistance2`, `resistance3`, `resistance4`, `resistance5`, `resistance6`, `spell1`, `spell2`, `spell3`, `spell4`, `spell5`, `spell6`, `spell7`, `spell8`, `PetSpellDataId`, `VehicleId`, `mingold`, `maxgold`, `AIName`, `MovementType`, `InhabitType`, `Health_mod`, `Mana_mod`, `Armor_mod`, `RacialLeader`, `questItem1`, `questItem2`, `questItem3`, `questItem4`, `questItem5`, `questItem6`, `movementId`, `RegenHealth`, `equipment_id`, `mechanic_immune_mask`, `flags_extra`, `ScriptName`, `WDBVerified`) VALUES ( 52900, 0, 0, 0, 0, 0, 7618, 0, 0, 0, "Keeper Taldros", "", "", 0, 82, 82, 3, 35, 35, 0, 1.0, 1.14286, 1.0, 1, 381, 602, 0, 0, 2.4, 2000, 2000, 2, 0, 0, 0, 0, 0, 0, 0, 381, 602, 0, 7, 266240, 0, 0, 0, 0, 0, 0, 0, 0, 0, 0, 0, 0, 0, 0, 0, 0, 0, 0, 0, 0, 0, "", 0, 3, 10.0, 10.0, 1.0, 0, 0, 0, 0, 0, 0, 0, 0, 1, 0, 0, 0, "", "15595");
DELETE FROM creature_addon WHERE guid=321039;
INSERT INTO `creature_addon` VALUES ('321039', '321039', '0', '0', '1', '0', null);
DELETE FROM waypoint_data WHERE id=321039;
INSERT INTO `waypoint_data` VALUES ('321039', '1', '4448.15', '-2060.79', '1207.85', '0', '0', '0', '0', '100', '0', '0');
INSERT INTO `waypoint_data` VALUES ('321039', '2', '4449.55', '-2065.85', '1207.64', '0', '0', '0', '0', '100', '0', '0');
INSERT INTO `waypoint_data` VALUES ('321039', '3', '4452.78', '-2078.74', '1206.23', '0', '0', '0', '0', '100', '0', '0');
INSERT INTO `waypoint_data` VALUES ('321039', '4', '4455.21', '-2087.32', '1205.09', '0', '0', '0', '0', '100', '0', '0');
INSERT INTO `waypoint_data` VALUES ('321039', '5', '4457.4', '-2093.71', '1203.61', '0', '0', '0', '0', '100', '0', '0');
INSERT INTO `waypoint_data` VALUES ('321039', '6', '4463.17', '-2096.19', '1201.46', '0', '0', '0', '0', '100', '0', '0');
INSERT INTO `waypoint_data` VALUES ('321039', '7', '4468.22', '-2091.19', '1203.59', '0', '0', '0', '0', '100', '0', '0');
INSERT INTO `waypoint_data` VALUES ('321039', '8', '4468.95', '-2084.48', '1203.3', '0', '0', '0', '0', '100', '0', '0');
INSERT INTO `waypoint_data` VALUES ('321039', '9', '4466.71', '-2078.25', '1204.97', '0', '0', '0', '0', '100', '0', '0');
INSERT INTO `waypoint_data` VALUES ('321039', '10', '4465.64', '-2070.66', '1206.91', '0', '0', '0', '0', '100', '0', '0');
INSERT INTO `waypoint_data` VALUES ('321039', '11', '4465.62', '-2063.01', '1206.84', '0', '0', '0', '0', '100', '0', '0');
INSERT INTO `waypoint_data` VALUES ('321039', '12', '4463.07', '-2056.88', '1205.89', '0', '0', '0', '0', '100', '0', '0');
INSERT INTO `waypoint_data` VALUES ('321039', '13', '4458.87', '-2051.33', '1207.03', '0', '0', '0', '0', '100', '0', '0');
INSERT INTO `waypoint_data` VALUES ('321039', '14', '4453.52', '-2047.39', '1208.27', '0', '0', '0', '0', '100', '0', '0');
INSERT INTO `waypoint_data` VALUES ('321039', '15', '4450.05', '-2047.67', '1208.73', '0', '0', '0', '0', '100', '0', '0');
INSERT INTO `waypoint_data` VALUES ('321039', '16', '4446.94', '-2051.16', '1208.62', '0', '0', '0', '0', '100', '0', '0');
INSERT INTO `waypoint_data` VALUES ('321039', '17', '4447.66', '-2057.94', '1207.93', '0', '0', '0', '0', '100', '0', '0');

DELETE FROM `creature_template` WHERE `entry`=52844 LIMIT 1;
INSERT INTO `creature_template` ( `entry`, `difficulty_entry_1`, `difficulty_entry_2`, `difficulty_entry_3`, `KillCredit1`, `KillCredit2`, `modelid1`, `modelid2`, `modelid3`, `modelid4`, `name`, `subname`, `IconName`, `gossip_menu_id`, `minlevel`, `maxlevel`, `exp`, `faction_A`, `faction_H`, `npcflag`, `speed_walk`, `speed_run`, `scale`, `rank`, `mindmg`, `maxdmg`, `dmgschool`, `attackpower`, `dmg_multiplier`, `baseattacktime`, `rangeattacktime`, `unit_class`, `unit_flags`, `dynamicflags`, `family`, `trainer_type`, `trainer_spell`, `trainer_class`, `trainer_race`, `minrangedmg`, `maxrangedmg`, `rangedattackpower`, `type`, `type_flags`, `lootid`, `pickpocketloot`, `skinloot`, `resistance1`, `resistance2`, `resistance3`, `resistance4`, `resistance5`, `resistance6`, `spell1`, `spell2`, `spell3`, `spell4`, `spell5`, `spell6`, `spell7`, `spell8`, `PetSpellDataId`, `VehicleId`, `mingold`, `maxgold`, `AIName`, `MovementType`, `InhabitType`, `Health_mod`, `Mana_mod`, `Armor_mod`, `RacialLeader`, `questItem1`, `questItem2`, `questItem3`, `questItem4`, `questItem5`, `questItem6`, `movementId`, `RegenHealth`, `equipment_id`, `mechanic_immune_mask`, `flags_extra`, `ScriptName`, `WDBVerified`) VALUES ( 52844, 0, 0, 0, 0, 0, 20628, 0, 0, 0, "Captain Saynna Stormrunner", "", "", 0, 85, 85, 3, 35, 35, 2, 1.0, 1.14286, 1.0, 1, 811, 924, 0, 0, 2.2, 2000, 2000, 4, 0, 0, 0, 0, 0, 0, 0, 811, 924, 0, 7, 266240, 0, 0, 0, 0, 0, 0, 0, 0, 0, 97667, 97676, 97668, 0, 0, 0, 0, 0, 0, 0, 0, 0, "", 0, 3, 42.2874, 0.0, 1.0, 0, 0, 0, 0, 0, 0, 0, 0, 1, 0, 0, 0, "", "15595");

DELETE FROM `creature_template` WHERE `entry`=52898 LIMIT 1;
INSERT INTO `creature_template` ( `entry`, `difficulty_entry_1`, `difficulty_entry_2`, `difficulty_entry_3`, `KillCredit1`, `KillCredit2`, `modelid1`, `modelid2`, `modelid3`, `modelid4`, `name`, `subname`, `IconName`, `gossip_menu_id`, `minlevel`, `maxlevel`, `exp`, `faction_A`, `faction_H`, `npcflag`, `speed_walk`, `speed_run`, `scale`, `rank`, `mindmg`, `maxdmg`, `dmgschool`, `attackpower`, `dmg_multiplier`, `baseattacktime`, `rangeattacktime`, `unit_class`, `unit_flags`, `dynamicflags`, `family`, `trainer_type`, `trainer_spell`, `trainer_class`, `trainer_race`, `minrangedmg`, `maxrangedmg`, `rangedattackpower`, `type`, `type_flags`, `lootid`, `pickpocketloot`, `skinloot`, `resistance1`, `resistance2`, `resistance3`, `resistance4`, `resistance5`, `resistance6`, `spell1`, `spell2`, `spell3`, `spell4`, `spell5`, `spell6`, `spell7`, `spell8`, `PetSpellDataId`, `VehicleId`, `mingold`, `maxgold`, `AIName`, `MovementType`, `InhabitType`, `Health_mod`, `Mana_mod`, `Armor_mod`, `RacialLeader`, `questItem1`, `questItem2`, `questItem3`, `questItem4`, `questItem5`, `questItem6`, `movementId`, `RegenHealth`, `equipment_id`, `mechanic_immune_mask`, `flags_extra`, `ScriptName`, `WDBVerified`) VALUES ( 52898, 0, 0, 0, 0, 0, 37942, 0, 0, 0, "Avrilla", "", "", 0, 85, 85, 0, 35, 35, 0, 1.0, 1.14286, 1.0, 1, 458, 712, 0, 0, 1.8, 2000, 2000, 2, 0, 0, 0, 0, 0, 0, 0, 458, 712, 0, 7, 266240, 0, 0, 0, 0, 0, 0, 0, 0, 0, 0, 0, 0, 0, 0, 0, 0, 0, 0, 0, 0, 0, "", 0, 3, 10.0, 5.0, 1.0, 0, 0, 0, 0, 0, 0, 0, 0, 1, 0, 0, 0, "", "15595");

DELETE FROM `creature_template` WHERE `entry`=52903 LIMIT 1;
INSERT INTO `creature_template` ( `entry`, `difficulty_entry_1`, `difficulty_entry_2`, `difficulty_entry_3`, `KillCredit1`, `KillCredit2`, `modelid1`, `modelid2`, `modelid3`, `modelid4`, `name`, `subname`, `IconName`, `gossip_menu_id`, `minlevel`, `maxlevel`, `exp`, `faction_A`, `faction_H`, `npcflag`, `speed_walk`, `speed_run`, `scale`, `rank`, `mindmg`, `maxdmg`, `dmgschool`, `attackpower`, `dmg_multiplier`, `baseattacktime`, `rangeattacktime`, `unit_class`, `unit_flags`, `dynamicflags`, `family`, `trainer_type`, `trainer_spell`, `trainer_class`, `trainer_race`, `minrangedmg`, `maxrangedmg`, `rangedattackpower`, `type`, `type_flags`, `lootid`, `pickpocketloot`, `skinloot`, `resistance1`, `resistance2`, `resistance3`, `resistance4`, `resistance5`, `resistance6`, `spell1`, `spell2`, `spell3`, `spell4`, `spell5`, `spell6`, `spell7`, `spell8`, `PetSpellDataId`, `VehicleId`, `mingold`, `maxgold`, `AIName`, `MovementType`, `InhabitType`, `Health_mod`, `Mana_mod`, `Armor_mod`, `RacialLeader`, `questItem1`, `questItem2`, `questItem3`, `questItem4`, `questItem5`, `questItem6`, `movementId`, `RegenHealth`, `equipment_id`, `mechanic_immune_mask`, `flags_extra`, `ScriptName`, `WDBVerified`) VALUES ( 52903, 0, 0, 0, 0, 0, 31777, 0, 0, 0, "Tholo Whitehoof", "", "", 0, 1, 1, 3, 35, 35, 0, 1.0, 1.14286, 1.0, 1, 406, 521, 0, 0, 1.7, 2000, 2000, 2, 0, 0, 0, 0, 0, 0, 0, 406, 521, 0, 7, 4096, 0, 0, 0, 0, 0, 0, 0, 0, 0, 83017, 78907, 98994, 9739, 0, 0, 0, 0, 0, 0, 0, 0, "", 0, 3, 10.0, 5.0, 1.0, 0, 0, 0, 0, 0, 0, 0, 0, 1, 0, 0, 0, "", "15595");

DELETE FROM `creature_template` WHERE `entry`=52904 LIMIT 1;
INSERT INTO `creature_template` ( `entry`, `difficulty_entry_1`, `difficulty_entry_2`, `difficulty_entry_3`, `KillCredit1`, `KillCredit2`, `modelid1`, `modelid2`, `modelid3`, `modelid4`, `name`, `subname`, `IconName`, `gossip_menu_id`, `minlevel`, `maxlevel`, `exp`, `faction_A`, `faction_H`, `npcflag`, `speed_walk`, `speed_run`, `scale`, `rank`, `mindmg`, `maxdmg`, `dmgschool`, `attackpower`, `dmg_multiplier`, `baseattacktime`, `rangeattacktime`, `unit_class`, `unit_flags`, `dynamicflags`, `family`, `trainer_type`, `trainer_spell`, `trainer_class`, `trainer_race`, `minrangedmg`, `maxrangedmg`, `rangedattackpower`, `type`, `type_flags`, `lootid`, `pickpocketloot`, `skinloot`, `resistance1`, `resistance2`, `resistance3`, `resistance4`, `resistance5`, `resistance6`, `spell1`, `spell2`, `spell3`, `spell4`, `spell5`, `spell6`, `spell7`, `spell8`, `PetSpellDataId`, `VehicleId`, `mingold`, `maxgold`, `AIName`, `MovementType`, `InhabitType`, `Health_mod`, `Mana_mod`, `Armor_mod`, `RacialLeader`, `questItem1`, `questItem2`, `questItem3`, `questItem4`, `questItem5`, `questItem6`, `movementId`, `RegenHealth`, `equipment_id`, `mechanic_immune_mask`, `flags_extra`, `ScriptName`, `WDBVerified`) VALUES ( 52904, 0, 0, 0, 0, 0, 29213, 0, 0, 0, "Anren Shadowseeker", "", "", 0, 85, 85, 3, 35, 35, 0, 1.0, 1.14286, 1.0, 1, 477, 604, 0, 0, 1.5, 2000, 2000, 2, 0, 0, 0, 0, 0, 0, 0, 477, 604, 0, 7, 4096, 0, 0, 0, 0, 0, 0, 0, 0, 0, 83017, 78907, 98994, 9739, 0, 0, 0, 0, 0, 0, 0, 0, "", 0, 3, 1.689, 3.5869, 1.0, 0, 0, 0, 0, 0, 0, 0, 0, 1, 0, 0, 0, "", "15595");

DELETE FROM creature_addon WHERE guid=141639;
INSERT INTO `creature_addon` VALUES ('141639', '141639', '0', '0', '1', '0', null);
DELETE FROM waypoint_data WHERE id=141639;
INSERT INTO `waypoint_data` VALUES ('141639', '1', '4481.3', '-1995.73', '1211.32', '0', '0', '0', '0', '100', '0', '0');
INSERT INTO `waypoint_data` VALUES ('141639', '2', '4452.88', '-1994.33', '1215.39', '0', '0', '0', '0', '100', '0', '0');
INSERT INTO `waypoint_data` VALUES ('141639', '3', '4438.34', '-1994.44', '1216.79', '0', '0', '0', '0', '100', '0', '0');
INSERT INTO `waypoint_data` VALUES ('141639', '4', '4430.19', '-2003.55', '1216.4', '0', '0', '0', '0', '100', '0', '0');
INSERT INTO `waypoint_data` VALUES ('141639', '5', '4435.08', '-2017.93', '1213.29', '0', '0', '0', '0', '100', '0', '0');
INSERT INTO `waypoint_data` VALUES ('141639', '6', '4444.64', '-2028.04', '1210.97', '0', '0', '0', '0', '100', '0', '0');
INSERT INTO `waypoint_data` VALUES ('141639', '7', '4451.75', '-2037.8', '1209.92', '0', '0', '0', '0', '100', '0', '0');
INSERT INTO `waypoint_data` VALUES ('141639', '8', '4464.84', '-2038.85', '1209.12', '0', '0', '0', '0', '100', '0', '0');
INSERT INTO `waypoint_data` VALUES ('141639', '9', '4500.07', '-2023.32', '1204.57', '0', '0', '0', '0', '100', '0', '0');
INSERT INTO `waypoint_data` VALUES ('141639', '10', '4506.92', '-2015.08', '1205.89', '0', '0', '0', '0', '100', '0', '0');
INSERT INTO `waypoint_data` VALUES ('141639', '11', '4509.06', '-2005.33', '1208.11', '0', '0', '0', '0', '100', '0', '0');
INSERT INTO `waypoint_data` VALUES ('141639', '12', '4499.58', '-1999.95', '1209.59', '0', '0', '0', '0', '100', '0', '0');
INSERT INTO `waypoint_data` VALUES ('141639', '13', '4482.33', '-1995.9', '1211.1', '0', '0', '0', '0', '100', '0', '0');

DELETE FROM creature_addon WHERE guid=7235928;
