UPDATE creature_template SET speed_walk=2 WHERE entry=34851;
UPDATE creature_template SET speed_run=2.5 WHERE entry=34851;

DELETE FROM creature WHERE guid IN (7236440,321033,7236432,321034,7236433,321035,321036,7236429,321037,7236426,7236430,321038,7236427,7236428,7236431);
INSERT INTO `creature` VALUES ('321033', '34851', '638', '0', '0', '1', '1', '0', '0', '-1458.68', '1418.54', '35.6392', '1.02974', '300', '0', '0', '42', '0', '2', '0', '0', '0');
INSERT INTO `waypoint_data` VALUES ('321033', '1', '-1456.55', '1418.72', '35.5561', '0', '0', '0', '0', '100', '0', '0');
INSERT INTO `waypoint_data` VALUES ('321033', '2', '-1453.16', '1418.6', '35.5561', '0', '0', '0', '0', '100', '0', '0');
INSERT INTO `waypoint_data` VALUES ('321033', '3', '-1451.65', '1418.53', '35.5561', '0', '0', '0', '0', '100', '0', '0');
INSERT INTO `waypoint_data` VALUES ('321033', '4', '-1451.01', '1411.92', '35.5561', '0', '0', '0', '0', '100', '0', '0');
INSERT INTO `waypoint_data` VALUES ('321033', '5', '-1451.68', '1405.85', '35.5561', '0', '0', '0', '0', '100', '0', '0');
INSERT INTO `waypoint_data` VALUES ('321033', '6', '-1455.24', '1403.01', '35.5561', '0', '0', '0', '0', '100', '0', '0');
INSERT INTO `waypoint_data` VALUES ('321033', '7', '-1461.32', '1401', '35.5561', '0', '0', '0', '0', '100', '0', '0');
INSERT INTO `waypoint_data` VALUES ('321033', '8', '-1467.12', '1400.92', '35.556', '0', '0', '0', '0', '100', '0', '0');
INSERT INTO `waypoint_data` VALUES ('321033', '9', '-1470.62', '1401.04', '35.556', '0', '0', '0', '0', '100', '0', '0');
INSERT INTO `waypoint_data` VALUES ('321033', '10', '-1474.11', '1401.24', '35.556', '0', '0', '0', '0', '100', '0', '0');
INSERT INTO `waypoint_data` VALUES ('321033', '11', '-1480.28', '1401.68', '35.556', '0', '0', '0', '0', '100', '0', '0');
INSERT INTO `waypoint_data` VALUES ('321033', '12', '-1483.18', '1403.06', '35.556', '0', '0', '0', '0', '100', '0', '0');
INSERT INTO `waypoint_data` VALUES ('321033', '13', '-1485.42', '1405.84', '35.556', '0', '0', '0', '0', '100', '0', '0');
INSERT INTO `waypoint_data` VALUES ('321033', '14', '-1486.65', '1411.74', '35.556', '0', '0', '0', '0', '100', '0', '0');
INSERT INTO `waypoint_data` VALUES ('321033', '15', '-1483.94', '1416.79', '35.556', '0', '0', '0', '0', '100', '0', '0');
INSERT INTO `waypoint_data` VALUES ('321033', '16', '-1481.25', '1417.42', '35.556', '0', '0', '0', '0', '100', '0', '0');
INSERT INTO `waypoint_data` VALUES ('321033', '17', '-1474.31', '1418.33', '35.556', '0', '0', '0', '0', '100', '0', '0');
INSERT INTO `waypoint_data` VALUES ('321033', '18', '-1467.8', '1418.7', '35.556', '0', '0', '0', '0', '100', '0', '0');
INSERT INTO `waypoint_data` VALUES ('321033', '19', '-1462.56', '1418.41', '35.556', '0', '0', '0', '0', '100', '0', '0');
INSERT INTO `waypoint_data` VALUES ('321033', '20', '-1458.7', '1418.37', '35.556', '0', '0', '0', '0', '100', '0', '0');

INSERT INTO `creature` VALUES ('321034', '34851', '638', '0', '0', '1', '1', '0', '0', '-1566.02', '1390.83', '36.0863', '0.0872665', '0', '0', '42', '0', '0', '2', '0', '0', '0');
INSERT INTO `waypoint_data` VALUES ('321034', '1', '-1563.16', '1390.79', '35.8612', '0', '0', '0', '0', '100', '0', '0');
INSERT INTO `waypoint_data` VALUES ('321034', '2', '-1560.49', '1390.55', '35.7583', '0', '0', '0', '0', '100', '0', '0');
INSERT INTO `waypoint_data` VALUES ('321034', '3', '-1555.47', '1390.65', '35.6089', '0', '0', '0', '0', '100', '0', '0');
INSERT INTO `waypoint_data` VALUES ('321034', '4', '-1550.21', '1391.57', '35.5565', '0', '0', '0', '0', '100', '0', '0');
INSERT INTO `waypoint_data` VALUES ('321034', '5', '-1541.8', '1394.69', '35.5562', '0', '0', '0', '0', '100', '0', '0');
INSERT INTO `waypoint_data` VALUES ('321034', '6', '-1537.62', '1399.83', '35.5562', '0', '0', '0', '0', '100', '0', '0');
INSERT INTO `waypoint_data` VALUES ('321034', '7', '-1538.66', '1402.67', '35.5562', '0', '0', '0', '0', '100', '0', '0');
INSERT INTO `waypoint_data` VALUES ('321034', '8', '-1540.3', '1411.5', '35.5562', '0', '0', '0', '0', '100', '0', '0');
INSERT INTO `waypoint_data` VALUES ('321034', '9', '-1538.72', '1416.27', '35.5562', '0', '0', '0', '0', '100', '0', '0');
INSERT INTO `waypoint_data` VALUES ('321034', '10', '-1538.86', '1423.13', '35.5562', '0', '0', '0', '0', '100', '0', '0');
INSERT INTO `waypoint_data` VALUES ('321034', '11', '-1542.03', '1428.44', '35.5562', '0', '0', '0', '0', '100', '0', '0');
INSERT INTO `waypoint_data` VALUES ('321034', '12', '-1546.1', '1431.35', '35.5562', '0', '0', '0', '0', '100', '0', '0');
INSERT INTO `waypoint_data` VALUES ('321034', '13', '-1553.43', '1434.83', '35.7932', '0', '0', '0', '0', '100', '0', '0');
INSERT INTO `waypoint_data` VALUES ('321034', '14', '-1557.08', '1432.15', '35.7717', '0', '0', '0', '0', '100', '0', '0');
INSERT INTO `waypoint_data` VALUES ('321034', '15', '-1558.94', '1428.17', '35.736', '0', '0', '0', '0', '100', '0', '0');
INSERT INTO `waypoint_data` VALUES ('321034', '16', '-1559.77', '1422.4', '35.7174', '0', '0', '0', '0', '100', '0', '0');
INSERT INTO `waypoint_data` VALUES ('321034', '17', '-1559.69', '1410.27', '35.9514', '0', '0', '0', '0', '100', '0', '0');
INSERT INTO `waypoint_data` VALUES ('321034', '18', '-1559.61', '1402.71', '36.1676', '0', '0', '0', '0', '100', '0', '0');
INSERT INTO `waypoint_data` VALUES ('321034', '19', '-1560.48', '1399.37', '35.7742', '0', '0', '0', '0', '100', '0', '0');
INSERT INTO `waypoint_data` VALUES ('321034', '20', '-1564.21', '1396.38', '35.9149', '0', '0', '0', '0', '100', '0', '0');
INSERT INTO `waypoint_data` VALUES ('321034', '21', '-1572.85', '1394.42', '36.3714', '0', '0', '0', '0', '100', '0', '0');
INSERT INTO `waypoint_data` VALUES ('321034', '22', '-1573.89', '1391.98', '36.4969', '0', '0', '0', '0', '100', '0', '0');
INSERT INTO `waypoint_data` VALUES ('321034', '23', '-1565.92', '1390.77', '35.9969', '0', '0', '0', '0', '100', '0', '0');

INSERT INTO `creature` VALUES ('321035', '34851', '638', '0', '0', '1', '1', '0', '0', '-1557.66', '1333.98', '35.6392', '1.43117', '0', '0', '42', '0', '0', '2', '0', '0', '0');
INSERT INTO `waypoint_data` VALUES ('321035', '1', '-1557.31', '1335.84', '35.5565', '0', '0', '0', '0', '100', '0', '0');
INSERT INTO `waypoint_data` VALUES ('321035', '2', '-1556.81', '1337.88', '35.5565', '0', '0', '0', '0', '100', '0', '0');
INSERT INTO `waypoint_data` VALUES ('321035', '3', '-1556.46', '1341.13', '35.5565', '0', '0', '0', '0', '100', '0', '0');
INSERT INTO `waypoint_data` VALUES ('321035', '4', '-1556.36', '1348.46', '35.5565', '0', '0', '0', '0', '100', '0', '0');
INSERT INTO `waypoint_data` VALUES ('321035', '5', '-1557.23', '1353.87', '35.5565', '0', '0', '0', '0', '100', '0', '0');
INSERT INTO `waypoint_data` VALUES ('321035', '6', '-1560.41', '1356.52', '35.5565', '0', '0', '0', '0', '100', '0', '0');
INSERT INTO `waypoint_data` VALUES ('321035', '7', '-1565.87', '1359.42', '35.5586', '0', '0', '0', '0', '100', '0', '0');
INSERT INTO `waypoint_data` VALUES ('321035', '8', '-1571.61', '1361.69', '35.5787', '0', '0', '0', '0', '100', '0', '0');
INSERT INTO `waypoint_data` VALUES ('321035', '9', '-1576.83', '1361.86', '35.9999', '0', '0', '0', '0', '100', '0', '0');
INSERT INTO `waypoint_data` VALUES ('321035', '10', '-1583.07', '1361.95', '35.9999', '0', '0', '0', '0', '100', '0', '0');
INSERT INTO `waypoint_data` VALUES ('321035', '11', '-1584.37', '1366.05', '35.7685', '0', '0', '0', '0', '100', '0', '0');
INSERT INTO `waypoint_data` VALUES ('321035', '12', '-1579.08', '1367.28', '35.8999', '0', '0', '0', '0', '100', '0', '0');
INSERT INTO `waypoint_data` VALUES ('321035', '13', '-1574.09', '1367.7', '35.9275', '0', '0', '0', '0', '100', '0', '0');
INSERT INTO `waypoint_data` VALUES ('321035', '14', '-1565.82', '1367.5', '35.9391', '0', '0', '0', '0', '100', '0', '0');
INSERT INTO `waypoint_data` VALUES ('321035', '15', '-1560.81', '1366.12', '35.7635', '0', '0', '0', '0', '100', '0', '0');
INSERT INTO `waypoint_data` VALUES ('321035', '16', '-1553.36', '1362.25', '35.5559', '0', '0', '0', '0', '100', '0', '0');
INSERT INTO `waypoint_data` VALUES ('321035', '17', '-1548.36', '1358.29', '35.5559', '0', '0', '0', '0', '100', '0', '0');
INSERT INTO `waypoint_data` VALUES ('321035', '18', '-1544.05', '1352.42', '35.818', '0', '0', '0', '0', '100', '0', '0');
INSERT INTO `waypoint_data` VALUES ('321035', '19', '-1543.66', '1347.94', '35.7882', '0', '0', '0', '0', '100', '0', '0');
INSERT INTO `waypoint_data` VALUES ('321035', '20', '-1544.75', '1341.63', '35.557', '0', '0', '0', '0', '100', '0', '0');
INSERT INTO `waypoint_data` VALUES ('321035', '21', '-1546.36', '1334.9', '35.557', '0', '0', '0', '0', '100', '0', '0');
INSERT INTO `waypoint_data` VALUES ('321035', '22', '-1549.43', '1331.42', '35.557', '0', '0', '0', '0', '100', '0', '0');
INSERT INTO `waypoint_data` VALUES ('321035', '23', '-1554.33', '1329.65', '35.557', '0', '0', '0', '0', '100', '0', '0');
INSERT INTO `waypoint_data` VALUES ('321035', '24', '-1557.93', '1331.89', '35.557', '0', '0', '0', '0', '100', '0', '0');
INSERT INTO `waypoint_data` VALUES ('321035', '25', '-1557.79', '1333.74', '35.557', '0', '0', '0', '0', '100', '0', '0');

INSERT INTO `creature` VALUES ('321036', '34851', '638', '0', '0', '1', '1', '0', '0', '-1475.92', '1355.62', '35.6393', '5.58505', '0', '0', '42', '0', '0', '2', '0', '0', '0');
INSERT INTO `waypoint_data` VALUES ('321036', '1', '-1475.32', '1353.7', '35.5559', '0', '0', '0', '0', '100', '0', '0');
INSERT INTO `waypoint_data` VALUES ('321036', '2', '-1474.63', '1351.35', '35.5559', '0', '0', '0', '0', '100', '0', '0');
INSERT INTO `waypoint_data` VALUES ('321036', '3', '-1471.13', '1346.14', '35.5559', '0', '0', '0', '0', '100', '0', '0');
INSERT INTO `waypoint_data` VALUES ('321036', '4', '-1466.39', '1345.97', '35.5559', '0', '0', '0', '0', '100', '0', '0');
INSERT INTO `waypoint_data` VALUES ('321036', '5', '-1462.06', '1347.92', '35.5559', '0', '0', '0', '0', '100', '0', '0');
INSERT INTO `waypoint_data` VALUES ('321036', '6', '-1456.67', '1350.94', '35.5559', '0', '0', '0', '0', '100', '0', '0');
INSERT INTO `waypoint_data` VALUES ('321036', '7', '-1451.97', '1353', '35.5559', '0', '0', '0', '0', '100', '0', '0');
INSERT INTO `waypoint_data` VALUES ('321036', '8', '-1446.67', '1356.86', '35.5559', '0', '0', '0', '0', '100', '0', '0');
INSERT INTO `waypoint_data` VALUES ('321036', '9', '-1445.34', '1360.77', '35.5559', '0', '0', '0', '0', '100', '0', '0');
INSERT INTO `waypoint_data` VALUES ('321036', '10', '-1443.6', '1367.13', '35.5559', '0', '0', '0', '0', '100', '0', '0');
INSERT INTO `waypoint_data` VALUES ('321036', '11', '-1442.6', '1372.99', '35.5559', '0', '0', '0', '0', '100', '0', '0');
INSERT INTO `waypoint_data` VALUES ('321036', '12', '-1444.23', '1379.53', '35.5559', '0', '0', '0', '0', '100', '0', '0');
INSERT INTO `waypoint_data` VALUES ('321036', '13', '-1449.12', '1382.1', '35.558', '0', '0', '0', '0', '100', '0', '0');
INSERT INTO `waypoint_data` VALUES ('321036', '14', '-1453.85', '1380.31', '35.9682', '0', '0', '0', '0', '100', '0', '0');
INSERT INTO `waypoint_data` VALUES ('321036', '15', '-1459.47', '1374.72', '36.0068', '0', '0', '0', '0', '100', '0', '0');
INSERT INTO `waypoint_data` VALUES ('321036', '16', '-1460.56', '1372.2', '36.0052', '0', '0', '0', '0', '100', '0', '0');
INSERT INTO `waypoint_data` VALUES ('321036', '17', '-1461.7', '1360.24', '35.556', '0', '0', '0', '0', '100', '0', '0');
INSERT INTO `waypoint_data` VALUES ('321036', '18', '-1464.51', '1354.02', '35.556', '0', '0', '0', '0', '100', '0', '0');
INSERT INTO `waypoint_data` VALUES ('321036', '19', '-1470.55', '1352.94', '35.556', '0', '0', '0', '0', '100', '0', '0');
INSERT INTO `waypoint_data` VALUES ('321036', '20', '-1476.28', '1357.83', '35.556', '0', '0', '0', '0', '100', '0', '0');
INSERT INTO `waypoint_data` VALUES ('321036', '21', '-1476.06', '1355.76', '35.556', '0', '0', '0', '0', '100', '0', '0');

INSERT INTO `creature` VALUES ('321037', '34851', '638', '0', '0', '1', '1', '0', '0', '-1432.88', '1431.65', '35.6393', '3.56047', '0', '0', '42', '0', '0', '2', '0', '0', '0');
INSERT INTO `waypoint_data` VALUES ('321037', '1', '-1472.9', '1434.28', '35.7134', '0', '0', '0', '0', '100', '0', '0');
INSERT INTO `waypoint_data` VALUES ('321037', '2', '-1472.4', '1432.48', '35.5563', '0', '0', '0', '0', '100', '0', '0');
INSERT INTO `waypoint_data` VALUES ('321037', '3', '-1470.36', '1427.36', '35.5563', '0', '0', '0', '0', '100', '0', '0');
INSERT INTO `waypoint_data` VALUES ('321037', '4', '-1466.29', '1422.11', '35.5563', '0', '0', '0', '0', '100', '0', '0');
INSERT INTO `waypoint_data` VALUES ('321037', '5', '-1460.82', '1418.61', '35.5563', '0', '0', '0', '0', '100', '0', '0');
INSERT INTO `waypoint_data` VALUES ('321037', '6', '-1452.92', '1417.12', '35.5563', '0', '0', '0', '0', '100', '0', '0');
INSERT INTO `waypoint_data` VALUES ('321037', '7', '-1439.1', '1415.96', '35.5563', '0', '0', '0', '0', '100', '0', '0');
INSERT INTO `waypoint_data` VALUES ('321037', '8', '-1428.97', '1415.87', '35.5562', '0', '0', '0', '0', '100', '0', '0');
INSERT INTO `waypoint_data` VALUES ('321037', '9', '-1424.43', '1419.04', '35.5562', '0', '0', '0', '0', '100', '0', '0');
INSERT INTO `waypoint_data` VALUES ('321037', '10', '-1425.18', '1422.29', '35.5562', '0', '0', '0', '0', '100', '0', '0');
INSERT INTO `waypoint_data` VALUES ('321037', '11', '-1428.46', '1427.5', '35.7711', '0', '0', '0', '0', '100', '0', '0');
INSERT INTO `waypoint_data` VALUES ('321037', '12', '-1432.86', '1431.51', '35.5908', '0', '0', '0', '0', '100', '0', '0');

INSERT INTO `creature` VALUES ('321038', '34851', '638', '0', '0', '1', '1', '0', '0', '-1398.11', '1431.06', '35.6393', '3.1765', '0', '0', '42', '0', '0', '2', '0', '0', '0');
INSERT INTO `waypoint_data` VALUES ('321038', '1', '-1401.05', '1431.24', '35.5559', '0', '0', '0', '0', '100', '0', '0');
INSERT INTO `waypoint_data` VALUES ('321038', '2', '-1403.02', '1431.1', '35.5559', '0', '0', '0', '0', '100', '0', '0');
INSERT INTO `waypoint_data` VALUES ('321038', '3', '-1406.17', '1428.76', '35.5559', '0', '0', '0', '0', '100', '0', '0');
INSERT INTO `waypoint_data` VALUES ('321038', '4', '-1407.35', '1424.37', '35.5559', '0', '0', '0', '0', '100', '0', '0');
INSERT INTO `waypoint_data` VALUES ('321038', '5', '-1409.05', '1415.8', '35.6356', '0', '0', '0', '0', '100', '0', '0');
INSERT INTO `waypoint_data` VALUES ('321038', '6', '-1409.67', '1408.71', '36.0051', '0', '0', '0', '0', '100', '0', '0');
INSERT INTO `waypoint_data` VALUES ('321038', '7', '-1409.87', '1389.7', '36.002', '0', '0', '0', '0', '100', '0', '0');
INSERT INTO `waypoint_data` VALUES ('321038', '8', '-1408.59', '1382.09', '35.999', '0', '0', '0', '0', '100', '0', '0');
INSERT INTO `waypoint_data` VALUES ('321038', '9', '-1401.21', '1378.57', '35.556', '0', '0', '0', '0', '100', '0', '0');
INSERT INTO `waypoint_data` VALUES ('321038', '10', '-1399.66', '1382.55', '35.556', '0', '0', '0', '0', '100', '0', '0');
INSERT INTO `waypoint_data` VALUES ('321038', '11', '-1398.56', '1389.22', '35.8567', '0', '0', '0', '0', '100', '0', '0');
INSERT INTO `waypoint_data` VALUES ('321038', '12', '-1398.21', '1395.39', '35.9625', '0', '0', '0', '0', '100', '0', '0');
INSERT INTO `waypoint_data` VALUES ('321038', '13', '-1397.9', '1428.86', '35.9611', '0', '0', '0', '0', '100', '0', '0');
INSERT INTO `waypoint_data` VALUES ('321038', '14', '-1397.82', '1430.87', '35.9615', '0', '0', '0', '0', '100', '0', '0');

DELETE FROM creature_addon WHERE guid IN (321033,321034,321035,321036,321037,321038);

INSERT INTO `creature_addon` VALUES ('321033', '321033', '0', '0', '1', '0', null);
INSERT INTO `creature_addon` VALUES ('321034', '321034', '0', '0', '1', '0', null);
INSERT INTO `creature_addon` VALUES ('321035', '321035', '0', '0', '1', '0', null);
INSERT INTO `creature_addon` VALUES ('321036', '321036', '0', '0', '1', '0', null);
INSERT INTO `creature_addon` VALUES ('321037', '321037', '0', '0', '1', '0', null);
INSERT INTO `creature_addon` VALUES ('321038', '321038', '0', '0', '1', '0', null);

UPDATE quest_template SET RequiredNpcOrGo1=-195327 WHERE id=14098;
DELETE FROM creature_template_addon WHERE entry=46647;
INSERT INTO `creature_template_addon` VALUES ('46647', '0', '0', '0', '1', '0', '');

DELETE FROM conditions WHERE SourceGroup=9499 AND  SourceEntry=11146;

DELETE FROM creature_text WHERE entry=34850;
INSERT INTO `creature_text` VALUES ('34850', '0', '0', 'I want the perimeter secured and the gates manned by two guards at all times. No one gets in, no one gets out.', '12', '0', '50', '0', '0', '19615', 'Text 1');
INSERT INTO `creature_text` VALUES ('34850', '1', '1', 'We protected Gilneas from the Scourge. We protected Gilneas during the Northgate rebellion. We will protect Gilneas from whatever this new threat may be.', '12', '0', '50', '0', '0', '19616', 'Text 2');
INSERT INTO `creature_text` VALUES ('34850', '2', '2', 'Stand ready, guards! We don\'t know how many intruders we\'re dealing with, but the Headlands are overrun and we\'re cut off from the harbor towns. Expect to be outnumbered.', '12', '0', '50', '0', '0', '19614', 'Text 3');
