DELETE FROM creature_addon WHERE guid=320878;
INSERT INTO `creature_addon` VALUES ('320878', '320878', '0', '0', '0', '0', '');
DELETE FROM waypoint_data WHERE id=320878;
INSERT INTO `waypoint_data` VALUES ('320878', '1', '2261.31', '309.999', '33.3899', '0', '0', '0', '0', '100', '0', '0');
INSERT INTO `waypoint_data` VALUES ('320878', '2', '2260.11', '310.707', '33.3915', '0', '0', '0', '0', '100', '0', '0');
INSERT INTO `waypoint_data` VALUES ('320878', '3', '2257.09', '312.485', '33.4797', '0', '0', '0', '0', '100', '0', '0');
INSERT INTO `waypoint_data` VALUES ('320878', '4', '2254.11', '314.304', '33.6909', '0', '0', '0', '0', '100', '0', '0');
INSERT INTO `waypoint_data` VALUES ('320878', '5', '2251.56', '315.961', '34.8033', '0', '0', '0', '0', '100', '0', '0');
INSERT INTO `waypoint_data` VALUES ('320878', '6', '2245.81', '319.502', '34.2339', '0', '0', '0', '0', '100', '0', '0');
INSERT INTO `waypoint_data` VALUES ('320878', '7', '2242.36', '321.203', '33.8951', '0', '0', '0', '0', '100', '0', '0');
INSERT INTO `waypoint_data` VALUES ('320878', '8', '2242.36', '321.203', '33.8951', '0', '0', '0', '0', '100', '0', '0');
INSERT INTO `waypoint_data` VALUES ('320878', '9', '2242.6', '318.604', '34.0649', '0', '0', '0', '0', '100', '0', '0');
INSERT INTO `waypoint_data` VALUES ('320878', '10', '2244.53', '318.252', '34.232', '0', '0', '0', '0', '100', '0', '0');
INSERT INTO `waypoint_data` VALUES ('320878', '11', '2249.28', '317.168', '34.7255', '0', '0', '0', '0', '100', '0', '0');
INSERT INTO `waypoint_data` VALUES ('320878', '12', '2253.99', '314.396', '33.6908', '0', '0', '0', '0', '100', '0', '0');
INSERT INTO `waypoint_data` VALUES ('320878', '13', '2257.5', '311.688', '33.5087', '0', '0', '0', '0', '100', '0', '0');
INSERT INTO `waypoint_data` VALUES ('320878', '14', '2260.12', '307.327', '33.5378', '0', '0', '0', '0', '100', '0', '0');
INSERT INTO `waypoint_data` VALUES ('320878', '15', '2260.56', '303.167', '33.4522', '0', '0', '0', '0', '100', '0', '0');
INSERT INTO `waypoint_data` VALUES ('320878', '16', '2259.28', '296.894', '33.3875', '0', '0', '0', '0', '100', '0', '0');
INSERT INTO `waypoint_data` VALUES ('320878', '17', '2258.14', '293.586', '33.4082', '0', '0', '0', '0', '100', '0', '0');
INSERT INTO `waypoint_data` VALUES ('320878', '18', '2257.08', '290.501', '33.3854', '0', '0', '0', '0', '100', '0', '0');
INSERT INTO `waypoint_data` VALUES ('320878', '19', '2261.81', '287.174', '33.4275', '0', '0', '0', '0', '100', '0', '0');
INSERT INTO `waypoint_data` VALUES ('320878', '20', '2265.77', '286.197', '33.6915', '0', '0', '0', '0', '100', '0', '0');
INSERT INTO `waypoint_data` VALUES ('320878', '21', '2269.24', '285.772', '33.7004', '0', '0', '0', '0', '100', '0', '0');
INSERT INTO `waypoint_data` VALUES ('320878', '22', '2275.71', '284.922', '34.0547', '0', '0', '0', '0', '100', '0', '0');
INSERT INTO `waypoint_data` VALUES ('320878', '23', '2277.99', '284.403', '33.9873', '0', '0', '0', '0', '100', '0', '0');
INSERT INTO `waypoint_data` VALUES ('320878', '24', '2283.31', '283.114', '33.2439', '0', '0', '0', '0', '100', '0', '0');
INSERT INTO `waypoint_data` VALUES ('320878', '25', '2285.15', '282.774', '33.2453', '0', '0', '0', '0', '100', '0', '0');
INSERT INTO `waypoint_data` VALUES ('320878', '26', '2289.29', '282.055', '33.2439', '0', '0', '0', '0', '100', '0', '0');
INSERT INTO `waypoint_data` VALUES ('320878', '27', '2292.74', '281.456', '33.2168', '0', '0', '0', '0', '100', '0', '0');
INSERT INTO `waypoint_data` VALUES ('320878', '28', '2295.58', '280.078', '33.2657', '0', '0', '0', '0', '100', '0', '0');
INSERT INTO `waypoint_data` VALUES ('320878', '29', '2292.38', '280.477', '33.2146', '0', '0', '0', '0', '100', '0', '0');
INSERT INTO `waypoint_data` VALUES ('320878', '30', '2286.64', '282.048', '33.2445', '0', '0', '0', '0', '100', '0', '0');
INSERT INTO `waypoint_data` VALUES ('320878', '31', '2281.83', '283.469', '33.2436', '0', '0', '0', '0', '100', '0', '0');
INSERT INTO `waypoint_data` VALUES ('320878', '32', '2278.45', '284.375', '33.8433', '0', '0', '0', '0', '100', '0', '0');
INSERT INTO `waypoint_data` VALUES ('320878', '33', '2270.33', '286.521', '33.7248', '0', '0', '0', '0', '100', '0', '0');
INSERT INTO `waypoint_data` VALUES ('320878', '34', '2267.5', '287.828', '33.6907', '0', '0', '0', '0', '100', '0', '0');
INSERT INTO `waypoint_data` VALUES ('320878', '35', '2263.72', '291.724', '33.6907', '0', '0', '0', '0', '100', '0', '0');
INSERT INTO `waypoint_data` VALUES ('320878', '36', '2263.87', '295.778', '33.6907', '0', '0', '0', '0', '100', '0', '0');
INSERT INTO `waypoint_data` VALUES ('320878', '37', '2266.3', '302.51', '33.5959', '0', '0', '0', '0', '100', '0', '0');
INSERT INTO `waypoint_data` VALUES ('320878', '38', '2265.93', '303.238', '33.5331', '0', '0', '0', '0', '100', '0', '0');
INSERT INTO `waypoint_data` VALUES ('320878', '39', '2263', '306.703', '33.3901', '0', '0', '0', '0', '100', '0', '0');
INSERT INTO `waypoint_data` VALUES ('320878', '40', '2259.17', '309.926', '33.5149', '0', '0', '0', '0', '100', '0', '0');
INSERT INTO `waypoint_data` VALUES ('320878', '41', '2256.86', '311.518', '33.5662', '0', '0', '0', '0', '100', '0', '0');
INSERT INTO `waypoint_data` VALUES ('320878', '42', '2252.37', '314.458', '34.2124', '0', '0', '0', '0', '100', '0', '0');
INSERT INTO `waypoint_data` VALUES ('320878', '43', '2247.98', '316.879', '34.6192', '0', '0', '0', '0', '100', '0', '0');
INSERT INTO `waypoint_data` VALUES ('320878', '44', '2243.77', '319.127', '34.2339', '0', '0', '0', '0', '100', '0', '0');
INSERT INTO `waypoint_data` VALUES ('320878', '45', '2243.65', '320.725', '34.0643', '0', '0', '0', '0', '100', '0', '0');
INSERT INTO `waypoint_data` VALUES ('320878', '46', '2246.45', '321.108', '34.2323', '0', '0', '0', '0', '100', '0', '0');
INSERT INTO `waypoint_data` VALUES ('320878', '47', '2249.96', '317.971', '34.7478', '0', '0', '0', '0', '100', '0', '0');
INSERT INTO `waypoint_data` VALUES ('320878', '48', '2253.84', '315.389', '33.6908', '0', '0', '0', '0', '100', '0', '0');
INSERT INTO `waypoint_data` VALUES ('320878', '49', '2256.88', '313.915', '33.5972', '0', '0', '0', '0', '100', '0', '0');
INSERT INTO `waypoint_data` VALUES ('320878', '50', '2263.62', '311.354', '33.39', '0', '0', '0', '0', '100', '0', '0');
INSERT INTO `waypoint_data` VALUES ('320878', '51', '2267.58', '311.966', '33.39', '0', '0', '0', '0', '100', '0', '0');
INSERT INTO `waypoint_data` VALUES ('320878', '52', '2271.2', '316.282', '33.54', '0', '0', '0', '0', '100', '0', '0');
INSERT INTO `waypoint_data` VALUES ('320878', '53', '2273.2', '320.489', '33.4657', '0', '0', '0', '0', '100', '0', '0');
INSERT INTO `waypoint_data` VALUES ('320878', '54', '2276.11', '324.579', '33.4545', '0', '0', '0', '0', '100', '0', '0');
INSERT INTO `waypoint_data` VALUES ('320878', '55', '2276.61', '325.503', '33.487', '0', '0', '0', '0', '100', '0', '0');
INSERT INTO `waypoint_data` VALUES ('320878', '56', '2279.04', '333.152', '33.4173', '0', '0', '0', '0', '100', '0', '0');
INSERT INTO `waypoint_data` VALUES ('320878', '57', '2278.65', '336.833', '33.4144', '0', '0', '0', '0', '100', '0', '0');
INSERT INTO `waypoint_data` VALUES ('320878', '58', '2277.22', '340.507', '33.5602', '0', '0', '0', '0', '100', '0', '0');
INSERT INTO `waypoint_data` VALUES ('320878', '59', '2272.31', '341.48', '33.5745', '0', '0', '0', '0', '100', '0', '0');
INSERT INTO `waypoint_data` VALUES ('320878', '60', '2269.08', '338.337', '33.5745', '0', '0', '0', '0', '100', '0', '0');
INSERT INTO `waypoint_data` VALUES ('320878', '61', '2268.32', '334.37', '33.5745', '0', '0', '0', '0', '100', '0', '0');
INSERT INTO `waypoint_data` VALUES ('320878', '62', '2268.96', '329.161', '33.5745', '0', '0', '0', '0', '100', '0', '0');
INSERT INTO `waypoint_data` VALUES ('320878', '63', '2269.55', '325.711', '33.5745', '0', '0', '0', '0', '100', '0', '0');
INSERT INTO `waypoint_data` VALUES ('320878', '64', '2269.74', '318.73', '33.5745', '0', '0', '0', '0', '100', '0', '0');
INSERT INTO `waypoint_data` VALUES ('320878', '65', '2266.28', '315.378', '33.5387', '0', '0', '0', '0', '100', '0', '0');
INSERT INTO `waypoint_data` VALUES ('320878', '66', '2263.77', '314.888', '33.5723', '0', '0', '0', '0', '100', '0', '0');
INSERT INTO `waypoint_data` VALUES ('320878', '67', '2260.34', '311.156', '33.3913', '0', '0', '0', '0', '100', '0', '0');
INSERT INTO `waypoint_data` VALUES ('320878', '68', '2262.54', '308.756', '33.3899', '0', '0', '0', '0', '100', '0', '0');
DELETE FROM creature_addon WHERE guid=64838;
INSERT INTO `creature_addon` VALUES ('64838', '64838', '0', '0', '0', '0', '');
DELETE FROM waypoint_data WHERE id=64838;
DELETE FROM creature WHERE guid = 64838;
INSERT INTO `creature` VALUES ('64838', '3547', '0', '85', '159', '1', '1', '0', '3547', '2291.21', '362.201', '34.0886', '1.55825', '300', '0', '0', '198', '0', '0', '0', '0', '0');
INSERT INTO `waypoint_data` VALUES ('64838', '1', '2290.01', '360.772', '33.9238', '0', '0', '0', '0', '100', '0', '0');
INSERT INTO `waypoint_data` VALUES ('64838', '2', '2288.64', '359.505', '33.8699', '0', '0', '0', '0', '100', '0', '0');
INSERT INTO `waypoint_data` VALUES ('64838', '3', '2283.42', '355.207', '33.4554', '0', '0', '0', '0', '100', '0', '0');
INSERT INTO `waypoint_data` VALUES ('64838', '4', '2280.68', '352.253', '33.5916', '0', '0', '0', '0', '100', '0', '0');
INSERT INTO `waypoint_data` VALUES ('64838', '5', '2279.14', '349.387', '33.6811', '0', '0', '0', '0', '100', '0', '0');
INSERT INTO `waypoint_data` VALUES ('64838', '6', '2276.98', '344.723', '33.5765', '0', '0', '0', '0', '100', '0', '0');
INSERT INTO `waypoint_data` VALUES ('64838', '7', '2272.36', '338.589', '33.56', '0', '0', '0', '0', '100', '0', '0');
INSERT INTO `waypoint_data` VALUES ('64838', '8', '2268.74', '337.678', '33.5756', '0', '0', '0', '0', '100', '0', '0');
INSERT INTO `waypoint_data` VALUES ('64838', '9', '2265.99', '334.958', '33.5742', '0', '0', '0', '0', '100', '0', '0');
INSERT INTO `waypoint_data` VALUES ('64838', '10', '2270.05', '332.329', '33.5742', '0', '0', '0', '0', '100', '0', '0');
INSERT INTO `waypoint_data` VALUES ('64838', '11', '2273.88', '332.155', '33.5742', '0', '0', '0', '0', '100', '0', '0');
INSERT INTO `waypoint_data` VALUES ('64838', '12', '2280.32', '333.116', '33.4871', '0', '0', '0', '0', '100', '0', '0');
INSERT INTO `waypoint_data` VALUES ('64838', '13', '2285.4', '334.469', '33.632', '0', '0', '0', '0', '100', '0', '0');
INSERT INTO `waypoint_data` VALUES ('64838', '14', '2288.62', '336.833', '33.6912', '0', '0', '0', '0', '100', '0', '0');
INSERT INTO `waypoint_data` VALUES ('64838', '15', '2290.53', '341.417', '33.6557', '0', '0', '0', '0', '100', '0', '0');
INSERT INTO `waypoint_data` VALUES ('64838', '16', '2290.76', '345.259', '33.7572', '0', '0', '0', '0', '100', '0', '0');
INSERT INTO `waypoint_data` VALUES ('64838', '17', '2290.79', '348.64', '33.7362', '0', '0', '0', '0', '100', '0', '0');
INSERT INTO `waypoint_data` VALUES ('64838', '18', '2290.77', '354.94', '33.9114', '0', '0', '0', '0', '100', '0', '0');
INSERT INTO `waypoint_data` VALUES ('64838', '19', '2290.84', '358.789', '33.9755', '0', '0', '0', '0', '100', '0', '0');
INSERT INTO `waypoint_data` VALUES ('64838', '20', '2291.21', '362.252', '34.0928', '0', '0', '0', '0', '100', '0', '0');
DELETE FROM creature_addon WHERE guid=65197;
INSERT INTO `creature_addon` VALUES ('65197', '65197', '0', '0', '0', '0', '');
DELETE FROM waypoint_data WHERE id=65197;
INSERT INTO `waypoint_data` VALUES ('65197', '1', '2248.8', '317.443', '34.6645', '0', '0', '0', '0', '100', '0', '0');
INSERT INTO `waypoint_data` VALUES ('65197', '2', '2247.66', '319.072', '34.4025', '0', '0', '0', '0', '100', '0', '0');
INSERT INTO `waypoint_data` VALUES ('65197', '3', '2245.92', '321.97', '34.2332', '0', '0', '0', '0', '100', '0', '0');
INSERT INTO `waypoint_data` VALUES ('65197', '4', '2241.97', '326.75', '34.0646', '0', '0', '0', '0', '100', '0', '0');
INSERT INTO `waypoint_data` VALUES ('65197', '5', '2237.53', '328.021', '34.0643', '0', '0', '0', '0', '100', '0', '0');
INSERT INTO `waypoint_data` VALUES ('65197', '6', '2235.33', '328.263', '34.0643', '0', '0', '0', '0', '100', '0', '0');
INSERT INTO `waypoint_data` VALUES ('65197', '7', '2228.64', '329.619', '34.6172', '0', '0', '0', '0', '100', '0', '0');
INSERT INTO `waypoint_data` VALUES ('65197', '8', '2225.67', '330.979', '35.0396', '0', '0', '0', '0', '100', '0', '0');
INSERT INTO `waypoint_data` VALUES ('65197', '9', '2224.37', '331.766', '36.121', '0', '0', '0', '0', '100', '0', '0');
INSERT INTO `waypoint_data` VALUES ('65197', '10', '2221.17', '332.944', '37.3045', '0', '0', '0', '0', '100', '0', '0');
INSERT INTO `waypoint_data` VALUES ('65197', '11', '2219.63', '331.711', '38.3908', '0', '0', '0', '0', '100', '0', '0');
INSERT INTO `waypoint_data` VALUES ('65197', '12', '2218.25', '329.836', '39.9848', '0', '0', '0', '0', '100', '0', '0');
INSERT INTO `waypoint_data` VALUES ('65197', '13', '2217.81', '327.913', '41.0297', '0', '0', '0', '0', '100', '0', '0');
INSERT INTO `waypoint_data` VALUES ('65197', '14', '2219.11', '326.755', '41.0297', '0', '0', '0', '0', '100', '0', '0');
INSERT INTO `waypoint_data` VALUES ('65197', '15', '2221.32', '329.155', '41.0301', '0', '0', '0', '0', '100', '0', '0');
INSERT INTO `waypoint_data` VALUES ('65197', '16', '2223.5', '331.423', '41.039', '0', '0', '0', '0', '100', '0', '0');
INSERT INTO `waypoint_data` VALUES ('65197', '17', '2226.87', '330.262', '41.0615', '0', '0', '0', '0', '100', '0', '0');
INSERT INTO `waypoint_data` VALUES ('65197', '18', '2229.27', '328.606', '41.0615', '0', '0', '0', '0', '100', '0', '0');
INSERT INTO `waypoint_data` VALUES ('65197', '19', '2229.44', '326.984', '41.0615', '0', '0', '0', '0', '100', '0', '0');
INSERT INTO `waypoint_data` VALUES ('65197', '20', '2229.99', '321.19', '41.0615', '0', '0', '0', '0', '100', '0', '0');
INSERT INTO `waypoint_data` VALUES ('65197', '21', '2231.4', '318.404', '41.0615', '0', '0', '0', '0', '100', '0', '0');
INSERT INTO `waypoint_data` VALUES ('65197', '22', '2234.37', '315.616', '41.0615', '0', '0', '0', '0', '100', '0', '0');
INSERT INTO `waypoint_data` VALUES ('65197', '23', '2238.1', '314.125', '41.0615', '0', '0', '0', '0', '100', '0', '0');
INSERT INTO `waypoint_data` VALUES ('65197', '24', '2241.25', '314.25', '41.0615', '0', '0', '0', '0', '100', '0', '0');
INSERT INTO `waypoint_data` VALUES ('65197', '25', '2243.49', '315.175', '41.0615', '0', '0', '0', '0', '100', '0', '0');
INSERT INTO `waypoint_data` VALUES ('65197', '26', '2244.79', '315.943', '41.0615', '0', '0', '0', '0', '100', '0', '0');
INSERT INTO `waypoint_data` VALUES ('65197', '27', '2248.15', '317.163', '41.0615', '0', '0', '0', '0', '100', '0', '0');
INSERT INTO `waypoint_data` VALUES ('65197', '28', '2249.85', '316.79', '41.0615', '0', '0', '0', '0', '100', '0', '0');
INSERT INTO `waypoint_data` VALUES ('65197', '29', '2251.58', '315.596', '41.0891', '0', '0', '0', '0', '100', '0', '0');
INSERT INTO `waypoint_data` VALUES ('65197', '30', '2253.35', '314.468', '41.1303', '0', '0', '0', '0', '100', '0', '0');
INSERT INTO `waypoint_data` VALUES ('65197', '31', '2254.28', '314.568', '41.1319', '0', '0', '0', '0', '100', '0', '0');
INSERT INTO `waypoint_data` VALUES ('65197', '32', '2253.07', '315.822', '41.1319', '0', '0', '0', '0', '100', '0', '0');
INSERT INTO `waypoint_data` VALUES ('65197', '33', '2250.79', '317.007', '41.0635', '0', '0', '0', '0', '100', '0', '0');
INSERT INTO `waypoint_data` VALUES ('65197', '34', '2248.9', '319.274', '41.0635', '0', '0', '0', '0', '100', '0', '0');
INSERT INTO `waypoint_data` VALUES ('65197', '35', '2248.66', '320.297', '41.0635', '0', '0', '0', '0', '100', '0', '0');
INSERT INTO `waypoint_data` VALUES ('65197', '36', '2246.98', '327.305', '41.0635', '0', '0', '0', '0', '100', '0', '0');
INSERT INTO `waypoint_data` VALUES ('65197', '37', '2244.66', '330.488', '41.0635', '0', '0', '0', '0', '100', '0', '0');
INSERT INTO `waypoint_data` VALUES ('65197', '38', '2240.6', '332.664', '41.0635', '0', '0', '0', '0', '100', '0', '0');
INSERT INTO `waypoint_data` VALUES ('65197', '39', '2236.68', '332.257', '41.0635', '0', '0', '0', '0', '100', '0', '0');
INSERT INTO `waypoint_data` VALUES ('65197', '40', '2234.84', '331.534', '41.0635', '0', '0', '0', '0', '100', '0', '0');
INSERT INTO `waypoint_data` VALUES ('65197', '41', '2229.36', '329.609', '41.0635', '0', '0', '0', '0', '100', '0', '0');
INSERT INTO `waypoint_data` VALUES ('65197', '42', '2227.63', '329.76', '41.0635', '0', '0', '0', '0', '100', '0', '0');
INSERT INTO `waypoint_data` VALUES ('65197', '43', '2223.22', '330.989', '41.0321', '0', '0', '0', '0', '100', '0', '0');
INSERT INTO `waypoint_data` VALUES ('65197', '44', '2222.26', '329.815', '41.0321', '0', '0', '0', '0', '100', '0', '0');
INSERT INTO `waypoint_data` VALUES ('65197', '45', '2219.15', '326.909', '41.0321', '0', '0', '0', '0', '100', '0', '0');
INSERT INTO `waypoint_data` VALUES ('65197', '46', '2217.18', '327.5', '41.0306', '0', '0', '0', '0', '100', '0', '0');
INSERT INTO `waypoint_data` VALUES ('65197', '47', '2217.18', '327.5', '41.0306', '0', '0', '0', '0', '100', '0', '0');
INSERT INTO `waypoint_data` VALUES ('65197', '48', '2219.2', '331.044', '38.9865', '0', '0', '0', '0', '100', '0', '0');
INSERT INTO `waypoint_data` VALUES ('65197', '49', '2221.23', '334.572', '37.3111', '0', '0', '0', '0', '100', '0', '0');
INSERT INTO `waypoint_data` VALUES ('65197', '50', '2223.15', '333.047', '37.1312', '0', '0', '0', '0', '100', '0', '0');
INSERT INTO `waypoint_data` VALUES ('65197', '51', '2224.55', '332.001', '36.0967', '0', '0', '0', '0', '100', '0', '0');
INSERT INTO `waypoint_data` VALUES ('65197', '52', '2227.46', '330.05', '34.6181', '0', '0', '0', '0', '100', '0', '0');
INSERT INTO `waypoint_data` VALUES ('65197', '53', '2229.52', '328.167', '34.4026', '0', '0', '0', '0', '100', '0', '0');
INSERT INTO `waypoint_data` VALUES ('65197', '54', '2231.2', '325.925', '34.2333', '0', '0', '0', '0', '100', '0', '0');
INSERT INTO `waypoint_data` VALUES ('65197', '55', '2233.76', '321.607', '34.0643', '0', '0', '0', '0', '100', '0', '0');
INSERT INTO `waypoint_data` VALUES ('65197', '56', '2236.73', '318.963', '34.0643', '0', '0', '0', '0', '100', '0', '0');
INSERT INTO `waypoint_data` VALUES ('65197', '57', '2240.17', '318.517', '34.0643', '0', '0', '0', '0', '100', '0', '0');
INSERT INTO `waypoint_data` VALUES ('65197', '58', '2246.21', '318.137', '34.4024', '0', '0', '0', '0', '100', '0', '0');
INSERT INTO `waypoint_data` VALUES ('65197', '59', '2248.97', '316.896', '34.7118', '0', '0', '0', '0', '100', '0', '0');
INSERT INTO `waypoint_data` VALUES ('65197', '60', '2252.07', '315.277', '34.4708', '0', '0', '0', '0', '100', '0', '0');
INSERT INTO `waypoint_data` VALUES ('65197', '61', '2256.55', '313.009', '33.5556', '0', '0', '0', '0', '100', '0', '0');
INSERT INTO `waypoint_data` VALUES ('65197', '62', '2262.36', '310.989', '33.39', '0', '0', '0', '0', '100', '0', '0');
INSERT INTO `waypoint_data` VALUES ('65197', '63', '2265.79', '310.312', '33.39', '0', '0', '0', '0', '100', '0', '0');
INSERT INTO `waypoint_data` VALUES ('65197', '64', '2272.23', '309.307', '33.5798', '0', '0', '0', '0', '100', '0', '0');
INSERT INTO `waypoint_data` VALUES ('65197', '65', '2276.13', '310.957', '33.6227', '0', '0', '0', '0', '100', '0', '0');
INSERT INTO `waypoint_data` VALUES ('65197', '66', '2277.45', '315.417', '33.5896', '0', '0', '0', '0', '100', '0', '0');
INSERT INTO `waypoint_data` VALUES ('65197', '67', '2278.21', '318.956', '33.6128', '0', '0', '0', '0', '100', '0', '0');
INSERT INTO `waypoint_data` VALUES ('65197', '68', '2279.21', '324.578', '33.6861', '0', '0', '0', '0', '100', '0', '0');
INSERT INTO `waypoint_data` VALUES ('65197', '69', '2279.89', '329.429', '33.6359', '0', '0', '0', '0', '100', '0', '0');
INSERT INTO `waypoint_data` VALUES ('65197', '70', '2280.22', '332.913', '33.4952', '0', '0', '0', '0', '100', '0', '0');
INSERT INTO `waypoint_data` VALUES ('65197', '71', '2280.55', '336.398', '33.5228', '0', '0', '0', '0', '100', '0', '0');
INSERT INTO `waypoint_data` VALUES ('65197', '72', '2281.21', '343.366', '33.4352', '0', '0', '0', '0', '100', '0', '0');
INSERT INTO `waypoint_data` VALUES ('65197', '73', '2281.47', '346.035', '33.4805', '0', '0', '0', '0', '100', '0', '0');
INSERT INTO `waypoint_data` VALUES ('65197', '74', '2281.82', '349.517', '33.485', '0', '0', '0', '0', '100', '0', '0');
INSERT INTO `waypoint_data` VALUES ('65197', '75', '2282.5', '355.539', '33.5155', '0', '0', '0', '0', '100', '0', '0');
INSERT INTO `waypoint_data` VALUES ('65197', '76', '2283.28', '360.731', '33.6653', '0', '0', '0', '0', '100', '0', '0');
INSERT INTO `waypoint_data` VALUES ('65197', '77', '2283.66', '364.441', '33.8473', '0', '0', '0', '0', '100', '0', '0');
INSERT INTO `waypoint_data` VALUES ('65197', '78', '2283.72', '368.639', '34.1032', '0', '0', '0', '0', '100', '0', '0');
INSERT INTO `waypoint_data` VALUES ('65197', '79', '2283.53', '374.115', '34.1578', '0', '0', '0', '0', '100', '0', '0');
INSERT INTO `waypoint_data` VALUES ('65197', '80', '2283.22', '377.601', '34.1456', '0', '0', '0', '0', '100', '0', '0');
INSERT INTO `waypoint_data` VALUES ('65197', '81', '2282.9', '381.086', '34.1469', '0', '0', '0', '0', '100', '0', '0');
INSERT INTO `waypoint_data` VALUES ('65197', '82', '2282.28', '388.059', '34.1201', '0', '0', '0', '0', '100', '0', '0');
INSERT INTO `waypoint_data` VALUES ('65197', '83', '2282.46', '392.245', '34.1148', '0', '0', '0', '0', '100', '0', '0');
INSERT INTO `waypoint_data` VALUES ('65197', '84', '2284.53', '396.183', '34.0755', '0', '0', '0', '0', '100', '0', '0');
INSERT INTO `waypoint_data` VALUES ('65197', '85', '2287.98', '397.15', '34.009', '0', '0', '0', '0', '100', '0', '0');
INSERT INTO `waypoint_data` VALUES ('65197', '86', '2292.16', '396.736', '34.0178', '0', '0', '0', '0', '100', '0', '0');
INSERT INTO `waypoint_data` VALUES ('65197', '87', '2296.46', '396.566', '34.0131', '0', '0', '0', '0', '100', '0', '0');
INSERT INTO `waypoint_data` VALUES ('65197', '88', '2302.18', '396.694', '33.9791', '0', '0', '0', '0', '100', '0', '0');
INSERT INTO `waypoint_data` VALUES ('65197', '89', '2307.18', '397.113', '33.9327', '0', '0', '0', '0', '100', '0', '0');
INSERT INTO `waypoint_data` VALUES ('65197', '90', '2311.94', '397.48', '33.8884', '0', '0', '0', '0', '100', '0', '0');
INSERT INTO `waypoint_data` VALUES ('65197', '91', '2316.03', '397.536', '33.7288', '0', '0', '0', '0', '100', '0', '0');
INSERT INTO `waypoint_data` VALUES ('65197', '92', '2319.41', '397.488', '33.6672', '0', '0', '0', '0', '100', '0', '0');
INSERT INTO `waypoint_data` VALUES ('65197', '93', '2322.91', '397.439', '33.6672', '0', '0', '0', '0', '100', '0', '0');
INSERT INTO `waypoint_data` VALUES ('65197', '94', '2328.97', '397.365', '33.6672', '0', '0', '0', '0', '100', '0', '0');
INSERT INTO `waypoint_data` VALUES ('65197', '95', '2334.33', '397.438', '33.6672', '0', '0', '0', '0', '100', '0', '0');
INSERT INTO `waypoint_data` VALUES ('65197', '96', '2333.08', '398.495', '33.6672', '0', '0', '0', '0', '100', '0', '0');
INSERT INTO `waypoint_data` VALUES ('65197', '97', '2328.07', '398.398', '33.6672', '0', '0', '0', '0', '100', '0', '0');
INSERT INTO `waypoint_data` VALUES ('65197', '98', '2323.41', '398.351', '33.6672', '0', '0', '0', '0', '100', '0', '0');
INSERT INTO `waypoint_data` VALUES ('65197', '99', '2318.51', '398.472', '33.6672', '0', '0', '0', '0', '100', '0', '0');
INSERT INTO `waypoint_data` VALUES ('65197', '100', '2313.84', '398.302', '33.8723', '0', '0', '0', '0', '100', '0', '0');
INSERT INTO `waypoint_data` VALUES ('65197', '101', '2310.35', '398.101', '33.8921', '0', '0', '0', '0', '100', '0', '0');
INSERT INTO `waypoint_data` VALUES ('65197', '102', '2305.23', '397.775', '33.9411', '0', '0', '0', '0', '100', '0', '0');
INSERT INTO `waypoint_data` VALUES ('65197', '103', '2299.66', '397.189', '33.9869', '0', '0', '0', '0', '100', '0', '0');
INSERT INTO `waypoint_data` VALUES ('65197', '104', '2296.18', '396.801', '34.0082', '0', '0', '0', '0', '100', '0', '0');
INSERT INTO `waypoint_data` VALUES ('65197', '105', '2290.12', '395.662', '34.0315', '0', '0', '0', '0', '100', '0', '0');
INSERT INTO `waypoint_data` VALUES ('65197', '106', '2285.94', '392.649', '34.0761', '0', '0', '0', '0', '100', '0', '0');
INSERT INTO `waypoint_data` VALUES ('65197', '107', '2284.63', '389.063', '34.1141', '0', '0', '0', '0', '100', '0', '0');
INSERT INTO `waypoint_data` VALUES ('65197', '108', '2284.14', '384.068', '34.1309', '0', '0', '0', '0', '100', '0', '0');
INSERT INTO `waypoint_data` VALUES ('65197', '109', '2283.74', '379.536', '34.1344', '0', '0', '0', '0', '100', '0', '0');
INSERT INTO `waypoint_data` VALUES ('65197', '110', '2283.59', '377.442', '34.1379', '0', '0', '0', '0', '100', '0', '0');
INSERT INTO `waypoint_data` VALUES ('65197', '111', '2283.28', '370.45', '34.2181', '0', '0', '0', '0', '100', '0', '0');
INSERT INTO `waypoint_data` VALUES ('65197', '112', '2283.07', '365.443', '33.9503', '0', '0', '0', '0', '100', '0', '0');
INSERT INTO `waypoint_data` VALUES ('65197', '113', '2282.39', '360.479', '33.693', '0', '0', '0', '0', '100', '0', '0');
INSERT INTO `waypoint_data` VALUES ('65197', '114', '2281.62', '356.35', '33.5952', '0', '0', '0', '0', '100', '0', '0');
INSERT INTO `waypoint_data` VALUES ('65197', '115', '2281.1', '352.889', '33.5552', '0', '0', '0', '0', '100', '0', '0');
INSERT INTO `waypoint_data` VALUES ('65197', '116', '2280.05', '345.968', '33.5388', '0', '0', '0', '0', '100', '0', '0');
INSERT INTO `waypoint_data` VALUES ('65197', '117', '2279.52', '342.508', '33.4944', '0', '0', '0', '0', '100', '0', '0');
INSERT INTO `waypoint_data` VALUES ('65197', '118', '2278.19', '336.598', '33.4144', '0', '0', '0', '0', '100', '0', '0');
INSERT INTO `waypoint_data` VALUES ('65197', '119', '2277.06', '332.793', '33.4753', '0', '0', '0', '0', '100', '0', '0');
INSERT INTO `waypoint_data` VALUES ('65197', '120', '2275.12', '327.424', '33.4171', '0', '0', '0', '0', '100', '0', '0');
INSERT INTO `waypoint_data` VALUES ('65197', '121', '2273.88', '324.15', '33.4249', '0', '0', '0', '0', '100', '0', '0');
INSERT INTO `waypoint_data` VALUES ('65197', '122', '2271.61', '317.901', '33.5052', '0', '0', '0', '0', '100', '0', '0');
INSERT INTO `waypoint_data` VALUES ('65197', '123', '2269.64', '315.032', '33.4646', '0', '0', '0', '0', '100', '0', '0');
INSERT INTO `waypoint_data` VALUES ('65197', '124', '2265.17', '312.161', '33.391', '0', '0', '0', '0', '100', '0', '0');
INSERT INTO `waypoint_data` VALUES ('65197', '125', '2261.72', '311.832', '33.391', '0', '0', '0', '0', '100', '0', '0');
INSERT INTO `waypoint_data` VALUES ('65197', '126', '2256.71', '313.292', '33.5637', '0', '0', '0', '0', '100', '0', '0');
INSERT INTO `waypoint_data` VALUES ('65197', '127', '2252.08', '316.204', '34.6453', '0', '0', '0', '0', '100', '0', '0');
INSERT INTO `waypoint_data` VALUES ('65197', '128', '2249.58', '316.738', '34.779', '0', '0', '0', '0', '100', '0', '0');

DELETE FROM creature WHERE guid IN (31587,32066,65196,31510,31729,320937,320938,320939);
INSERT INTO `creature` VALUES ('31729', '2130', '0', '85', '159', '1', '1', '0', '2130', '2277.85', '255.505', '33.6885', '3.36866', '300', '0', '0', '273', '0', '0', '0', '0', '0');
INSERT INTO `creature` VALUES ('31510', '5725', '0', '85', '159', '1', '1', '0', '5725', '2213.7', '266.613', '33.5868', '5.65081', '300', '0', '0', '656', '0', '0', '0', '134250496', '0');
INSERT INTO `creature` VALUES ('65196', '51323', '0', '85', '159', '1', '1', '0', '0', '2206.08', '219.372', '35.7469', '0.872649', '300', '0', '0', '117362', '0', '0', '0', '0', '0');
INSERT INTO `creature` VALUES ('32066', '2309', '0', '85', '159', '1', '1', '0', '2309', '2267.3', '322.943', '33.5739', '1.60209', '300', '0', '0', '102', '0', '0', '0', '0', '0');
INSERT INTO `creature` VALUES ('31587', '1518', '0', '85', '159', '1', '1', '0', '1518', '2261.78', '347.073', '33.5747', '5.72586', '300', '0', '0', '484', '0', '0', '0', '0', '0');
INSERT INTO `creature` VALUES ('320937', '31708', '0', '85', '159', '1', '1', '0', '31708', '2275.95', '389.333', '34.4969', '0.141025', '300', '0', '0', '117362', '0', '0', '0', '0', '0');
INSERT INTO `creature` VALUES ('320938', '1496', '0', '85', '159', '1', '1', '0', '1496', '2288.51', '400.372', '33.9647', '2.31876', '300', '0', '0', '1124', '0', '0', '0', '0', '0');
INSERT INTO `creature` VALUES ('320939', '1744', '0', '85', '159', '1', '1', '0', '1744', '2201.59', '244.01', '34.2441', '0.556851', '300', '0', '0', '656', '0', '0', '0', '0', '0');

DELETE FROM creature_addon WHERE guid=320939;
INSERT INTO `creature_addon` VALUES ('320939', '320939', '0', '0', '0', '0', '');
DELETE FROM waypoint_data WHERE id=320939;
INSERT INTO `waypoint_data` VALUES ('320939', '1', '2201.66', '243.988', '34.2343', '0', '0', '0', '0', '100', '0', '0');
INSERT INTO `waypoint_data` VALUES ('320939', '2', '2201.66', '243.988', '34.2343', '0', '0', '0', '0', '100', '0', '0');
INSERT INTO `waypoint_data` VALUES ('320939', '3', '2207.26', '248.176', '33.6572', '0', '0', '0', '0', '100', '0', '0');
INSERT INTO `waypoint_data` VALUES ('320939', '4', '2210.48', '250.289', '33.5924', '0', '0', '0', '0', '100', '0', '0');
INSERT INTO `waypoint_data` VALUES ('320939', '5', '2216.23', '253.622', '33.5745', '0', '0', '0', '0', '100', '0', '0');
INSERT INTO `waypoint_data` VALUES ('320939', '6', '2219.97', '256.758', '33.5751', '0', '0', '0', '0', '100', '0', '0');
INSERT INTO `waypoint_data` VALUES ('320939', '7', '2222.37', '260.049', '33.5754', '0', '0', '0', '0', '100', '0', '0');
INSERT INTO `waypoint_data` VALUES ('320939', '8', '2225.28', '264.973', '33.5964', '0', '0', '0', '0', '100', '0', '0');
INSERT INTO `waypoint_data` VALUES ('320939', '9', '2228.93', '270.935', '33.5771', '0', '0', '0', '0', '100', '0', '0');
INSERT INTO `waypoint_data` VALUES ('320939', '10', '2232.02', '274.574', '33.5757', '0', '0', '0', '0', '100', '0', '0');
INSERT INTO `waypoint_data` VALUES ('320939', '11', '2235.98', '278.197', '33.5743', '0', '0', '0', '0', '100', '0', '0');
INSERT INTO `waypoint_data` VALUES ('320939', '12', '2239.13', '280.793', '33.5743', '0', '0', '0', '0', '100', '0', '0');
INSERT INTO `waypoint_data` VALUES ('320939', '13', '2244.66', '285.091', '33.5159', '0', '0', '0', '0', '100', '0', '0');
INSERT INTO `waypoint_data` VALUES ('320939', '14', '2247.42', '287.24', '33.5178', '0', '0', '0', '0', '100', '0', '0');
INSERT INTO `waypoint_data` VALUES ('320939', '15', '2250.18', '289.389', '33.5723', '0', '0', '0', '0', '100', '0', '0');
INSERT INTO `waypoint_data` VALUES ('320939', '16', '2257.21', '294.168', '33.5464', '0', '0', '0', '0', '100', '0', '0');
INSERT INTO `waypoint_data` VALUES ('320939', '17', '2261.14', '296.871', '33.5109', '0', '0', '0', '0', '100', '0', '0');
INSERT INTO `waypoint_data` VALUES ('320939', '18', '2264.51', '301.335', '33.4291', '0', '0', '0', '0', '100', '0', '0');
INSERT INTO `waypoint_data` VALUES ('320939', '19', '2266.61', '305.1', '33.5598', '0', '0', '0', '0', '100', '0', '0');
INSERT INTO `waypoint_data` VALUES ('320939', '20', '2269.15', '310.732', '33.3943', '0', '0', '0', '0', '100', '0', '0');
INSERT INTO `waypoint_data` VALUES ('320939', '21', '2270.28', '316.551', '33.5644', '0', '0', '0', '0', '100', '0', '0');
INSERT INTO `waypoint_data` VALUES ('320939', '22', '2270.38', '318.186', '33.5733', '0', '0', '0', '0', '100', '0', '0');
INSERT INTO `waypoint_data` VALUES ('320939', '23', '2272.05', '325.472', '33.5441', '0', '0', '0', '0', '100', '0', '0');
INSERT INTO `waypoint_data` VALUES ('320939', '24', '2275.29', '326.558', '33.4159', '0', '0', '0', '0', '100', '0', '0');
INSERT INTO `waypoint_data` VALUES ('320939', '25', '2279.83', '324.845', '33.7089', '0', '0', '0', '0', '100', '0', '0');
INSERT INTO `waypoint_data` VALUES ('320939', '26', '2281.12', '321.409', '33.7538', '0', '0', '0', '0', '100', '0', '0');
INSERT INTO `waypoint_data` VALUES ('320939', '27', '2280.17', '317.598', '33.6436', '0', '0', '0', '0', '100', '0', '0');
INSERT INTO `waypoint_data` VALUES ('320939', '28', '2277.45', '312.453', '33.6704', '0', '0', '0', '0', '100', '0', '0');
INSERT INTO `waypoint_data` VALUES ('320939', '29', '2275.53', '309.529', '33.6055', '0', '0', '0', '0', '100', '0', '0');
INSERT INTO `waypoint_data` VALUES ('320939', '30', '2271.41', '303.865', '33.6283', '0', '0', '0', '0', '100', '0', '0');
INSERT INTO `waypoint_data` VALUES ('320939', '31', '2267.91', '299.661', '33.6865', '0', '0', '0', '0', '100', '0', '0');
INSERT INTO `waypoint_data` VALUES ('320939', '32', '2264.41', '294.853', '33.6893', '0', '0', '0', '0', '100', '0', '0');
INSERT INTO `waypoint_data` VALUES ('320939', '33', '2260.81', '289.554', '33.4058', '0', '0', '0', '0', '100', '0', '0');
INSERT INTO `waypoint_data` VALUES ('320939', '34', '2259.04', '286.53', '33.5042', '0', '0', '0', '0', '100', '0', '0');
INSERT INTO `waypoint_data` VALUES ('320939', '35', '2255.92', '281.069', '33.6086', '0', '0', '0', '0', '100', '0', '0');
INSERT INTO `waypoint_data` VALUES ('320939', '36', '2253.42', '275.305', '33.6582', '0', '0', '0', '0', '100', '0', '0');
INSERT INTO `waypoint_data` VALUES ('320939', '37', '2252.68', '270.589', '33.6727', '0', '0', '0', '0', '100', '0', '0');
INSERT INTO `waypoint_data` VALUES ('320939', '38', '2253.8', '265.533', '33.6833', '0', '0', '0', '0', '100', '0', '0');
INSERT INTO `waypoint_data` VALUES ('320939', '39', '2256.31', '262.049', '33.6866', '0', '0', '0', '0', '100', '0', '0');
INSERT INTO `waypoint_data` VALUES ('320939', '40', '2260.21', '258.943', '33.6851', '0', '0', '0', '0', '100', '0', '0');
INSERT INTO `waypoint_data` VALUES ('320939', '41', '2263.83', '257.333', '33.6889', '0', '0', '0', '0', '100', '0', '0');
INSERT INTO `waypoint_data` VALUES ('320939', '42', '2270.42', '254.669', '33.6892', '0', '0', '0', '0', '100', '0', '0');
INSERT INTO `waypoint_data` VALUES ('320939', '43', '2272.64', '253.381', '33.6892', '0', '0', '0', '0', '100', '0', '0');
INSERT INTO `waypoint_data` VALUES ('320939', '44', '2279.49', '248.746', '33.6892', '0', '0', '0', '0', '100', '0', '0');
INSERT INTO `waypoint_data` VALUES ('320939', '45', '2280.42', '244.665', '33.6892', '0', '0', '0', '0', '100', '0', '0');
INSERT INTO `waypoint_data` VALUES ('320939', '46', '2276.45', '241.413', '33.3933', '0', '0', '0', '0', '100', '0', '0');
INSERT INTO `waypoint_data` VALUES ('320939', '47', '2271.66', '242.231', '33.3923', '0', '0', '0', '0', '100', '0', '0');
INSERT INTO `waypoint_data` VALUES ('320939', '48', '2267.51', '244.104', '33.4548', '0', '0', '0', '0', '100', '0', '0');
INSERT INTO `waypoint_data` VALUES ('320939', '49', '2264.8', '245.706', '33.4103', '0', '0', '0', '0', '100', '0', '0');
INSERT INTO `waypoint_data` VALUES ('320939', '50', '2258.84', '249.381', '33.3997', '0', '0', '0', '0', '100', '0', '0');
INSERT INTO `waypoint_data` VALUES ('320939', '51', '2255.86', '251.218', '33.4808', '0', '0', '0', '0', '100', '0', '0');
INSERT INTO `waypoint_data` VALUES ('320939', '52', '2249.91', '254.894', '33.6346', '0', '0', '0', '0', '100', '0', '0');
INSERT INTO `waypoint_data` VALUES ('320939', '53', '2246.93', '256.729', '33.5921', '0', '0', '0', '0', '100', '0', '0');
INSERT INTO `waypoint_data` VALUES ('320939', '54', '2241.11', '259.667', '33.5749', '0', '0', '0', '0', '100', '0', '0');
INSERT INTO `waypoint_data` VALUES ('320939', '55', '2235.23', '260.237', '33.574', '0', '0', '0', '0', '100', '0', '0');
INSERT INTO `waypoint_data` VALUES ('320939', '56', '2232.84', '259.017', '33.574', '0', '0', '0', '0', '100', '0', '0');
INSERT INTO `waypoint_data` VALUES ('320939', '57', '2226.74', '255.369', '33.574', '0', '0', '0', '0', '100', '0', '0');
INSERT INTO `waypoint_data` VALUES ('320939', '58', '2222.56', '252.593', '33.574', '0', '0', '0', '0', '100', '0', '0');
INSERT INTO `waypoint_data` VALUES ('320939', '59', '2216.49', '249.109', '33.574', '0', '0', '0', '0', '100', '0', '0');
INSERT INTO `waypoint_data` VALUES ('320939', '60', '2213.46', '247.361', '33.574', '0', '0', '0', '0', '100', '0', '0');
INSERT INTO `waypoint_data` VALUES ('320939', '61', '2209.91', '245.344', '33.5866', '0', '0', '0', '0', '100', '0', '0');
INSERT INTO `waypoint_data` VALUES ('320939', '62', '2203.68', '242.154', '33.9748', '0', '0', '0', '0', '100', '0', '0');
INSERT INTO `waypoint_data` VALUES ('320939', '63', '2197.6', '238.936', '34.6923', '0', '0', '0', '0', '100', '0', '0');
INSERT INTO `waypoint_data` VALUES ('320939', '64', '2193.67', '237.307', '34.9844', '0', '0', '0', '0', '100', '0', '0');
INSERT INTO `waypoint_data` VALUES ('320939', '65', '2191.58', '241.026', '35.232', '0', '0', '0', '0', '100', '0', '0');
INSERT INTO `waypoint_data` VALUES ('320939', '66', '2195.49', '242.844', '35.0279', '0', '0', '0', '0', '100', '0', '0');
INSERT INTO `waypoint_data` VALUES ('320939', '67', '2200.52', '243.634', '34.3787', '0', '0', '0', '0', '100', '0', '0');
UPDATE creature_template SET equipment_id=0 WHERE entry=1525;
DELETE FROM creature_equip_template WHERE entry=1525;
UPDATE creature_template SET equipment_id=0 WHERE entry=1526;
DELETE FROM creature_equip_template WHERE entry=1526;
DELETE FROM creature_addon WHERE guid=31510;
INSERT INTO `creature_addon` VALUES ('31510', '31510', '10672', '0', '0', '0', '18950');
DELETE FROM waypoint_data WHERE id=31510;
INSERT INTO `waypoint_data` VALUES ('31510', '1', '2213.72', '266.486', '33.5853', '0', '0', '0', '0', '100', '0', '0');
INSERT INTO `waypoint_data` VALUES ('31510', '2', '2215.02', '265.307', '33.5853', '0', '0', '0', '0', '100', '0', '0');
INSERT INTO `waypoint_data` VALUES ('31510', '3', '2218.86', '263.999', '33.5793', '0', '0', '0', '0', '100', '0', '0');
INSERT INTO `waypoint_data` VALUES ('31510', '4', '2222.07', '265.061', '33.5945', '0', '0', '0', '0', '100', '0', '0');
INSERT INTO `waypoint_data` VALUES ('31510', '5', '2226.98', '268.2', '33.6096', '0', '0', '0', '0', '100', '0', '0');
INSERT INTO `waypoint_data` VALUES ('31510', '6', '2232.57', '272.403', '33.5161', '0', '0', '0', '0', '100', '0', '0');
INSERT INTO `waypoint_data` VALUES ('31510', '7', '2236.42', '275.436', '33.4506', '0', '0', '0', '0', '100', '0', '0');
INSERT INTO `waypoint_data` VALUES ('31510', '8', '2241.84', '279.866', '33.4167', '0', '0', '0', '0', '100', '0', '0');
INSERT INTO `waypoint_data` VALUES ('31510', '9', '2244.55', '282.081', '33.468', '0', '0', '0', '0', '100', '0', '0');
INSERT INTO `waypoint_data` VALUES ('31510', '10', '2249.97', '286.511', '33.451', '0', '0', '0', '0', '100', '0', '0');
INSERT INTO `waypoint_data` VALUES ('31510', '11', '2254.62', '290.403', '33.5625', '0', '0', '0', '0', '100', '0', '0');
INSERT INTO `waypoint_data` VALUES ('31510', '12', '2260.15', '295.227', '33.4693', '0', '0', '0', '0', '100', '0', '0');
INSERT INTO `waypoint_data` VALUES ('31510', '13', '2265.62', '299.201', '33.6703', '0', '0', '0', '0', '100', '0', '0');
INSERT INTO `waypoint_data` VALUES ('31510', '14', '2269.74', '304.243', '33.6301', '0', '0', '0', '0', '100', '0', '0');
INSERT INTO `waypoint_data` VALUES ('31510', '15', '2273.19', '310.729', '33.5782', '0', '0', '0', '0', '100', '0', '0');
INSERT INTO `waypoint_data` VALUES ('31510', '16', '2275.22', '315.945', '33.4381', '0', '0', '0', '0', '100', '0', '0');
INSERT INTO `waypoint_data` VALUES ('31510', '17', '2277.1', '321.699', '33.4733', '0', '0', '0', '0', '100', '0', '0');
INSERT INTO `waypoint_data` VALUES ('31510', '18', '2278.66', '327.079', '33.5914', '0', '0', '0', '0', '100', '0', '0');
INSERT INTO `waypoint_data` VALUES ('31510', '19', '2280.55', '335.26', '33.5341', '0', '0', '0', '0', '100', '0', '0');
INSERT INTO `waypoint_data` VALUES ('31510', '20', '2281.87', '342.013', '33.5196', '0', '0', '0', '0', '100', '0', '0');
INSERT INTO `waypoint_data` VALUES ('31510', '21', '2283.07', '349.492', '33.4144', '0', '0', '0', '0', '100', '0', '0');
INSERT INTO `waypoint_data` VALUES ('31510', '22', '2283.8', '359.026', '33.6142', '0', '0', '0', '0', '100', '0', '0');
INSERT INTO `waypoint_data` VALUES ('31510', '23', '2284.22', '365.774', '33.9315', '0', '0', '0', '0', '100', '0', '0');
INSERT INTO `waypoint_data` VALUES ('31510', '24', '2284.52', '374.519', '34.1405', '0', '0', '0', '0', '100', '0', '0');
INSERT INTO `waypoint_data` VALUES ('31510', '25', '2284.61', '382.916', '34.1375', '0', '0', '0', '0', '100', '0', '0');
INSERT INTO `waypoint_data` VALUES ('31510', '26', '2283.79', '391.265', '34.1136', '0', '0', '0', '0', '100', '0', '0');
INSERT INTO `waypoint_data` VALUES ('31510', '27', '2282.53', '398.385', '33.9932', '0', '0', '0', '0', '100', '0', '0');
INSERT INTO `waypoint_data` VALUES ('31510', '28', '2280.45', '408.671', '33.8757', '0', '0', '0', '0', '100', '0', '0');
INSERT INTO `waypoint_data` VALUES ('31510', '29', '2278.33', '418.955', '33.8704', '0', '0', '0', '0', '100', '0', '0');
INSERT INTO `waypoint_data` VALUES ('31510', '30', '2275.51', '432.667', '33.9909', '0', '0', '0', '0', '100', '0', '0');
INSERT INTO `waypoint_data` VALUES ('31510', '31', '2273.39', '442.95', '34.0204', '0', '0', '0', '0', '100', '0', '0');
INSERT INTO `waypoint_data` VALUES ('31510', '32', '2271.27', '453.234', '33.9898', '0', '0', '0', '0', '100', '0', '0');
INSERT INTO `waypoint_data` VALUES ('31510', '33', '2269.16', '461.83', '33.9061', '0', '0', '0', '0', '100', '0', '0');
INSERT INTO `waypoint_data` VALUES ('31510', '34', '2265.52', '473.401', '33.8463', '0', '0', '0', '0', '100', '0', '0');
INSERT INTO `waypoint_data` VALUES ('31510', '35', '2261.98', '483.287', '33.7933', '0', '0', '0', '0', '100', '0', '0');
INSERT INTO `waypoint_data` VALUES ('31510', '36', '2257.16', '497.037', '33.7904', '0', '0', '0', '0', '100', '0', '0');
INSERT INTO `waypoint_data` VALUES ('31510', '37', '2256', '505.307', '34.109', '0', '0', '0', '0', '100', '0', '0');
INSERT INTO `waypoint_data` VALUES ('31510', '38', '2256.63', '513.194', '34.0786', '0', '0', '0', '0', '100', '0', '0');
INSERT INTO `waypoint_data` VALUES ('31510', '39', '2259.87', '526.815', '33.5545', '0', '0', '0', '0', '100', '0', '0');
INSERT INTO `waypoint_data` VALUES ('31510', '40', '2261.69', '534.89', '33.4953', '0', '0', '0', '0', '100', '0', '0');
INSERT INTO `waypoint_data` VALUES ('31510', '41', '2261.86', '543.205', '33.4784', '0', '0', '0', '0', '100', '0', '0');
INSERT INTO `waypoint_data` VALUES ('31510', '42', '2258.22', '553.856', '33.4726', '0', '0', '0', '0', '100', '0', '0');
INSERT INTO `waypoint_data` VALUES ('31510', '43', '2254.57', '561.662', '33.5082', '0', '0', '0', '0', '100', '0', '0');
INSERT INTO `waypoint_data` VALUES ('31510', '44', '2252.25', '568.264', '33.3854', '0', '0', '0', '0', '100', '0', '0');
INSERT INTO `waypoint_data` VALUES ('31510', '45', '2247.59', '581.464', '33.4894', '0', '0', '0', '0', '100', '0', '0');
INSERT INTO `waypoint_data` VALUES ('31510', '46', '2244.1', '591.367', '33.3356', '0', '0', '0', '0', '100', '0', '0');
INSERT INTO `waypoint_data` VALUES ('31510', '47', '2240.79', '599.059', '33.3342', '0', '0', '0', '0', '100', '0', '0');
INSERT INTO `waypoint_data` VALUES ('31510', '48', '2235.17', '607.498', '33.4118', '0', '0', '0', '0', '100', '0', '0');
INSERT INTO `waypoint_data` VALUES ('31510', '49', '2229.08', '616.045', '33.5009', '0', '0', '0', '0', '100', '0', '0');
INSERT INTO `waypoint_data` VALUES ('31510', '50', '2220.94', '627.441', '33.5009', '0', '0', '0', '0', '100', '0', '0');
INSERT INTO `waypoint_data` VALUES ('31510', '51', '2214.84', '635.988', '33.5009', '0', '0', '0', '0', '100', '0', '0');
INSERT INTO `waypoint_data` VALUES ('31510', '52', '2208.74', '644.533', '33.5009', '0', '0', '0', '0', '100', '0', '0');
INSERT INTO `waypoint_data` VALUES ('31510', '53', '2202.6', '653.05', '33.5009', '0', '0', '0', '0', '100', '0', '0');
INSERT INTO `waypoint_data` VALUES ('31510', '54', '2194.41', '664.405', '33.3373', '0', '0', '0', '0', '100', '0', '0');
INSERT INTO `waypoint_data` VALUES ('31510', '55', '2187.14', '673.032', '33.3336', '0', '0', '0', '0', '100', '0', '0');
INSERT INTO `waypoint_data` VALUES ('31510', '56', '2181.03', '679.612', '33.3371', '0', '0', '0', '0', '100', '0', '0');
INSERT INTO `waypoint_data` VALUES ('31510', '57', '2172.48', '688.204', '33.411', '0', '0', '0', '0', '100', '0', '0');
INSERT INTO `waypoint_data` VALUES ('31510', '58', '2165.81', '694.223', '33.3048', '0', '0', '0', '0', '100', '0', '0');
INSERT INTO `waypoint_data` VALUES ('31510', '59', '2156.13', '702.275', '33.0941', '0', '0', '0', '0', '100', '0', '0');
INSERT INTO `waypoint_data` VALUES ('31510', '60', '2146.54', '710.069', '32.9929', '0', '0', '0', '0', '100', '0', '0');
INSERT INTO `waypoint_data` VALUES ('31510', '61', '2139.25', '716.609', '32.7997', '0', '0', '0', '0', '100', '0', '0');
INSERT INTO `waypoint_data` VALUES ('31510', '62', '2132.89', '722.44', '32.9803', '0', '0', '0', '0', '100', '0', '0');
INSERT INTO `waypoint_data` VALUES ('31510', '63', '2124.99', '729.365', '33.2499', '0', '0', '0', '0', '100', '0', '0');
INSERT INTO `waypoint_data` VALUES ('31510', '64', '2117.1', '736.29', '33.4364', '0', '0', '0', '0', '100', '0', '0');
INSERT INTO `waypoint_data` VALUES ('31510', '65', '2106.71', '745.668', '33.5446', '0', '0', '0', '0', '100', '0', '0');
INSERT INTO `waypoint_data` VALUES ('31510', '66', '2100.19', '752.319', '33.5604', '0', '0', '0', '0', '100', '0', '0');
INSERT INTO `waypoint_data` VALUES ('31510', '67', '2094.59', '766.788', '33.5616', '0', '0', '0', '0', '100', '0', '0');
INSERT INTO `waypoint_data` VALUES ('31510', '68', '2091.85', '778.243', '33.5532', '0', '0', '0', '0', '100', '0', '0');
INSERT INTO `waypoint_data` VALUES ('31510', '69', '2091.68', '797.836', '33.5617', '0', '0', '0', '0', '100', '0', '0');
INSERT INTO `waypoint_data` VALUES ('31510', '70', '2091.91', '813.563', '33.5617', '0', '0', '0', '0', '100', '0', '0');
INSERT INTO `waypoint_data` VALUES ('31510', '71', '2092.71', '825.424', '33.5618', '0', '0', '0', '0', '100', '0', '0');
INSERT INTO `waypoint_data` VALUES ('31510', '72', '2094.83', '837.585', '33.5618', '0', '0', '0', '0', '100', '0', '0');
INSERT INTO `waypoint_data` VALUES ('31510', '73', '2098.47', '851.103', '33.5541', '0', '0', '0', '0', '100', '0', '0');
INSERT INTO `waypoint_data` VALUES ('31510', '74', '2101.94', '866.105', '33.142', '0', '0', '0', '0', '100', '0', '0');
INSERT INTO `waypoint_data` VALUES ('31510', '75', '2104.16', '876.367', '32.5435', '0', '0', '0', '0', '100', '0', '0');
INSERT INTO `waypoint_data` VALUES ('31510', '76', '2107.86', '893.471', '31.1498', '0', '0', '0', '0', '100', '0', '0');
INSERT INTO `waypoint_data` VALUES ('31510', '77', '2109.92', '901.596', '30.7394', '0', '0', '0', '0', '100', '0', '0');
INSERT INTO `waypoint_data` VALUES ('31510', '78', '2115.07', '916.234', '29.8919', '0', '0', '0', '0', '100', '0', '0');
INSERT INTO `waypoint_data` VALUES ('31510', '79', '2119.72', '929.439', '29.3271', '0', '0', '0', '0', '100', '0', '0');
INSERT INTO `waypoint_data` VALUES ('31510', '80', '2123.21', '939.343', '28.9393', '0', '0', '0', '0', '100', '0', '0');
INSERT INTO `waypoint_data` VALUES ('31510', '81', '2127.86', '952.548', '29.0997', '0', '0', '0', '0', '100', '0', '0');
INSERT INTO `waypoint_data` VALUES ('31510', '82', '2131.35', '962.447', '29.4439', '0', '0', '0', '0', '100', '0', '0');
INSERT INTO `waypoint_data` VALUES ('31510', '83', '2134.01', '970.633', '29.7031', '0', '0', '0', '0', '100', '0', '0');
INSERT INTO `waypoint_data` VALUES ('31510', '84', '2136', '981.178', '29.5415', '0', '0', '0', '0', '100', '0', '0');
INSERT INTO `waypoint_data` VALUES ('31510', '85', '2137.4', '987.06', '29.3744', '0', '0', '0', '0', '100', '0', '0');
INSERT INTO `waypoint_data` VALUES ('31510', '86', '2139.67', '992.558', '29.3506', '0', '0', '0', '0', '100', '0', '0');
INSERT INTO `waypoint_data` VALUES ('31510', '87', '2143.56', '998.919', '29.1955', '0', '0', '0', '0', '100', '0', '0');
INSERT INTO `waypoint_data` VALUES ('31510', '88', '2148.67', '1004.94', '29.2627', '0', '0', '0', '0', '100', '0', '0');
INSERT INTO `waypoint_data` VALUES ('31510', '89', '2155.09', '1010.88', '29.1693', '0', '0', '0', '0', '100', '0', '0');
INSERT INTO `waypoint_data` VALUES ('31510', '90', '2164.94', '1020.83', '29.2446', '0', '0', '0', '0', '100', '0', '0');
INSERT INTO `waypoint_data` VALUES ('31510', '91', '2172.33', '1028.3', '29.3313', '0', '0', '0', '0', '100', '0', '0');
INSERT INTO `waypoint_data` VALUES ('31510', '92', '2179.71', '1035.76', '29.6264', '0', '0', '0', '0', '100', '0', '0');
INSERT INTO `waypoint_data` VALUES ('31510', '93', '2189.56', '1045.71', '29.5434', '0', '0', '0', '0', '100', '0', '0');
INSERT INTO `waypoint_data` VALUES ('31510', '94', '2199.82', '1054.05', '29.1393', '0', '0', '0', '0', '100', '0', '0');
INSERT INTO `waypoint_data` VALUES ('31510', '95', '2203.86', '1056.98', '28.9789', '0', '0', '0', '0', '100', '0', '0');
INSERT INTO `waypoint_data` VALUES ('31510', '96', '2204.81', '1061.58', '28.7306', '0', '0', '0', '0', '100', '0', '0');
INSERT INTO `waypoint_data` VALUES ('31510', '97', '2200.7', '1064.14', '28.923', '0', '0', '0', '0', '100', '0', '0');
INSERT INTO `waypoint_data` VALUES ('31510', '98', '2196.62', '1060.88', '29.2697', '0', '0', '0', '0', '100', '0', '0');
INSERT INTO `waypoint_data` VALUES ('31510', '99', '2194.02', '1056.59', '29.6107', '0', '0', '0', '0', '100', '0', '0');
INSERT INTO `waypoint_data` VALUES ('31510', '100', '2188.57', '1047.77', '29.6037', '0', '0', '0', '0', '100', '0', '0');
INSERT INTO `waypoint_data` VALUES ('31510', '101', '2184.61', '1042.74', '29.5994', '0', '0', '0', '0', '100', '0', '0');
INSERT INTO `waypoint_data` VALUES ('31510', '102', '2162.19', '1015.86', '29.0135', '0', '0', '0', '0', '100', '0', '0');
INSERT INTO `waypoint_data` VALUES ('31510', '103', '2157.7', '1010.49', '29.1434', '0', '0', '0', '0', '100', '0', '0');
INSERT INTO `waypoint_data` VALUES ('31510', '104', '2153.11', '1005.55', '29.116', '0', '0', '0', '0', '100', '0', '0');
INSERT INTO `waypoint_data` VALUES ('31510', '105', '2143.68', '996.687', '29.1117', '0', '0', '0', '0', '100', '0', '0');
INSERT INTO `waypoint_data` VALUES ('31510', '106', '2137.56', '989.175', '29.381', '0', '0', '0', '0', '100', '0', '0');
INSERT INTO `waypoint_data` VALUES ('31510', '107', '2135.33', '982.421', '29.508', '0', '0', '0', '0', '100', '0', '0');
INSERT INTO `waypoint_data` VALUES ('31510', '108', '2130.36', '963.701', '29.5246', '0', '0', '0', '0', '100', '0', '0');
INSERT INTO `waypoint_data` VALUES ('31510', '109', '2125.89', '946.784', '28.9297', '0', '0', '0', '0', '100', '0', '0');
INSERT INTO `waypoint_data` VALUES ('31510', '110', '2120.51', '926.485', '29.3198', '0', '0', '0', '0', '100', '0', '0');
INSERT INTO `waypoint_data` VALUES ('31510', '111', '2116.93', '912.953', '30.0252', '0', '0', '0', '0', '100', '0', '0');
INSERT INTO `waypoint_data` VALUES ('31510', '112', '2113.47', '903.292', '30.6023', '0', '0', '0', '0', '100', '0', '0');
INSERT INTO `waypoint_data` VALUES ('31510', '113', '2109.96', '897.385', '30.9253', '0', '0', '0', '0', '100', '0', '0');
INSERT INTO `waypoint_data` VALUES ('31510', '114', '2108.48', '892.478', '31.2034', '0', '0', '0', '0', '100', '0', '0');
INSERT INTO `waypoint_data` VALUES ('31510', '115', '2095.02', '838.726', '33.5603', '0', '0', '0', '0', '100', '0', '0');
INSERT INTO `waypoint_data` VALUES ('31510', '116', '2091.72', '825.122', '33.5617', '0', '0', '0', '0', '100', '0', '0');
INSERT INTO `waypoint_data` VALUES ('31510', '117', '2090.58', '816.855', '33.5633', '0', '0', '0', '0', '100', '0', '0');
INSERT INTO `waypoint_data` VALUES ('31510', '118', '2090.49', '787.105', '33.5612', '0', '0', '0', '0', '100', '0', '0');
INSERT INTO `waypoint_data` VALUES ('31510', '119', '2091.18', '775.974', '33.5522', '0', '0', '0', '0', '100', '0', '0');
INSERT INTO `waypoint_data` VALUES ('31510', '120', '2093.54', '766.114', '33.5626', '0', '0', '0', '0', '100', '0', '0');
INSERT INTO `waypoint_data` VALUES ('31510', '121', '2097.68', '757.716', '33.5632', '0', '0', '0', '0', '100', '0', '0');
INSERT INTO `waypoint_data` VALUES ('31510', '122', '2107.63', '744.63', '33.5404', '0', '0', '0', '0', '100', '0', '0');
INSERT INTO `waypoint_data` VALUES ('31510', '123', '2113.03', '738.053', '33.4766', '0', '0', '0', '0', '100', '0', '0');
INSERT INTO `waypoint_data` VALUES ('31510', '124', '2153.99', '703.94', '33.0384', '0', '0', '0', '0', '100', '0', '0');
INSERT INTO `waypoint_data` VALUES ('31510', '125', '2167.47', '692.788', '33.333', '0', '0', '0', '0', '100', '0', '0');
INSERT INTO `waypoint_data` VALUES ('31510', '126', '2178.22', '683.817', '33.383', '0', '0', '0', '0', '100', '0', '0');
INSERT INTO `waypoint_data` VALUES ('31510', '127', '2184.89', '678.188', '33.3404', '0', '0', '0', '0', '100', '0', '0');
INSERT INTO `waypoint_data` VALUES ('31510', '128', '2190.98', '670.274', '33.3292', '0', '0', '0', '0', '100', '0', '0');
INSERT INTO `waypoint_data` VALUES ('31510', '129', '2207.71', '645.254', '33.5009', '0', '0', '0', '0', '100', '0', '0');
INSERT INTO `waypoint_data` VALUES ('31510', '130', '2231.23', '610.454', '33.5009', '0', '0', '0', '0', '100', '0', '0');
INSERT INTO `waypoint_data` VALUES ('31510', '131', '2237.11', '601.754', '33.3336', '0', '0', '0', '0', '100', '0', '0');
INSERT INTO `waypoint_data` VALUES ('31510', '132', '2242.99', '593.054', '33.3336', '0', '0', '0', '0', '100', '0', '0');
INSERT INTO `waypoint_data` VALUES ('31510', '133', '2247.81', '583.853', '33.4894', '0', '0', '0', '0', '100', '0', '0');
INSERT INTO `waypoint_data` VALUES ('31510', '134', '2249.85', '575.107', '33.3637', '0', '0', '0', '0', '100', '0', '0');
INSERT INTO `waypoint_data` VALUES ('31510', '135', '2253.69', '563.127', '33.4705', '0', '0', '0', '0', '100', '0', '0');
INSERT INTO `waypoint_data` VALUES ('31510', '136', '2260.76', '543.352', '33.5474', '0', '0', '0', '0', '100', '0', '0');
INSERT INTO `waypoint_data` VALUES ('31510', '137', '2262.46', '534.823', '33.4514', '0', '0', '0', '0', '100', '0', '0');
INSERT INTO `waypoint_data` VALUES ('31510', '138', '2260.6', '524.976', '33.527', '0', '0', '0', '0', '100', '0', '0');
INSERT INTO `waypoint_data` VALUES ('31510', '139', '2258.4', '516.871', '33.9427', '0', '0', '0', '0', '100', '0', '0');
INSERT INTO `waypoint_data` VALUES ('31510', '140', '2257.12', '508.492', '34.1775', '0', '0', '0', '0', '100', '0', '0');
INSERT INTO `waypoint_data` VALUES ('31510', '141', '2258.04', '500.394', '33.9349', '0', '0', '0', '0', '100', '0', '0');
INSERT INTO `waypoint_data` VALUES ('31510', '142', '2260.96', '483.14', '33.7986', '0', '0', '0', '0', '100', '0', '0');
INSERT INTO `waypoint_data` VALUES ('31510', '143', '2263.61', '467.627', '33.8915', '0', '0', '0', '0', '100', '0', '0');
INSERT INTO `waypoint_data` VALUES ('31510', '144', '2265.71', '456.883', '34.1473', '0', '0', '0', '0', '100', '0', '0');
INSERT INTO `waypoint_data` VALUES ('31510', '145', '2269.89', '447.123', '34.04', '0', '0', '0', '0', '100', '0', '0');
INSERT INTO `waypoint_data` VALUES ('31510', '146', '2271.55', '442.394', '34.0416', '0', '0', '0', '0', '100', '0', '0');
INSERT INTO `waypoint_data` VALUES ('31510', '147', '2275.41', '427.745', '33.9668', '0', '0', '0', '0', '100', '0', '0');
INSERT INTO `waypoint_data` VALUES ('31510', '148', '2278.17', '414.018', '33.8681', '0', '0', '0', '0', '100', '0', '0');
INSERT INTO `waypoint_data` VALUES ('31510', '149', '2280.54', '402', '33.9224', '0', '0', '0', '0', '100', '0', '0');
INSERT INTO `waypoint_data` VALUES ('31510', '150', '2282.05', '390.209', '34.1138', '0', '0', '0', '0', '100', '0', '0');
INSERT INTO `waypoint_data` VALUES ('31510', '151', '2282.33', '380.299', '34.168', '0', '0', '0', '0', '100', '0', '0');
INSERT INTO `waypoint_data` VALUES ('31510', '152', '2281.83', '365.037', '34.0454', '0', '0', '0', '0', '100', '0', '0');
INSERT INTO `waypoint_data` VALUES ('31510', '153', '2280.36', '356.182', '33.6244', '0', '0', '0', '0', '100', '0', '0');
INSERT INTO `waypoint_data` VALUES ('31510', '154', '2278.08', '345.932', '33.5782', '0', '0', '0', '0', '100', '0', '0');
INSERT INTO `waypoint_data` VALUES ('31510', '155', '2274.34', '329.318', '33.4487', '0', '0', '0', '0', '100', '0', '0');
INSERT INTO `waypoint_data` VALUES ('31510', '156', '2272.05', '321.984', '33.4834', '0', '0', '0', '0', '100', '0', '0');
INSERT INTO `waypoint_data` VALUES ('31510', '157', '2267.86', '312.625', '33.3918', '0', '0', '0', '0', '100', '0', '0');
INSERT INTO `waypoint_data` VALUES ('31510', '158', '2262.84', '304.217', '33.4053', '0', '0', '0', '0', '100', '0', '0');
INSERT INTO `waypoint_data` VALUES ('31510', '159', '2257.84', '296.751', '33.4843', '0', '0', '0', '0', '100', '0', '0');
INSERT INTO `waypoint_data` VALUES ('31510', '160', '2251.54', '289.737', '33.6605', '0', '0', '0', '0', '100', '0', '0');
INSERT INTO `waypoint_data` VALUES ('31510', '161', '2245.19', '284.065', '33.4413', '0', '0', '0', '0', '100', '0', '0');
INSERT INTO `waypoint_data` VALUES ('31510', '162', '2235.12', '274.869', '33.4833', '0', '0', '0', '0', '100', '0', '0');
INSERT INTO `waypoint_data` VALUES ('31510', '163', '2230.3', '269.798', '33.4792', '0', '0', '0', '0', '100', '0', '0');
INSERT INTO `waypoint_data` VALUES ('31510', '164', '2224.4', '263.658', '33.5894', '0', '0', '0', '0', '100', '0', '0');
INSERT INTO `waypoint_data` VALUES ('31510', '165', '2219.3', '259.617', '33.5759', '0', '0', '0', '0', '100', '0', '0');
INSERT INTO `waypoint_data` VALUES ('31510', '166', '2214.97', '258.318', '33.5825', '0', '0', '0', '0', '100', '0', '0');
INSERT INTO `waypoint_data` VALUES ('31510', '167', '2209.97', '259.494', '33.5884', '0', '0', '0', '0', '100', '0', '0');
INSERT INTO `waypoint_data` VALUES ('31510', '168', '2208.64', '262.536', '33.5872', '0', '0', '0', '0', '100', '0', '0');
INSERT INTO `waypoint_data` VALUES ('31510', '169', '2209.4', '266.479', '33.6148', '0', '0', '0', '0', '100', '0', '0');
INSERT INTO `waypoint_data` VALUES ('31510', '170', '2212', '267.569', '33.6989', '0', '0', '0', '0', '100', '0', '0');
INSERT INTO `waypoint_data` VALUES ('31510', '171', '2213.69', '266.629', '33.5868', '0', '0', '0', '0', '100', '0', '0');
