-- Dead mines 5 Heroic
-- fix rong flags
UPDATE creature_template SET npcflag=0 WHERE entry IN (47162,47296,43778,47626,47739);
-- idk who  put them in there when or why 
DELETE FROM creature_questrelation WHERE id IN (43778,47162,47296,47626);
-- duplicate in 5 N
DELETE FROM creature WHERE guid=147476;
-- they not belong in there
DELETE FROM creature WHERE map=36 AND id=47242;
DELETE FROM creature WHERE map=36 AND id=47284;
DELETE FROM creature WHERE map=36 AND id=45979;
DELETE FROM creature WHERE map=36 AND id=47677;
DELETE FROM creature WHERE map=36 AND id=47282;
DELETE FROM creature WHERE map=36 AND id=48446;
DELETE FROM creature WHERE map=36 AND id=47242;
-- duplicate aura
DELETE FROM creature_template_addon WHERE entry=48340;
-- make clean for 5 heroic
DELETE FROM creature WHERE id BETWEEN 59200 AND 59231;
DELETE FROM creature WHERE guid BETWEEN 405333 AND 405537;
-- add heroic entry for 48262
DELETE FROM `creature_template` WHERE `entry`=59200 LIMIT 1;
INSERT INTO `creature_template` ( `entry`, `difficulty_entry_1`, `difficulty_entry_2`, `difficulty_entry_3`, `KillCredit1`, `KillCredit2`, `modelid1`, `modelid2`, `modelid3`, `modelid4`, `name`, `subname`, `IconName`, `gossip_menu_id`, `minlevel`, `maxlevel`, `exp`, `faction_A`, `faction_H`, `npcflag`, `speed_walk`, `speed_run`, `scale`, `rank`, `mindmg`, `maxdmg`, `dmgschool`, `attackpower`, `dmg_multiplier`, `baseattacktime`, `rangeattacktime`, `unit_class`, `unit_flags`, `dynamicflags`, `family`, `trainer_type`, `trainer_spell`, `trainer_class`, `trainer_race`, `minrangedmg`, `maxrangedmg`, `rangedattackpower`, `type`, `type_flags`, `lootid`, `pickpocketloot`, `skinloot`, `resistance1`, `resistance2`, `resistance3`, `resistance4`, `resistance5`, `resistance6`, `spell1`, `spell2`, `spell3`, `spell4`, `spell5`, `spell6`, `spell7`, `spell8`, `PetSpellDataId`, `VehicleId`, `mingold`, `maxgold`, `AIName`, `MovementType`, `InhabitType`, `Health_mod`, `Mana_mod`, `Armor_mod`, `RacialLeader`, `questItem1`, `questItem2`, `questItem3`, `questItem4`, `questItem5`, `questItem6`, `movementId`, `RegenHealth`, `equipment_id`, `mechanic_immune_mask`, `flags_extra`, `ScriptName`, `WDBVerified`) VALUES ( 59200, 0, 0, 0, 0, 0, 37382, 0, 0, 0, "Ogre Bodyguard 1", "", "", 0, 86, 86, 3, 17, 17, 0, 1.14286, 1.0, 1.0, 1, 1007, 1354, 0, 1571, 3.1, 2000, 2000, 1, 64, 2048, 0, 0, 0, 0, 0, 1007, 1354, 1571, 7, 0, 59200, 59200, 0, 0, 0, 0, 0, 0, 0, 91050, 91053, 0, 0, 0, 0, 0, 0, 0, 0, 4819, 4819, "", 0, 3, 18, 1.0, 1.0, 0, 0, 0, 0, 0, 0, 0, 0, 1, 48262, 0, 0, "", "13623");
-- loot for heroic entry of 48262
DELETE FROM `creature_loot_template` WHERE entry='59200';
INSERT INTO `creature_loot_template` VALUES ('59200', '2287', '19.84', '1', '0', '1', '1');
INSERT INTO `creature_loot_template` VALUES ('59200', '53010', '17.12', '1', '0', '1', '6');
INSERT INTO `creature_loot_template` VALUES ('59200', '1179', '9.78', '1', '0', '1', '1');
INSERT INTO `creature_loot_template` VALUES ('59200', '2592', '7.3', '1', '0', '1', '4');
INSERT INTO `creature_loot_template` VALUES ('59200', '68198', '5.99', '1', '0', '1', '2');
INSERT INTO `creature_loot_template` VALUES ('59200', '2589', '5.47', '1', '0', '1', '5');
INSERT INTO `creature_loot_template` VALUES ('59200', '858', '5.47', '1', '0', '1', '1');
INSERT INTO `creature_loot_template` VALUES ('59200', '58268', '3.08', '1', '0', '1', '1');
INSERT INTO `creature_loot_template` VALUES ('59200', '2455', '2.83', '1', '0', '1', '1');
INSERT INTO `creature_loot_template` VALUES ('59200', '68197', '1.89', '1', '0', '1', '2');
INSERT INTO `creature_loot_template` VALUES ('59200', '58256', '1.53', '1', '0', '1', '1');
INSERT INTO `creature_loot_template` VALUES ('59200', '818', '1.01', '1', '0', '1', '1');
INSERT INTO `creature_loot_template` VALUES ('59200', '7997', '0.77', '1', '0', '1', '1');
INSERT INTO `creature_loot_template` VALUES ('59200', '68729', '0.46', '1', '0', '1', '1');
INSERT INTO `creature_loot_template` VALUES ('59200', '774', '0.32', '1', '0', '1', '1');
INSERT INTO `creature_loot_template` VALUES ('59200', '3036', '0.31', '1', '0', '1', '1');
INSERT INTO `creature_loot_template` VALUES ('59200', '1210', '0.3', '1', '0', '1', '1');
INSERT INTO `creature_loot_template` VALUES ('59200', '2073', '0.3', '1', '0', '1', '1');
INSERT INTO `creature_loot_template` VALUES ('59200', '6542', '0.29', '1', '0', '1', '1');
INSERT INTO `creature_loot_template` VALUES ('59200', '62067', '0.27', '1', '0', '1', '1');
INSERT INTO `creature_loot_template` VALUES ('59200', '55422', '0.27', '1', '0', '1', '1');
INSERT INTO `creature_loot_template` VALUES ('59200', '55423', '0.26', '1', '0', '1', '1');
INSERT INTO `creature_loot_template` VALUES ('59200', '4570', '0.26', '1', '0', '1', '1');
INSERT INTO `creature_loot_template` VALUES ('59200', '9757', '0.26', '1', '0', '1', '1');
INSERT INTO `creature_loot_template` VALUES ('59200', '6543', '0.25', '1', '0', '1', '1');
INSERT INTO `creature_loot_template` VALUES ('59200', '62068', '0.24', '1', '0', '1', '1');
INSERT INTO `creature_loot_template` VALUES ('59200', '62066', '0.24', '1', '0', '1', '1');
INSERT INTO `creature_loot_template` VALUES ('59200', '62064', '0.23', '1', '0', '1', '1');
INSERT INTO `creature_loot_template` VALUES ('59200', '6556', '0.23', '1', '0', '1', '1');
INSERT INTO `creature_loot_template` VALUES ('59200', '1513', '0.23', '1', '0', '1', '1');
INSERT INTO `creature_loot_template` VALUES ('59200', '1515', '0.23', '1', '0', '1', '1');
INSERT INTO `creature_loot_template` VALUES ('59200', '62070', '0.23', '1', '0', '1', '1');
INSERT INTO `creature_loot_template` VALUES ('59200', '62071', '0.22', '1', '0', '1', '1');
INSERT INTO `creature_loot_template` VALUES ('59200', '2763', '0.22', '1', '0', '1', '1');
INSERT INTO `creature_loot_template` VALUES ('59200', '62065', '0.22', '1', '0', '1', '1');
INSERT INTO `creature_loot_template` VALUES ('59200', '62069', '0.21', '1', '0', '1', '1');
INSERT INTO `creature_loot_template` VALUES ('59200', '1516', '0.21', '1', '0', '1', '1');
INSERT INTO `creature_loot_template` VALUES ('59200', '6558', '0.21', '1', '0', '1', '1');
INSERT INTO `creature_loot_template` VALUES ('59200', '2777', '0.21', '1', '0', '1', '1');
INSERT INTO `creature_loot_template` VALUES ('59200', '2976', '0.21', '1', '0', '1', '1');
INSERT INTO `creature_loot_template` VALUES ('59200', '6550', '0.21', '1', '0', '1', '1');
INSERT INTO `creature_loot_template` VALUES ('59200', '62063', '0.21', '1', '0', '1', '1');
INSERT INTO `creature_loot_template` VALUES ('59200', '1514', '0.2', '1', '0', '1', '1');
INSERT INTO `creature_loot_template` VALUES ('59200', '1511', '0.2', '1', '0', '1', '1');
INSERT INTO `creature_loot_template` VALUES ('59200', '1512', '0.2', '1', '0', '1', '1');
INSERT INTO `creature_loot_template` VALUES ('59200', '1510', '0.19', '1', '0', '1', '1');
INSERT INTO `creature_loot_template` VALUES ('59200', '2778', '0.19', '1', '0', '1', '1');
INSERT INTO `creature_loot_template` VALUES ('59200', '55755', '0.19', '1', '0', '1', '1');
INSERT INTO `creature_loot_template` VALUES ('59200', '6537', '0.18', '1', '0', '1', '1');
INSERT INTO `creature_loot_template` VALUES ('59200', '62072', '0.18', '1', '0', '1', '1');
INSERT INTO `creature_loot_template` VALUES ('59200', '1506', '0.18', '1', '0', '1', '1');
INSERT INTO `creature_loot_template` VALUES ('59200', '2978', '0.18', '1', '0', '1', '1');
INSERT INTO `creature_loot_template` VALUES ('59200', '1507', '0.17', '1', '0', '1', '1');
INSERT INTO `creature_loot_template` VALUES ('59200', '3375', '0.17', '1', '0', '1', '1');
INSERT INTO `creature_loot_template` VALUES ('59200', '9765', '0.17', '1', '0', '1', '1');
INSERT INTO `creature_loot_template` VALUES ('59200', '1501', '0.17', '1', '0', '1', '1');
INSERT INTO `creature_loot_template` VALUES ('59200', '3374', '0.17', '1', '0', '1', '1');
INSERT INTO `creature_loot_template` VALUES ('59200', '2980', '0.17', '1', '0', '1', '1');
INSERT INTO `creature_loot_template` VALUES ('59200', '1497', '0.17', '1', '0', '1', '1');
INSERT INTO `creature_loot_template` VALUES ('59200', '55719', '0.16', '1', '0', '1', '1');
INSERT INTO `creature_loot_template` VALUES ('59200', '55485', '0.16', '1', '0', '1', '1');
INSERT INTO `creature_loot_template` VALUES ('59200', '4569', '0.16', '1', '0', '1', '1');
INSERT INTO `creature_loot_template` VALUES ('59200', '55440', '0.16', '1', '0', '1', '1');
INSERT INTO `creature_loot_template` VALUES ('59200', '62117', '0.16', '1', '0', '1', '1');
INSERT INTO `creature_loot_template` VALUES ('59200', '1495', '0.16', '1', '0', '1', '1');
INSERT INTO `creature_loot_template` VALUES ('59200', '55441', '0.15', '1', '0', '1', '1');
INSERT INTO `creature_loot_template` VALUES ('59200', '55746', '0.15', '1', '0', '1', '1');
INSERT INTO `creature_loot_template` VALUES ('59200', '1498', '0.15', '1', '0', '1', '1');
INSERT INTO `creature_loot_template` VALUES ('59200', '1509', '0.15', '1', '0', '1', '1');
INSERT INTO `creature_loot_template` VALUES ('59200', '1499', '0.15', '1', '0', '1', '1');
INSERT INTO `creature_loot_template` VALUES ('59200', '1502', '0.15', '1', '0', '1', '1');
INSERT INTO `creature_loot_template` VALUES ('59200', '5071', '0.15', '1', '0', '1', '1');
INSERT INTO `creature_loot_template` VALUES ('59200', '65896', '0.15', '1', '0', '1', '1');
INSERT INTO `creature_loot_template` VALUES ('59200', '2632', '0.14', '1', '0', '1', '1');
INSERT INTO `creature_loot_template` VALUES ('59200', '1504', '0.14', '1', '0', '1', '1');
INSERT INTO `creature_loot_template` VALUES ('59200', '1732', '0.14', '1', '0', '1', '1');
INSERT INTO `creature_loot_template` VALUES ('59200', '62124', '0.14', '1', '0', '1', '1');
INSERT INTO `creature_loot_template` VALUES ('59200', '62132', '0.14', '1', '0', '1', '1');
INSERT INTO `creature_loot_template` VALUES ('59200', '1734', '0.14', '1', '0', '1', '1');
INSERT INTO `creature_loot_template` VALUES ('59200', '2214', '0.14', '1', '0', '1', '1');
INSERT INTO `creature_loot_template` VALUES ('59200', '9747', '0.14', '1', '0', '1', '1');
INSERT INTO `creature_loot_template` VALUES ('59200', '55756', '0.13', '1', '0', '1', '1');
INSERT INTO `creature_loot_template` VALUES ('59200', '55404', '0.13', '1', '0', '1', '1');
INSERT INTO `creature_loot_template` VALUES ('59200', '55774', '0.13', '1', '0', '1', '1');
INSERT INTO `creature_loot_template` VALUES ('59200', '62113', '0.13', '1', '0', '1', '1');
INSERT INTO `creature_loot_template` VALUES ('59200', '6539', '0.13', '1', '0', '1', '1');
INSERT INTO `creature_loot_template` VALUES ('59200', '6557', '0.13', '1', '0', '1', '1');
INSERT INTO `creature_loot_template` VALUES ('59200', '15210', '0.13', '1', '0', '1', '1');
INSERT INTO `creature_loot_template` VALUES ('59200', '55747', '0.13', '1', '0', '1', '1');
INSERT INTO `creature_loot_template` VALUES ('59200', '15268', '0.13', '1', '0', '1', '1');
INSERT INTO `creature_loot_template` VALUES ('59200', '1503', '0.12', '1', '0', '1', '1');
INSERT INTO `creature_loot_template` VALUES ('59200', '62114', '0.12', '1', '0', '1', '1');
INSERT INTO `creature_loot_template` VALUES ('59200', '65897', '0.12', '1', '0', '1', '1');
INSERT INTO `creature_loot_template` VALUES ('59200', '55773', '0.12', '1', '0', '1', '1');
INSERT INTO `creature_loot_template` VALUES ('59200', '55738', '0.12', '1', '0', '1', '1');
INSERT INTO `creature_loot_template` VALUES ('59200', '9748', '0.12', '1', '0', '1', '1');
INSERT INTO `creature_loot_template` VALUES ('59200', '55737', '0.12', '1', '0', '1', '1');
INSERT INTO `creature_loot_template` VALUES ('59200', '62127', '0.12', '1', '0', '1', '1');
INSERT INTO `creature_loot_template` VALUES ('59200', '62121', '0.12', '1', '0', '1', '1');
INSERT INTO `creature_loot_template` VALUES ('59200', '62135', '0.12', '1', '0', '1', '1');
INSERT INTO `creature_loot_template` VALUES ('59200', '9749', '0.12', '1', '0', '1', '1');
INSERT INTO `creature_loot_template` VALUES ('59200', '1737', '0.12', '1', '0', '1', '1');
INSERT INTO `creature_loot_template` VALUES ('59200', '62115', '0.12', '1', '0', '1', '1');
INSERT INTO `creature_loot_template` VALUES ('59200', '62123', '0.12', '1', '0', '1', '1');
INSERT INTO `creature_loot_template` VALUES ('59200', '62125', '0.12', '1', '0', '1', '1');
INSERT INTO `creature_loot_template` VALUES ('59200', '55486', '0.12', '1', '0', '1', '1');
INSERT INTO `creature_loot_template` VALUES ('59200', '55711', '0.12', '1', '0', '1', '1');
INSERT INTO `creature_loot_template` VALUES ('59200', '62109', '0.12', '1', '0', '1', '1');
INSERT INTO `creature_loot_template` VALUES ('59200', '55728', '0.12', '1', '0', '1', '1');
INSERT INTO `creature_loot_template` VALUES ('59200', '2215', '0.12', '1', '0', '1', '1');
INSERT INTO `creature_loot_template` VALUES ('59200', '1735', '0.12', '1', '0', '1', '1');
INSERT INTO `creature_loot_template` VALUES ('59200', '2974', '0.11', '1', '0', '1', '1');
INSERT INTO `creature_loot_template` VALUES ('59200', '55405', '0.11', '1', '0', '1', '1');
INSERT INTO `creature_loot_template` VALUES ('59200', '1730', '0.11', '1', '0', '1', '1');
INSERT INTO `creature_loot_template` VALUES ('59200', '3651', '0.11', '1', '0', '1', '1');
INSERT INTO `creature_loot_template` VALUES ('59200', '4567', '0.11', '1', '0', '1', '1');
INSERT INTO `creature_loot_template` VALUES ('59200', '55729', '0.11', '1', '0', '1', '1');
INSERT INTO `creature_loot_template` VALUES ('59200', '2975', '0.11', '1', '0', '1', '1');
INSERT INTO `creature_loot_template` VALUES ('59200', '4701', '0.11', '1', '0', '1', '1');
INSERT INTO `creature_loot_template` VALUES ('59200', '62112', '0.11', '1', '0', '1', '1');
INSERT INTO `creature_loot_template` VALUES ('59200', '62118', '0.11', '1', '0', '1', '1');
INSERT INTO `creature_loot_template` VALUES ('59200', '55720', '0.11', '1', '0', '1', '1');
INSERT INTO `creature_loot_template` VALUES ('59200', '55765', '0.11', '1', '0', '1', '1');
INSERT INTO `creature_loot_template` VALUES ('59200', '62128', '0.11', '1', '0', '1', '1');
INSERT INTO `creature_loot_template` VALUES ('59200', '3652', '0.11', '1', '0', '1', '1');
INSERT INTO `creature_loot_template` VALUES ('59200', '1731', '0.11', '1', '0', '1', '1');
INSERT INTO `creature_loot_template` VALUES ('59200', '65894', '0.11', '1', '0', '1', '1');
INSERT INTO `creature_loot_template` VALUES ('59200', '62110', '0.11', '1', '0', '1', '1');
INSERT INTO `creature_loot_template` VALUES ('59200', '62119', '0.11', '1', '0', '1', '1');
INSERT INTO `creature_loot_template` VALUES ('59200', '62122', '0.1', '1', '0', '1', '1');
INSERT INTO `creature_loot_template` VALUES ('59200', '62134', '0.1', '1', '0', '1', '1');
INSERT INTO `creature_loot_template` VALUES ('59200', '62111', '0.1', '1', '0', '1', '1');
INSERT INTO `creature_loot_template` VALUES ('59200', '62126', '0.1', '1', '0', '1', '1');
INSERT INTO `creature_loot_template` VALUES ('59200', '9756', '0.1', '1', '0', '1', '1');
INSERT INTO `creature_loot_template` VALUES ('59200', '9786', '0.1', '1', '0', '1', '1');
INSERT INTO `creature_loot_template` VALUES ('59200', '62120', '0.1', '1', '0', '1', '1');
INSERT INTO `creature_loot_template` VALUES ('59200', '62105', '0.1', '1', '0', '1', '1');
INSERT INTO `creature_loot_template` VALUES ('59200', '62107', '0.1', '1', '0', '1', '1');
INSERT INTO `creature_loot_template` VALUES ('59200', '6379', '0.1', '1', '0', '1', '1');
INSERT INTO `creature_loot_template` VALUES ('59200', '55494', '0.1', '1', '0', '1', '1');
INSERT INTO `creature_loot_template` VALUES ('59200', '55764', '0.1', '1', '0', '1', '1');
INSERT INTO `creature_loot_template` VALUES ('59200', '2970', '0.1', '1', '0', '1', '1');
INSERT INTO `creature_loot_template` VALUES ('59200', '6541', '0.1', '1', '0', '1', '1');
INSERT INTO `creature_loot_template` VALUES ('59200', '55521', '0.1', '1', '0', '1', '1');
INSERT INTO `creature_loot_template` VALUES ('59200', '62131', '0.1', '1', '0', '1', '1');
INSERT INTO `creature_loot_template` VALUES ('59200', '62116', '0.1', '1', '0', '1', '1');
INSERT INTO `creature_loot_template` VALUES ('59200', '5212', '0.1', '1', '0', '1', '1');
INSERT INTO `creature_loot_template` VALUES ('59200', '55368', '0.1', '1', '0', '1', '1');
INSERT INTO `creature_loot_template` VALUES ('59200', '55684', '0.1', '1', '0', '1', '1');
INSERT INTO `creature_loot_template` VALUES ('59200', '62129', '0.1', '1', '0', '1', '1');
INSERT INTO `creature_loot_template` VALUES ('59200', '55612', '0.1', '1', '0', '1', '1');
INSERT INTO `creature_loot_template` VALUES ('59200', '62136', '0.1', '1', '0', '1', '1');
INSERT INTO `creature_loot_template` VALUES ('59200', '55710', '0.1', '1', '0', '1', '1');
INSERT INTO `creature_loot_template` VALUES ('59200', '15933', '0.09', '1', '0', '1', '1');
INSERT INTO `creature_loot_template` VALUES ('59200', '55539', '0.09', '1', '0', '1', '1');
INSERT INTO `creature_loot_template` VALUES ('59200', '55620', '0.09', '1', '0', '1', '1');
INSERT INTO `creature_loot_template` VALUES ('59200', '55495', '0.09', '1', '0', '1', '1');
INSERT INTO `creature_loot_template` VALUES ('59200', '62106', '0.09', '1', '0', '1', '1');
INSERT INTO `creature_loot_template` VALUES ('59200', '6548', '0.09', '1', '0', '1', '1');
INSERT INTO `creature_loot_template` VALUES ('59200', '55503', '0.09', '1', '0', '1', '1');
INSERT INTO `creature_loot_template` VALUES ('59200', '62108', '0.09', '1', '0', '1', '1');
INSERT INTO `creature_loot_template` VALUES ('59200', '62130', '0.09', '1', '0', '1', '1');
INSERT INTO `creature_loot_template` VALUES ('59200', '55674', '0.09', '1', '0', '1', '1');
INSERT INTO `creature_loot_template` VALUES ('59200', '55369', '0.09', '1', '0', '1', '1');
INSERT INTO `creature_loot_template` VALUES ('59200', '55585', '0.09', '1', '0', '1', '1');
INSERT INTO `creature_loot_template` VALUES ('59200', '2977', '0.09', '1', '0', '1', '1');
INSERT INTO `creature_loot_template` VALUES ('59200', '55629', '0.09', '1', '0', '1', '1');
INSERT INTO `creature_loot_template` VALUES ('59200', '55566', '0.09', '1', '0', '1', '1');
INSERT INTO `creature_loot_template` VALUES ('59200', '55602', '0.09', '1', '0', '1', '1');
INSERT INTO `creature_loot_template` VALUES ('59200', '55540', '0.09', '1', '0', '1', '1');
INSERT INTO `creature_loot_template` VALUES ('59200', '55584', '0.09', '1', '0', '1', '1');
INSERT INTO `creature_loot_template` VALUES ('59200', '55611', '0.09', '1', '0', '1', '1');
INSERT INTO `creature_loot_template` VALUES ('59200', '55531', '0.09', '1', '0', '1', '1');
INSERT INTO `creature_loot_template` VALUES ('59200', '62133', '0.09', '1', '0', '1', '1');
INSERT INTO `creature_loot_template` VALUES ('59200', '55548', '0.09', '1', '0', '1', '1');
INSERT INTO `creature_loot_template` VALUES ('59200', '9763', '0.08', '1', '0', '1', '1');
INSERT INTO `creature_loot_template` VALUES ('59200', '55575', '0.08', '1', '0', '1', '1');
INSERT INTO `creature_loot_template` VALUES ('59200', '55513', '0.08', '1', '0', '1', '1');
INSERT INTO `creature_loot_template` VALUES ('59200', '55549', '0.08', '1', '0', '1', '1');
INSERT INTO `creature_loot_template` VALUES ('59200', '3207', '0.08', '1', '0', '1', '1');
INSERT INTO `creature_loot_template` VALUES ('59200', '55557', '0.08', '1', '0', '1', '1');
INSERT INTO `creature_loot_template` VALUES ('59200', '55701', '0.08', '1', '0', '1', '1');
INSERT INTO `creature_loot_template` VALUES ('59200', '55567', '0.08', '1', '0', '1', '1');
INSERT INTO `creature_loot_template` VALUES ('59200', '55693', '0.08', '1', '0', '1', '1');
INSERT INTO `creature_loot_template` VALUES ('59200', '65895', '0.08', '1', '0', '1', '1');
INSERT INTO `creature_loot_template` VALUES ('59200', '55576', '0.08', '1', '0', '1', '1');
INSERT INTO `creature_loot_template` VALUES ('59200', '4571', '0.08', '1', '0', '1', '1');
INSERT INTO `creature_loot_template` VALUES ('59200', '55512', '0.08', '1', '0', '1', '1');
INSERT INTO `creature_loot_template` VALUES ('59200', '55594', '0.08', '1', '0', '1', '1');
INSERT INTO `creature_loot_template` VALUES ('59200', '55378', '0.08', '1', '0', '1', '1');
INSERT INTO `creature_loot_template` VALUES ('59200', '55621', '0.08', '1', '0', '1', '1');
INSERT INTO `creature_loot_template` VALUES ('59200', '6555', '0.08', '1', '0', '1', '1');
INSERT INTO `creature_loot_template` VALUES ('59200', '55683', '0.07', '1', '0', '1', '1');
INSERT INTO `creature_loot_template` VALUES ('59200', '9764', '0.07', '1', '0', '1', '1');
INSERT INTO `creature_loot_template` VALUES ('59200', '55692', '0.07', '1', '0', '1', '1');
INSERT INTO `creature_loot_template` VALUES ('59200', '55522', '0.07', '1', '0', '1', '1');
INSERT INTO `creature_loot_template` VALUES ('59200', '55593', '0.07', '1', '0', '1', '1');
INSERT INTO `creature_loot_template` VALUES ('59200', '55647', '0.07', '1', '0', '1', '1');
INSERT INTO `creature_loot_template` VALUES ('59200', '6549', '0.07', '1', '0', '1', '1');
INSERT INTO `creature_loot_template` VALUES ('59200', '6378', '0.07', '1', '0', '1', '1');
INSERT INTO `creature_loot_template` VALUES ('59200', '6547', '0.07', '1', '0', '1', '1');
INSERT INTO `creature_loot_template` VALUES ('59200', '55657', '0.07', '1', '0', '1', '1');
INSERT INTO `creature_loot_template` VALUES ('59200', '3643', '0.07', '1', '0', '1', '1');
INSERT INTO `creature_loot_template` VALUES ('59200', '6554', '0.07', '1', '0', '1', '1');
INSERT INTO `creature_loot_template` VALUES ('59200', '55530', '0.07', '1', '0', '1', '1');
INSERT INTO `creature_loot_template` VALUES ('59200', '55639', '0.07', '1', '0', '1', '1');
INSERT INTO `creature_loot_template` VALUES ('59200', '55702', '0.07', '1', '0', '1', '1');
INSERT INTO `creature_loot_template` VALUES ('59200', '2971', '0.07', '1', '0', '1', '1');
INSERT INTO `creature_loot_template` VALUES ('59200', '3645', '0.07', '1', '0', '1', '1');
INSERT INTO `creature_loot_template` VALUES ('59200', '55504', '0.07', '1', '0', '1', '1');
INSERT INTO `creature_loot_template` VALUES ('59200', '6540', '0.07', '1', '0', '1', '1');
INSERT INTO `creature_loot_template` VALUES ('59200', '55665', '0.07', '1', '0', '1', '1');
INSERT INTO `creature_loot_template` VALUES ('59200', '2972', '0.07', '1', '0', '1', '1');
INSERT INTO `creature_loot_template` VALUES ('59200', '55630', '0.07', '1', '0', '1', '1');
INSERT INTO `creature_loot_template` VALUES ('59200', '2973', '0.07', '1', '0', '1', '1');
INSERT INTO `creature_loot_template` VALUES ('59200', '55675', '0.07', '1', '0', '1', '1');
INSERT INTO `creature_loot_template` VALUES ('59200', '55558', '0.06', '1', '0', '1', '1');
INSERT INTO `creature_loot_template` VALUES ('59200', '55431', '0.06', '1', '0', '1', '1');
INSERT INTO `creature_loot_template` VALUES ('59200', '55603', '0.06', '1', '0', '1', '1');
INSERT INTO `creature_loot_template` VALUES ('59200', '55666', '0.06', '1', '0', '1', '1');
INSERT INTO `creature_loot_template` VALUES ('59200', '55638', '0.06', '1', '0', '1', '1');
INSERT INTO `creature_loot_template` VALUES ('59200', '4678', '0.06', '1', '0', '1', '1');
INSERT INTO `creature_loot_template` VALUES ('59200', '55458', '0.06', '1', '0', '1', '1');
INSERT INTO `creature_loot_template` VALUES ('59200', '6553', '0.06', '1', '0', '1', '1');
INSERT INTO `creature_loot_template` VALUES ('59200', '55314', '0.06', '1', '0', '1', '1');
INSERT INTO `creature_loot_template` VALUES ('59200', '55656', '0.06', '1', '0', '1', '1');
INSERT INTO `creature_loot_template` VALUES ('59200', '52197', '0.06', '1', '0', '1', '1');
INSERT INTO `creature_loot_template` VALUES ('59200', '2079', '0.06', '1', '0', '1', '1');
INSERT INTO `creature_loot_template` VALUES ('59200', '3205', '0.06', '1', '0', '1', '1');
INSERT INTO `creature_loot_template` VALUES ('59200', '2979', '0.06', '1', '0', '1', '1');
INSERT INTO `creature_loot_template` VALUES ('59200', '2983', '0.06', '1', '0', '1', '1');
INSERT INTO `creature_loot_template` VALUES ('59200', '6546', '0.06', '1', '0', '1', '1');
INSERT INTO `creature_loot_template` VALUES ('59200', '4699', '0.06', '1', '0', '1', '1');
INSERT INTO `creature_loot_template` VALUES ('59200', '55351', '0.06', '1', '0', '1', '1');
INSERT INTO `creature_loot_template` VALUES ('59200', '2078', '0.05', '1', '0', '1', '1');
INSERT INTO `creature_loot_template` VALUES ('59200', '55432', '0.05', '1', '0', '1', '1');
INSERT INTO `creature_loot_template` VALUES ('59200', '2984', '0.05', '1', '0', '1', '1');
INSERT INTO `creature_loot_template` VALUES ('59200', '55648', '0.05', '1', '0', '1', '1');
INSERT INTO `creature_loot_template` VALUES ('59200', '55386', '0.05', '1', '0', '1', '1');
INSERT INTO `creature_loot_template` VALUES ('59200', '4695', '0.05', '1', '0', '1', '1');
INSERT INTO `creature_loot_template` VALUES ('59200', '55333', '0.05', '1', '0', '1', '1');
INSERT INTO `creature_loot_template` VALUES ('59200', '55377', '0.05', '1', '0', '1', '1');
INSERT INTO `creature_loot_template` VALUES ('59200', '55315', '0.05', '1', '0', '1', '1');
INSERT INTO `creature_loot_template` VALUES ('59200', '55459', '0.05', '1', '0', '1', '1');
INSERT INTO `creature_loot_template` VALUES ('59200', '55288', '0.05', '1', '0', '1', '1');
INSERT INTO `creature_loot_template` VALUES ('59200', '55387', '0.05', '1', '0', '1', '1');
INSERT INTO `creature_loot_template` VALUES ('59200', '3610', '0.05', '1', '0', '1', '1');
INSERT INTO `creature_loot_template` VALUES ('59200', '9785', '0.05', '1', '0', '1', '1');
INSERT INTO `creature_loot_template` VALUES ('59200', '15926', '0.05', '1', '0', '1', '1');
INSERT INTO `creature_loot_template` VALUES ('59200', '55332', '0.05', '1', '0', '1', '1');
INSERT INTO `creature_loot_template` VALUES ('59200', '55395', '0.05', '1', '0', '1', '1');
INSERT INTO `creature_loot_template` VALUES ('59200', '9779', '0.05', '1', '0', '1', '1');
INSERT INTO `creature_loot_template` VALUES ('59200', '55296', '0.05', '1', '0', '1', '1');
INSERT INTO `creature_loot_template` VALUES ('59200', '6560', '0.04', '1', '0', '1', '1');
INSERT INTO `creature_loot_template` VALUES ('59200', '2987', '0.04', '1', '0', '1', '1');
INSERT INTO `creature_loot_template` VALUES ('59200', '55350', '0.04', '1', '0', '1', '1');
INSERT INTO `creature_loot_template` VALUES ('59200', '3195', '0.04', '1', '0', '1', '1');
INSERT INTO `creature_loot_template` VALUES ('59200', '3196', '0.04', '1', '0', '1', '1');
INSERT INTO `creature_loot_template` VALUES ('59200', '6380', '0.04', '1', '0', '1', '1');
INSERT INTO `creature_loot_template` VALUES ('59200', '55297', '0.04', '1', '0', '1', '1');
INSERT INTO `creature_loot_template` VALUES ('59200', '65650', '0.04', '1', '0', '1', '1');
INSERT INTO `creature_loot_template` VALUES ('59200', '6559', '0.04', '1', '0', '1', '1');
INSERT INTO `creature_loot_template` VALUES ('59200', '9788', '0.04', '1', '0', '1', '1');
INSERT INTO `creature_loot_template` VALUES ('59200', '2598', '0.04', '1', '0', '1', '1');
INSERT INTO `creature_loot_template` VALUES ('59200', '6545', '0.04', '1', '0', '1', '1');
INSERT INTO `creature_loot_template` VALUES ('59200', '55413', '0.04', '1', '0', '1', '1');
INSERT INTO `creature_loot_template` VALUES ('59200', '2408', '0.04', '1', '0', '1', '1');
INSERT INTO `creature_loot_template` VALUES ('59200', '55287', '0.04', '1', '0', '1', '1');
INSERT INTO `creature_loot_template` VALUES ('59200', '6528', '0.03', '1', '0', '1', '1');
INSERT INTO `creature_loot_template` VALUES ('59200', '3609', '0.03', '1', '0', '1', '1');
INSERT INTO `creature_loot_template` VALUES ('59200', '6551', '0.03', '1', '0', '1', '1');
INSERT INTO `creature_loot_template` VALUES ('59200', '7288', '0.03', '1', '0', '1', '1');
INSERT INTO `creature_loot_template` VALUES ('59200', '55342', '0.03', '1', '0', '1', '1');
INSERT INTO `creature_loot_template` VALUES ('59200', '55396', '0.03', '1', '0', '1', '1');
INSERT INTO `creature_loot_template` VALUES ('59200', '55467', '0.03', '1', '0', '1', '1');
INSERT INTO `creature_loot_template` VALUES ('59200', '55468', '0.03', '1', '0', '1', '1');
INSERT INTO `creature_loot_template` VALUES ('59200', '55341', '0.03', '1', '0', '1', '1');
INSERT INTO `creature_loot_template` VALUES ('59200', '55450', '0.03', '1', '0', '1', '1');
INSERT INTO `creature_loot_template` VALUES ('59200', '2407', '0.03', '1', '0', '1', '1');
INSERT INTO `creature_loot_template` VALUES ('59200', '5573', '0.03', '1', '0', '1', '1');
INSERT INTO `creature_loot_template` VALUES ('59200', '2969', '0.02', '1', '0', '1', '1');
INSERT INTO `creature_loot_template` VALUES ('59200', '55414', '0.02', '1', '0', '1', '1');
INSERT INTO `creature_loot_template` VALUES ('59200', '2657', '0.02', '1', '0', '1', '1');
INSERT INTO `creature_loot_template` VALUES ('59200', '55449', '0.02', '1', '0', '1', '1');
INSERT INTO `creature_loot_template` VALUES ('59200', '55360', '0.02', '1', '0', '1', '1');
INSERT INTO `creature_loot_template` VALUES ('59200', '67539', '0.02', '1', '0', '1', '1');
INSERT INTO `creature_loot_template` VALUES ('59200', '856', '0.02', '1', '0', '1', '1');
INSERT INTO `creature_loot_template` VALUES ('59200', '55323', '0.02', '1', '0', '1', '1');
INSERT INTO `creature_loot_template` VALUES ('59200', '2555', '0.02', '1', '0', '1', '1');
INSERT INTO `creature_loot_template` VALUES ('59200', '67069', '0.02', '1', '0', '1', '1');
INSERT INTO `creature_loot_template` VALUES ('59200', '6342', '0.02', '1', '0', '1', '1');
INSERT INTO `creature_loot_template` VALUES ('59200', '4408', '0.02', '1', '0', '1', '1');
INSERT INTO `creature_loot_template` VALUES ('59200', '2553', '0.01', '1', '0', '1', '1');
INSERT INTO `creature_loot_template` VALUES ('59200', '55305', '0.01', '1', '0', '1', '1');
INSERT INTO `creature_loot_template` VALUES ('59200', '66976', '0.01', '1', '0', '1', '1');
INSERT INTO `creature_loot_template` VALUES ('59200', '6271', '0.01', '1', '0', '1', '1');
INSERT INTO `creature_loot_template` VALUES ('59200', '67125', '0.01', '1', '0', '1', '1');
INSERT INTO `creature_loot_template` VALUES ('59200', '2406', '0.01', '1', '0', '1', '1');
INSERT INTO `creature_loot_template` VALUES ('59200', '4409', '0.01', '1', '0', '1', '1');
INSERT INTO `creature_loot_template` VALUES ('59200', '55359', '0.01', '1', '0', '1', '1');
INSERT INTO `creature_loot_template` VALUES ('59200', '67071', '0.01', '1', '0', '1', '1');
INSERT INTO `creature_loot_template` VALUES ('59200', '5574', '0.01', '1', '0', '1', '1');
INSERT INTO `creature_loot_template` VALUES ('59200', '66942', '0.01', '1', '0', '1', '1');
INSERT INTO `creature_loot_template` VALUES ('59200', '6344', '0.01', '1', '0', '1', '1');
INSERT INTO `creature_loot_template` VALUES ('59200', '6716', '0.01', '1', '0', '1', '1');
INSERT INTO `creature_loot_template` VALUES ('59200', '55324', '0.01', '1', '0', '1', '1');
INSERT INTO `creature_loot_template` VALUES ('59200', '66941', '0.1', '1', '0', '1', '1');
INSERT INTO `creature_loot_template` VALUES ('59200', '66993', '0.1', '1', '0', '1', '1');
INSERT INTO `creature_loot_template` VALUES ('59200', '67067', '0.1', '1', '0', '1', '1');
INSERT INTO `creature_loot_template` VALUES ('59200', '67126', '0.1', '1', '0', '1', '1');
INSERT INTO `creature_loot_template` VALUES ('59200', '67127', '0.1', '1', '0', '1', '1');
INSERT INTO `creature_loot_template` VALUES ('59200', '2881', '0.1', '1', '0', '1', '1');
INSERT INTO `creature_loot_template` VALUES ('59200', '4293', '0.1', '1', '0', '1', '1');
INSERT INTO `creature_loot_template` VALUES ('59200', '52375', '0.1', '1', '0', '1', '1');
INSERT INTO `creature_loot_template` VALUES ('59200', '55306', '0.1', '1', '0', '1', '1');
UPDATE `creature_template` SET lootid='59200' WHERE entry='59200';
-- pickpocketing for heroic entry of 48262
DELETE FROM `pickpocketing_loot_template` WHERE entry='59200';
INSERT INTO `pickpocketing_loot_template` VALUES ('59200', '63348', '1.05', '1', '0', '1', '1');
INSERT INTO `pickpocketing_loot_template` VALUES ('59200', '58269', '1', '1', '0', '1', '1');
INSERT INTO `pickpocketing_loot_template` VALUES ('59200', '63291', '0.98', '1', '0', '1', '1');
INSERT INTO `pickpocketing_loot_template` VALUES ('59200', '63317', '0.98', '1', '0', '1', '1');
INSERT INTO `pickpocketing_loot_template` VALUES ('59200', '63349', '0.73', '1', '0', '1', '1');
INSERT INTO `pickpocketing_loot_template` VALUES ('59200', '2287', '0.4', '1', '0', '1', '1');
INSERT INTO `pickpocketing_loot_template` VALUES ('59200', '63310', '0.32', '1', '0', '1', '1');
UPDATE `creature_template` SET pickpocketloot='59200' WHERE entry='59200';
-- spawning the heroic entry of 48262
INSERT INTO `creature` VALUES (405333, 59200, 36, 1581, 1581, 2, 1, 37382, 0, -190.826, -425.172, 54.1097, 5.89921, 7200, 8, 0, 1968, 0, 1, 0, 0, 0);
INSERT INTO `creature` VALUES (405334, 59200, 36, 1581, 1581, 2, 1, 37382, 0, -185.094, -428.71, 54.1505, 2.54818, 7200, 8, 0, 1968, 0, 1, 0, 0, 0);
-- 5 Heroic spawn part 1
INSERT INTO `creature` VALUES (405335, 48280, 36, 1581, 1581, 2, 1, 7110, 0, -216.05, -578.45, 21.0601, 0.593412, 7200, 0, 0, 984, 0, 0, 0, 0, 0);
INSERT INTO `creature` VALUES (405336, 48280, 36, 1581, 1581, 2, 1, 7110, 0, -234.035, -587.694, 51.327, 1.64061, 7200, 0, 0, 984, 0, 0, 0, 0, 0);
INSERT INTO `creature` VALUES (405337, 48280, 36, 1581, 1581, 2, 1, 7110, 0, -234.089, -587.472, 19.3898, 3.59538, 7200, 0, 0, 984, 0, 0, 0, 0, 0);
INSERT INTO `creature` VALUES (405338, 48280, 36, 1581, 1581, 2, 1, 7110, 0, -182.872, -574.391, 48.223, 3.64774, 7200, 0, 0, 984, 0, 0, 0, 0, 0);
INSERT INTO `creature` VALUES (405339, 48280, 36, 1581, 1581, 2, 1, 7110, 0, -206.177, -608.375, 29.0938, 3.49066, 7200, 0, 0, 984, 0, 0, 0, 0, 0);
INSERT INTO `creature` VALUES (405340, 48280, 36, 1581, 1581, 2, 1, 7110, 0, -235.134, -569.219, 19.3898, 5.18363, 7200, 0, 0, 984, 0, 0, 0, 0, 0);
INSERT INTO `creature` VALUES (405341, 48280, 36, 1581, 1581, 2, 1, 7110, 0, -212.672, -550.024, 51.3129, 3.78736, 7200, 0, 0, 984, 0, 0, 0, 0, 0);
INSERT INTO `creature` VALUES (405342, 48280, 36, 1581, 1581, 2, 1, 7110, 0, -205.578, -561.946, 21.0601, 1.37881, 7200, 0, 0, 984, 0, 0, 0, 0, 0);
INSERT INTO `creature` VALUES (405343, 48280, 36, 1581, 1581, 2, 1, 7110, 0, -206.753, -554.3, 51.3129, 5.13127, 7200, 0, 0, 984, 0, 0, 0, 0, 0);
INSERT INTO `creature` VALUES (405344, 48280, 36, 1581, 1581, 2, 1, 7110, 0, -223.089, -575.111, 21.0601, 3.68265, 7200, 0, 0, 984, 0, 0, 0, 0, 0);
INSERT INTO `creature` VALUES (405345, 48280, 36, 1581, 1581, 2, 1, 7110, 0, -195.891, -600.521, 33.9845, 1.39626, 7200, 0, 0, 984, 0, 0, 0, 0, 0);
INSERT INTO `creature` VALUES (405346, 48439, 36, 1581, 1581, 2, 1, 7109, 0, -183.33, -593.04, 40.1064, 0.314159, 7200, 0, 0, 984, 0, 0, 0, 0, 0);
INSERT INTO `creature` VALUES (405347, 48439, 36, 1581, 1581, 2, 1, 7109, 0, -180.807, -561.872, 51.3129, 0.506145, 7200, 0, 0, 984, 0, 0, 0, 0, 0);
INSERT INTO `creature` VALUES (405348, 48439, 36, 1581, 1581, 2, 1, 7109, 0, -203, -589.443, 21.0601, 4.01426, 7200, 0, 0, 984, 0, 0, 0, 0, 0);
INSERT INTO `creature` VALUES (405349, 48439, 36, 1581, 1581, 2, 1, 7109, 0, -225.444, -566.316, 51.3129, 3.9619, 7200, 0, 0, 984, 0, 0, 0, 0, 0);
INSERT INTO `creature` VALUES (405350, 48439, 36, 1581, 1581, 2, 1, 7109, 0, -228.839, -561.601, 51.3129, 3.45575, 7200, 0, 0, 984, 0, 0, 0, 0, 0);
INSERT INTO `creature` VALUES (405351, 48439, 36, 1581, 1581, 2, 1, 7109, 0, -214.366, -587.153, 21.0601, 6.24828, 7200, 0, 0, 984, 0, 0, 0, 0, 0);
INSERT INTO `creature` VALUES (405352, 48439, 36, 1581, 1581, 2, 1, 7109, 0, -198.247, -571.009, 21.0601, 3.52556, 7200, 0, 0, 984, 0, 0, 0, 0, 0);
INSERT INTO `creature` VALUES (405353, 48439, 36, 1581, 1581, 2, 1, 7109, 0, -211.707, -561.788, 21.0601, 6.14356, 7200, 0, 0, 984, 0, 0, 0, 0, 0);
INSERT INTO `creature` VALUES (405354, 48439, 36, 1581, 1581, 2, 1, 7109, 0, -207.793, -550.951, 51.3129, 3.52556, 7200, 0, 0, 984, 0, 0, 0, 0, 0);
INSERT INTO `creature` VALUES (405355, 48439, 36, 1581, 1581, 2, 1, 7109, 0, -217.95, -598.425, 23.3113, 2.02458, 7200, 0, 0, 984, 0, 0, 0, 0, 0);
INSERT INTO `creature` VALUES (405356, 48439, 36, 1581, 1581, 2, 1, 7109, 0, -185.151, -559.092, 19.3898, 3.07178, 7200, 0, 0, 984, 0, 0, 0, 0, 0);
INSERT INTO `creature` VALUES (405357, 48439, 36, 1581, 1581, 2, 1, 7109, 0, -222.319, -561.106, 19.3898, 2.35619, 7200, 0, 0, 984, 0, 0, 0, 0, 0);
INSERT INTO `creature` VALUES (405358, 598, 36, 1581, 1581, 2, 1, 0, 0, -146.345, -528.773, 52.1728, 0.366519, 7200, 5, 0, 386, 0, 1, 0, 0, 0);
INSERT INTO `creature` VALUES (405359, 598, 36, 1581, 1581, 2, 1, 0, 0, -149.5, -519.485, 53.0869, 0.10472, 7200, 0, 0, 386, 0, 0, 0, 0, 0);
INSERT INTO `creature` VALUES (405360, 598, 36, 1581, 1581, 2, 1, 0, 0, -159.594, -529.266, 52.2688, 3.24631, 7200, 0, 0, 386, 0, 0, 0, 0, 0);
INSERT INTO `creature` VALUES (405361, 598, 36, 1581, 1581, 2, 1, 0, 0, -214.18, -516.23, 51.4912, 5.89921, 7200, 0, 0, 386, 0, 0, 0, 0, 0);
INSERT INTO `creature` VALUES (405362, 598, 36, 1581, 1581, 2, 1, 0, 0, -158.652, -513.984, 52.7541, 4.08407, 7200, 0, 0, 386, 0, 0, 0, 0, 0);
INSERT INTO `creature` VALUES (405363, 598, 36, 1581, 1581, 2, 1, 0, 0, -206.619, -512.06, 51.5749, 4.55531, 7200, 5, 0, 386, 0, 1, 0, 0, 0);
INSERT INTO `creature` VALUES (405364, 598, 36, 1581, 1581, 2, 1, 0, 0, -157.933, -506.575, 53.4426, 1.02974, 7200, 0, 0, 386, 0, 0, 0, 0, 0);
INSERT INTO `creature` VALUES (405365, 598, 36, 1581, 1581, 2, 1, 0, 0, -170.745, -509.416, 53.7236, 4.85202, 7200, 5, 0, 386, 0, 1, 0, 0, 0);
INSERT INTO `creature` VALUES (405366, 598, 36, 1581, 1581, 2, 1, 0, 0, -222.039, -500.223, 49.6132, 3.66519, 7200, 0, 0, 386, 0, 0, 0, 0, 0);
INSERT INTO `creature` VALUES (405367, 598, 36, 1581, 1581, 2, 1, 0, 0, -198.654, -510.057, 53.4681, 4.99164, 7200, 5, 0, 386, 0, 1, 0, 0, 0);
INSERT INTO `creature` VALUES (405368, 598, 36, 1581, 1581, 2, 1, 0, 0, -233.461, -490.313, 49.5979, 4.06662, 7200, 0, 0, 386, 0, 0, 0, 0, 0);
INSERT INTO `creature` VALUES (405369, 598, 36, 1581, 1581, 2, 1, 0, 0, -186.472, -506.314, 53.3956, 4.79965, 7200, 0, 0, 386, 0, 0, 0, 0, 0);
INSERT INTO `creature` VALUES (405370, 598, 36, 1581, 1581, 2, 1, 0, 0, -207.559, -499.156, 51.04, 1.02974, 7200, 0, 0, 386, 0, 0, 0, 0, 0);
INSERT INTO `creature` VALUES (405371, 598, 36, 1581, 1581, 2, 1, 0, 0, -231.309, -476.99, 49.3445, 1.06465, 7200, 0, 0, 386, 0, 0, 0, 0, 0);
INSERT INTO `creature` VALUES (405372, 598, 36, 1581, 1581, 2, 1, 0, 0, -219.438, -485.815, 49.4967, 0.698132, 7200, 0, 0, 386, 0, 0, 0, 0, 0);
INSERT INTO `creature` VALUES (405373, 598, 36, 1581, 1581, 2, 1, 0, 0, -197.438, -490.739, 54.0243, 3.76991, 7200, 0, 0, 386, 0, 0, 0, 0, 0);
INSERT INTO `creature` VALUES (405374, 598, 36, 1581, 1581, 2, 1, 0, 0, -176.345, -499.359, 54.2337, 0.890118, 7200, 5, 0, 386, 0, 1, 0, 0, 0);
INSERT INTO `creature` VALUES (405375, 598, 36, 1581, 1581, 2, 1, 0, 0, -176.814, -487.945, 54.2515, 6.26573, 7200, 0, 0, 386, 0, 0, 0, 0, 0);
INSERT INTO `creature` VALUES (405376, 598, 36, 1581, 1581, 2, 1, 0, 0, -169.962, -409.583, 57.6959, 5.60251, 7200, 0, 0, 386, 0, 0, 0, 0, 0);
INSERT INTO `creature` VALUES (405377, 598, 36, 1581, 1581, 2, 1, 0, 0, -182.302, -410.296, 55.6153, 2.77507, 7200, 0, 0, 386, 0, 0, 0, 0, 0);
INSERT INTO `creature` VALUES (405378, 598, 36, 1581, 1581, 2, 1, 0, 0, -175.251, -400.119, 57.5643, 2.49582, 7200, 0, 0, 386, 0, 0, 0, 0, 0);
INSERT INTO `creature` VALUES (405379, 598, 36, 1581, 1581, 2, 1, 0, 0, -165.125, -403.208, 57.3258, 5.48033, 7200, 0, 0, 386, 0, 0, 0, 0, 0);
INSERT INTO `creature` VALUES (405380, 598, 36, 1581, 1581, 2, 1, 0, 0, -153.941, -395.623, 57.0007, 1.16937, 7200, 0, 0, 386, 0, 0, 0, 0, 0);
INSERT INTO `creature` VALUES (405381, 598, 36, 1581, 1581, 2, 1, 0, 0, -126.517, -441.77, 55.5907, 4.06662, 7200, 0, 0, 386, 0, 0, 0, 0, 0);
INSERT INTO `creature` VALUES (405382, 598, 36, 1581, 1581, 2, 1, 0, 0, -114.904, -450.414, 56.424, 0, 7200, 0, 0, 386, 0, 0, 0, 0, 0);
INSERT INTO `creature` VALUES (405383, 598, 36, 1581, 1581, 2, 1, 0, 0, -147.793, -407.295, 57.7768, 4.06662, 7200, 0, 0, 386, 0, 0, 0, 0, 0);
INSERT INTO `creature` VALUES (405384, 598, 36, 1581, 1581, 2, 1, 0, 0, -139.342, -412.573, 58.9302, 3.57792, 7200, 0, 0, 386, 0, 0, 0, 0, 0);
INSERT INTO `creature` VALUES (405385, 598, 36, 1581, 1581, 2, 1, 0, 0, -130.811, -394.411, 59.4243, 2.47837, 7200, 0, 0, 386, 0, 0, 0, 0, 0);
INSERT INTO `creature` VALUES (405386, 598, 36, 1581, 1581, 2, 1, 0, 0, -139.803, -399.804, 58.4387, 1.48353, 7200, 0, 0, 386, 0, 0, 0, 0, 0);
INSERT INTO `creature` VALUES (405387, 598, 36, 1581, 1581, 2, 1, 0, 0, -128.305, -384.093, 59.1888, 3.10669, 7200, 0, 0, 386, 0, 0, 0, 0, 0);
INSERT INTO `creature` VALUES (405388, 598, 36, 1581, 1581, 2, 1, 0, 0, -116.78, -411.297, 58.8569, 5.74213, 7200, 0, 0, 386, 0, 0, 0, 0, 0);
INSERT INTO `creature` VALUES (405389, 598, 36, 1581, 1581, 2, 1, 0, 0, -52.6469, -368.032, 55.5931, 1.41372, 7200, 0, 0, 386, 0, 0, 0, 0, 0);
INSERT INTO `creature` VALUES (405390, 598, 36, 1581, 1581, 2, 1, 0, 0, -66.8609, -364.098, 54.8182, 2.89725, 7200, 0, 0, 386, 0, 0, 0, 0, 0);
INSERT INTO `creature` VALUES (405391, 598, 36, 1581, 1581, 2, 1, 0, 0, -98.282, -383.228, 59.2963, 5.58505, 7200, 0, 0, 386, 0, 0, 0, 0, 0);
INSERT INTO `creature` VALUES (405392, 598, 36, 1581, 1581, 2, 1, 0, 0, -70.8896, -395.711, 55.8013, 3.64774, 7200, 0, 0, 386, 0, 0, 0, 0, 0);
INSERT INTO `creature` VALUES (405393, 598, 36, 1581, 1581, 2, 1, 0, 0, -83.0129, -396.353, 59.0941, 0.087266, 7200, 0, 0, 386, 0, 0, 0, 0, 0);
INSERT INTO `creature` VALUES (405394, 598, 36, 1581, 1581, 2, 1, 0, 0, -72.5348, -370.202, 55.6576, 1.6057, 7200, 0, 0, 386, 0, 0, 0, 0, 0);
INSERT INTO `creature` VALUES (405395, 598, 36, 1581, 1581, 2, 1, 0, 0, -40.12, -370.386, 56.5668, 2.35619, 7200, 0, 0, 386, 0, 0, 0, 0, 0);
INSERT INTO `creature` VALUES (405396, 598, 36, 1581, 1581, 2, 1, 0, 0, -79.0664, -382.136, 55.3884, 4.64258, 7200, 0, 0, 386, 0, 0, 0, 0, 0);
INSERT INTO `creature` VALUES (405397, 598, 36, 1581, 1581, 2, 1, 0, 0, -100.509, -372.996, 59.22, 1.32645, 7200, 0, 0, 386, 0, 0, 0, 0, 0);
INSERT INTO `creature` VALUES (405398, 598, 36, 1581, 1581, 2, 1, 0, 0, -108.016, -403.976, 60.0188, 4.79965, 7200, 0, 0, 386, 0, 0, 0, 0, 0);
INSERT INTO `creature` VALUES (405399, 598, 36, 1581, 1581, 2, 1, 0, 0, -57.0594, -406.745, 55.1336, 5.06145, 7200, 5, 0, 386, 0, 1, 0, 0, 0);
INSERT INTO `creature` VALUES (405400, 598, 36, 1581, 1581, 2, 1, 0, 0, -100.262, -430.704, 56.005, 0.767945, 7200, 5, 0, 386, 0, 1, 0, 0, 0);
INSERT INTO `creature` VALUES (405401, 598, 36, 1581, 1581, 2, 1, 0, 0, -73.1336, -407.03, 54.9728, 2.56563, 7200, 0, 0, 386, 0, 0, 0, 0, 0);
INSERT INTO `creature` VALUES (405402, 598, 36, 1581, 1581, 2, 1, 0, 0, -104.389, -426.736, 55.9882, 1.09956, 7200, 5, 0, 386, 0, 1, 0, 0, 0);
INSERT INTO `creature` VALUES (405403, 598, 36, 1581, 1581, 2, 1, 0, 0, -50.2651, -401.198, 55.6811, 5.51524, 7200, 0, 0, 386, 0, 0, 0, 0, 0);
INSERT INTO `creature` VALUES (405404, 4416, 36, 1581, 1581, 2, 1, 0, 0, -104.376, -640.789, 8.76665, 0.733038, 7200, 0, 0, 417, 0, 0, 0, 0, 0);
INSERT INTO `creature` VALUES (405405, 4416, 36, 1581, 1581, 2, 1, 0, 0, -115.421, -651.487, 8.16425, 3.57792, 7200, 0, 0, 417, 0, 0, 0, 0, 0);
INSERT INTO `creature` VALUES (405406, 4416, 36, 1581, 1581, 2, 1, 0, 0, -118.393, -635.202, 12.197, 0.785398, 7200, 0, 0, 417, 0, 0, 0, 0, 0);
INSERT INTO `creature` VALUES (405407, 4416, 36, 1581, 1581, 2, 1, 0, 0, -104.417, -620.566, 14.5019, 5.0091, 7200, 0, 0, 417, 0, 0, 0, 0, 0);
INSERT INTO `creature` VALUES (405408, 4416, 36, 1581, 1581, 2, 1, 0, 0, -132.504, -637.781, 14.3308, 4.46804, 7200, 0, 0, 417, 0, 0, 0, 0, 0);
INSERT INTO `creature` VALUES (405409, 4416, 36, 1581, 1581, 2, 1, 0, 0, -115.187, -621.201, 14.1127, 4.93928, 7200, 0, 0, 417, 0, 0, 0, 0, 0);
INSERT INTO `creature` VALUES (405410, 4416, 36, 1581, 1581, 2, 1, 0, 0, -106.13, -613.612, 14.3938, 1.6057, 7200, 0, 0, 417, 0, 0, 0, 0, 0);
INSERT INTO `creature` VALUES (405411, 4416, 36, 1581, 1581, 2, 1, 0, 0, -126.252, -596.364, 17.8088, 6.24828, 7200, 0, 0, 417, 0, 0, 0, 0, 0);
INSERT INTO `creature` VALUES (405412, 4416, 36, 1581, 1581, 2, 1, 0, 0, -137.649, -622.887, 15.0423, 2.98451, 7200, 0, 0, 417, 0, 0, 0, 0, 0);
INSERT INTO `creature` VALUES (405413, 4416, 36, 1581, 1581, 2, 1, 0, 0, -127.414, -607.545, 15.174, 0.15708, 7200, 0, 0, 417, 0, 0, 0, 0, 0);
INSERT INTO `creature` VALUES (405414, 4416, 36, 1581, 1581, 2, 1, 0, 0, -138.051, -613.235, 15.3036, 3.38594, 7200, 0, 0, 417, 0, 0, 0, 0, 0);
INSERT INTO `creature` VALUES (405415, 4416, 36, 1581, 1581, 2, 1, 0, 0, -135.128, -593.666, 17.8968, 3.29867, 7200, 0, 0, 417, 0, 0, 0, 0, 0);
INSERT INTO `creature` VALUES (405416, 4416, 36, 1581, 1581, 2, 1, 0, 0, -138.003, -602.398, 16.1097, 3.03687, 7200, 0, 0, 417, 0, 0, 0, 0, 0);
INSERT INTO `creature` VALUES (405417, 4416, 36, 1581, 1581, 2, 1, 0, 0, -281.691, -601.383, 50.8434, 5.06145, 7200, 0, 0, 417, 0, 0, 0, 0, 0);
INSERT INTO `creature` VALUES (405418, 4416, 36, 1581, 1581, 2, 1, 0, 0, -280.811, -588.13, 51.0407, 2.37365, 7200, 0, 0, 417, 0, 0, 0, 0, 0);
INSERT INTO `creature` VALUES (405419, 4416, 36, 1581, 1581, 2, 1, 0, 0, -272.938, -589.211, 50.9034, 5.8294, 7200, 0, 0, 417, 0, 0, 0, 0, 0);
INSERT INTO `creature` VALUES (405420, 4416, 36, 1581, 1581, 2, 1, 0, 0, -313.123, -592.62, 48.5652, 3.14159, 7200, 0, 0, 417, 0, 0, 0, 0, 0);
INSERT INTO `creature` VALUES (405421, 4416, 36, 1581, 1581, 2, 1, 0, 0, -305.659, -579.786, 48.8363, 2.35619, 7200, 0, 0, 417, 0, 0, 0, 0, 0);
INSERT INTO `creature` VALUES (405422, 4416, 36, 1581, 1581, 2, 1, 0, 0, -294.312, -584.521, 49.7644, 5.61996, 7200, 0, 0, 417, 0, 0, 0, 0, 0);
INSERT INTO `creature` VALUES (405423, 4416, 36, 1581, 1581, 2, 1, 0, 0, -287.618, -576.586, 49.2788, 5.46288, 7200, 0, 0, 417, 0, 0, 0, 0, 0);
INSERT INTO `creature` VALUES (405424, 4416, 36, 1581, 1581, 2, 1, 0, 0, -297.79, -567.185, 50.0666, 3.07178, 7200, 0, 0, 417, 0, 0, 0, 0, 0);
INSERT INTO `creature` VALUES (405425, 4416, 36, 1581, 1581, 2, 1, 0, 0, -259.328, -587.667, 51.0296, 3.80482, 7200, 0, 0, 417, 0, 0, 0, 0, 0);
INSERT INTO `creature` VALUES (405426, 4416, 36, 1581, 1581, 2, 1, 0, 0, -275.491, -574.469, 50.5192, 2.49582, 7200, 0, 0, 417, 0, 0, 0, 0, 0);
INSERT INTO `creature` VALUES (405427, 4416, 36, 1581, 1581, 2, 1, 0, 0, -152.997, -590.709, 19.0535, 4.81711, 7200, 0, 0, 417, 0, 0, 0, 0, 0);
INSERT INTO `creature` VALUES (405428, 4416, 36, 1581, 1581, 2, 1, 0, 0, -131.691, -578.845, 18.6522, 0.314159, 7200, 0, 0, 417, 0, 0, 0, 0, 0);
INSERT INTO `creature` VALUES (405429, 4416, 36, 1581, 1581, 2, 1, 0, 0, -139.828, -569.442, 19.7906, 1.39626, 7200, 0, 0, 417, 0, 0, 0, 0, 0);
INSERT INTO `creature` VALUES (405430, 4416, 36, 1581, 1581, 2, 1, 0, 0, -87.4821, -404.357, 59.0401, 5.67232, 7200, 0, 0, 417, 0, 0, 0, 0, 0);
INSERT INTO `creature` VALUES (405431, 48284, 36, 1581, 1581, 2, 1, 36085, 0, -146.743, -586.997, 18.936, 0, 7200, 0, 0, 3, 0, 0, 0, 0, 0);
INSERT INTO `creature` VALUES (405432, 48284, 36, 1581, 1581, 2, 1, 36085, 0, -302.448, -504.391, 49.5412, 0, 7200, 0, 0, 3, 0, 0, 0, 0, 0);
INSERT INTO `creature` VALUES (405433, 48284, 36, 1581, 1581, 2, 1, 36085, 0, -228.181, -491.986, 48.785, 0, 7200, 0, 0, 3, 0, 0, 0, 0, 0);
INSERT INTO `creature` VALUES (405434, 48284, 36, 1581, 1581, 2, 1, 36085, 0, -149.479, -533.724, 49.7047, 0, 7200, 0, 0, 3, 0, 0, 0, 0, 0);
INSERT INTO `creature` VALUES (405435, 48284, 36, 1581, 1581, 2, 1, 36085, 0, -276.222, -579.795, 50.4263, 0, 7200, 0, 0, 3, 0, 0, 0, 0, 0);
INSERT INTO `creature` VALUES (405436, 48284, 36, 1581, 1581, 2, 1, 36085, 0, -182.821, -485.785, 54.1321, 0, 7200, 0, 0, 3, 0, 0, 0, 0, 0);
INSERT INTO `creature` VALUES (405437, 48284, 36, 1581, 1581, 2, 1, 36085, 0, -117.422, -412.74, 58.5219, 0, 7200, 0, 0, 3, 0, 0, 0, 0, 0);
INSERT INTO `creature` VALUES (405438, 48284, 36, 1581, 1581, 2, 1, 36085, 0, -138.866, -412.375, 58.8345, 0, 7200, 0, 0, 3, 0, 0, 0, 0, 0);
INSERT INTO `creature` VALUES (405439, 48284, 36, 1581, 1581, 2, 1, 36085, 0, -213.526, -496.017, 49.7937, 0, 7200, 0, 0, 3, 0, 0, 0, 0, 0);
INSERT INTO `creature` VALUES (405440, 48284, 36, 1581, 1581, 2, 1, 36085, 0, -136.859, -630.3, 14.8651, 0, 7200, 0, 0, 3, 0, 0, 0, 0, 0);
INSERT INTO `creature` VALUES (405441, 48284, 36, 1581, 1581, 2, 1, 36085, 0, -127.288, -599.422, 16.8903, 0, 7200, 0, 0, 3, 0, 0, 0, 0, 0);
INSERT INTO `creature` VALUES (405442, 48284, 36, 1581, 1581, 2, 1, 36085, 0, -96.1215, -662.59, 7.49677, 0, 7200, 0, 0, 3, 0, 0, 0, 0, 0);
INSERT INTO `creature` VALUES (405443, 48284, 36, 1581, 1581, 2, 1, 36085, 0, -206.377, -511.821, 51.6158, 0, 7200, 0, 0, 3, 0, 0, 0, 0, 0);
INSERT INTO `creature` VALUES (405444, 48284, 36, 1581, 1581, 2, 1, 36085, 0, -149.052, -523.596, 52.4815, 0, 7200, 0, 0, 3, 0, 0, 0, 0, 0);
INSERT INTO `creature` VALUES (405445, 48284, 36, 1581, 1581, 2, 1, 36085, 0, -308.819, -599.736, 48.2892, 0, 7200, 0, 0, 3, 0, 0, 0, 0, 0);
INSERT INTO `creature` VALUES (405446, 48284, 36, 1581, 1581, 2, 1, 36085, 0, -292.052, -575.366, 48.8457, 0, 7200, 0, 0, 3, 0, 0, 0, 0, 0);
INSERT INTO `creature` VALUES (405447, 48284, 36, 1581, 1581, 2, 1, 36085, 0, -153.854, -533.601, 49.6608, 0, 7200, 0, 0, 3, 0, 0, 0, 0, 0);
INSERT INTO `creature` VALUES (405448, 48284, 36, 1581, 1581, 2, 1, 36085, 0, -109.484, -621.764, 14.7253, 0, 7200, 0, 0, 3, 0, 0, 0, 0, 0);
INSERT INTO `creature` VALUES (405449, 48284, 36, 1581, 1581, 2, 1, 36085, 0, -123.663, -395.759, 58.4454, 0, 7200, 0, 0, 3, 0, 0, 0, 0, 0);
INSERT INTO `creature` VALUES (405450, 48284, 36, 1581, 1581, 2, 1, 36085, 0, -146.592, -528.896, 52.0218, 0, 7200, 0, 0, 3, 0, 0, 0, 0, 0);
INSERT INTO `creature` VALUES (405451, 48284, 36, 1581, 1581, 2, 1, 36085, 0, -158.859, -533.128, 52.419, 0, 7200, 0, 0, 3, 0, 0, 0, 0, 0);
INSERT INTO `creature` VALUES (405452, 48284, 36, 1581, 1581, 2, 1, 36085, 0, -168.455, -396.632, 57.568, 0, 7200, 0, 0, 3, 0, 0, 0, 0, 0);
INSERT INTO `creature` VALUES (405453, 48284, 36, 1581, 1581, 2, 1, 36085, 0, -250.729, -584.616, 51.2278, 0, 7200, 0, 0, 3, 0, 0, 0, 0, 0);
INSERT INTO `creature` VALUES (405454, 48284, 36, 1581, 1581, 2, 1, 36085, 0, -284.227, -550.545, 49.5303, 0, 7200, 0, 0, 3, 0, 0, 0, 0, 0);
INSERT INTO `creature` VALUES (405455, 48284, 36, 1581, 1581, 2, 1, 36085, 0, -179.148, -425.917, 55.0343, 0, 7200, 0, 0, 3, 0, 0, 0, 0, 0);
INSERT INTO `creature` VALUES (405456, 48284, 36, 1581, 1581, 2, 1, 36085, 0, -98.1962, -388.095, 58.9235, 0, 7200, 0, 0, 3, 0, 0, 0, 0, 0);
INSERT INTO `creature` VALUES (405457, 48284, 36, 1581, 1581, 2, 1, 36085, 0, -275.771, -502.406, 50.0816, 0, 7200, 0, 0, 3, 0, 0, 0, 0, 0);
INSERT INTO `creature` VALUES (405458, 48284, 36, 1581, 1581, 2, 1, 36085, 0, -192.785, -495.118, 53.5662, 0, 7200, 0, 0, 3, 0, 0, 0, 0, 0);
INSERT INTO `creature` VALUES (405459, 48284, 36, 1581, 1581, 2, 1, 36085, 0, -249.444, -492.528, 49.2208, 0, 7200, 0, 0, 3, 0, 0, 0, 0, 0);
INSERT INTO `creature` VALUES (405460, 48338, 36, 1581, 1581, 2, 1, 36119, 0, -188.042, -497.33, 53.3696, 4.41967, 7200, 0, 0, 1312, 0, 0, 0, 0, 0);
INSERT INTO `creature` VALUES (405461, 48338, 36, 1581, 1581, 2, 1, 36119, 0, -188.042, -497.33, 53.3696, 4.41967, 7200, 0, 0, 1312, 0, 0, 0, 0, 0);
INSERT INTO `creature` VALUES (405462, 4075, 36, 1581, 1581, 2, 1, 0, 0, -289.323, -574.988, 49.0583, 6.0705, 7200, 0, 0, 8, 0, 0, 0, 0, 0);
INSERT INTO `creature` VALUES (405463, 4075, 36, 1581, 1581, 2, 1, 0, 0, -137.489, -625.4, 14.8722, 1.50113, 7200, 10, 0, 8, 0, 1, 0, 0, 0);
INSERT INTO `creature` VALUES (405464, 4075, 36, 1581, 1581, 2, 1, 0, 0, -134.399, -792.648, 17.47, 2.70032, 7200, 10, 0, 8, 0, 1, 0, 0, 0);
INSERT INTO `creature` VALUES (405465, 4075, 36, 1581, 1581, 2, 1, 0, 0, -121.662, -435.93, 54.643, 4.30604, 7200, 10, 0, 8, 0, 1, 0, 0, 0);
INSERT INTO `creature` VALUES (405466, 4075, 36, 1581, 1581, 2, 1, 0, 0, -137.611, -627.141, 14.8801, 1.50113, 7200, 10, 0, 8, 0, 1, 0, 0, 0);
INSERT INTO `creature` VALUES (405467, 4075, 36, 1581, 1581, 2, 1, 0, 0, -274.531, -578.467, 50.2194, 5.87235, 7200, 10, 0, 8, 0, 1, 0, 0, 0);
INSERT INTO `creature` VALUES (405468, 4075, 36, 1581, 1581, 2, 1, 0, 0, -195.525, -476.929, 54.1321, 2.96706, 7200, 10, 0, 8, 0, 1, 0, 0, 0);
INSERT INTO `creature` VALUES (405469, 4075, 36, 1581, 1581, 2, 1, 0, 0, -183.257, -440.667, 54.201, 5.42284, 7200, 10, 0, 8, 0, 1, 0, 0, 0);
INSERT INTO `creature` VALUES (405470, 4075, 36, 1581, 1581, 2, 1, 0, 0, -122.287, -414.488, 58.311, 6.23634, 7200, 10, 0, 8, 0, 1, 0, 0, 0);
INSERT INTO `creature` VALUES (405471, 4075, 36, 1581, 1581, 2, 1, 0, 0, -13.3427, -376.707, 60.7323, 0.994858, 7200, 10, 0, 8, 0, 1, 0, 0, 0);
INSERT INTO `creature` VALUES (405472, 4075, 36, 1581, 1581, 2, 1, 0, 0, -94.0732, -403.819, 57.5726, 0.191218, 7200, 10, 0, 8, 0, 1, 0, 0, 0);
INSERT INTO `creature` VALUES (405473, 4075, 36, 1581, 1581, 2, 1, 1141, 0, -119.803, -425.179, 55.6102, 3.73371, 7200, 7, 0, 8, 0, 1, 0, 0, 0);
INSERT INTO `creature` VALUES (405474, 4075, 36, 1581, 1581, 2, 1, 1418, 0, -114.81, -644.915, 10.022, 2.37437, 7200, 7, 0, 8, 0, 1, 0, 0, 0);
INSERT INTO `creature` VALUES (405475, 4075, 36, 1581, 1581, 2, 1, 2176, 0, -134.399, -792.648, 17.47, 2.70032, 7200, 7, 0, 8, 0, 1, 0, 0, 0);
INSERT INTO `creature` VALUES (405476, 4075, 36, 1581, 1581, 2, 1, 1418, 0, -254.311, -587.275, 51.149, 5.87235, 7200, 7, 0, 8, 0, 1, 0, 0, 0);
INSERT INTO `creature` VALUES (405477, 4075, 36, 1581, 1581, 2, 1, 1141, 0, -14.5733, -376.397, 60.595, 2.89547, 7200, 7, 0, 8, 0, 1, 0, 0, 0);
INSERT INTO `creature` VALUES (405478, 4075, 36, 1581, 1581, 2, 1, 1418, 0, -92.6304, -402.809, 57.7553, 0.505063, 7200, 10, 0, 8, 0, 1, 0, 0, 0);
INSERT INTO `creature` VALUES (405479, 4075, 36, 1581, 1581, 2, 1, 1418, 0, -200.419, -436.422, 53.3609, 4.6984, 7200, 12, 0, 8, 0, 1, 0, 0, 0);
INSERT INTO `creature` VALUES (405480, 48343, 36, 1581, 1581, 2, 1, 36117, 0, -187.859, -497.821, 53.5452, 1.3065, 7200, 0, 0, 42, 0, 0, 0, 0, 0);
INSERT INTO `creature` VALUES (405481, 48343, 36, 1581, 1581, 2, 1, 36117, 0, -226.268, -488.837, 48.603, 2.52211, 7200, 0, 0, 42, 0, 0, 0, 0, 0);
INSERT INTO `creature` VALUES (405482, 48343, 36, 1581, 1581, 2, 1, 36117, 0, -187.859, -497.821, 53.5452, 1.3065, 7200, 10, 0, 42, 0, 1, 0, 0, 0);
INSERT INTO `creature` VALUES (405483, 48343, 36, 1581, 1581, 2, 1, 36117, 0, -226.268, -488.837, 48.603, 2.52211, 7200, 10, 0, 42, 0, 1, 0, 0, 0);
INSERT INTO `creature` VALUES ('405484', '48266', '36', '1581', '1581', '2', '1', '21788', '0', '-72.1059', '-786.894', '39.5538', '1.64061', '7200', '0', '0', '328', '0', '0', '0', '0', '0');
-- Add heroic entry npc of 48505
DELETE FROM `creature_template` WHERE `entry`=59201 LIMIT 1;
INSERT INTO `creature_template` ( `entry`, `difficulty_entry_1`, `difficulty_entry_2`, `difficulty_entry_3`, `KillCredit1`, `KillCredit2`, `modelid1`, `modelid2`, `modelid3`, `modelid4`, `name`, `subname`, `IconName`, `gossip_menu_id`, `minlevel`, `maxlevel`, `exp`, `faction_A`, `faction_H`, `npcflag`, `speed_walk`, `speed_run`, `scale`, `rank`, `mindmg`, `maxdmg`, `dmgschool`, `attackpower`, `dmg_multiplier`, `baseattacktime`, `rangeattacktime`, `unit_class`, `unit_flags`, `dynamicflags`, `family`, `trainer_type`, `trainer_spell`, `trainer_class`, `trainer_race`, `minrangedmg`, `maxrangedmg`, `rangedattackpower`, `type`, `type_flags`, `lootid`, `pickpocketloot`, `skinloot`, `resistance1`, `resistance2`, `resistance3`, `resistance4`, `resistance5`, `resistance6`, `spell1`, `spell2`, `spell3`, `spell4`, `spell5`, `spell6`, `spell7`, `spell8`, `PetSpellDataId`, `VehicleId`, `mingold`, `maxgold`, `AIName`, `MovementType`, `InhabitType`, `Health_mod`, `Mana_mod`, `Armor_mod`, `RacialLeader`, `questItem1`, `questItem2`, `questItem3`, `questItem4`, `questItem5`, `questItem6`, `movementId`, `RegenHealth`, `equipment_id`, `mechanic_immune_mask`, `flags_extra`, `ScriptName`, `WDBVerified`) VALUES ( 59201, 0, 0, 0, 0, 0, 184, 210, 0, 0, "Defias Shadowguard", "", "", 0, 85, 85, 3, 17, 17, 0, 1.14286, 1.0, 1.0, 1, 530, 713, 0, 827, 3.6, 2000, 2000, 4, 32832, 2048, 0, 0, 0, 0, 0, 530, 713, 827, 7, 0, 59201, 59201, 0, 0, 0, 0, 0, 0, 0, 90954, 90958, 90956, 90951, 90960, 0, 0, 0, 0, 0, 7403, 7403, "", 0, 3, 5.0745, 1.0, 1.0, 0, 0, 0, 0, 0, 0, 0, 0, 1, 48505, 0, 0, "", "13623");
-- loot for heoric npc entry of 48505
DELETE FROM `creature_loot_template` WHERE entry='59201';
INSERT INTO `creature_loot_template` VALUES ('59201', '53010', '20.31', '1', '0', '1', '6');
INSERT INTO `creature_loot_template` VALUES ('59201', '2592', '11.4', '1', '0', '1', '4');
INSERT INTO `creature_loot_template` VALUES ('59201', '2589', '8.33', '1', '0', '1', '5');
INSERT INTO `creature_loot_template` VALUES ('59201', '68198', '7.4', '1', '0', '1', '2');
INSERT INTO `creature_loot_template` VALUES ('59201', '58268', '3.76', '1', '0', '1', '1');
INSERT INTO `creature_loot_template` VALUES ('59201', '414', '3.01', '1', '0', '1', '1');
INSERT INTO `creature_loot_template` VALUES ('59201', '68197', '2.36', '1', '0', '1', '2');
INSERT INTO `creature_loot_template` VALUES ('59201', '58256', '1.83', '1', '0', '1', '1');
INSERT INTO `creature_loot_template` VALUES ('59201', '1179', '1.58', '1', '0', '1', '1');
INSERT INTO `creature_loot_template` VALUES ('59201', '818', '1.46', '1', '0', '1', '1');
INSERT INTO `creature_loot_template` VALUES ('59201', '7997', '1.15', '1', '0', '1', '1');
INSERT INTO `creature_loot_template` VALUES ('59201', '858', '0.91', '1', '0', '1', '1');
INSERT INTO `creature_loot_template` VALUES ('59201', '2455', '0.49', '1', '0', '1', '1');
INSERT INTO `creature_loot_template` VALUES ('59201', '3036', '0.48', '1', '0', '1', '1');
INSERT INTO `creature_loot_template` VALUES ('59201', '774', '0.46', '1', '0', '1', '1');
INSERT INTO `creature_loot_template` VALUES ('59201', '2073', '0.46', '1', '0', '1', '1');
INSERT INTO `creature_loot_template` VALUES ('59201', '1210', '0.43', '1', '0', '1', '1');
INSERT INTO `creature_loot_template` VALUES ('59201', '4570', '0.41', '1', '0', '1', '1');
INSERT INTO `creature_loot_template` VALUES ('59201', '68729', '0.4', '1', '0', '1', '1');
INSERT INTO `creature_loot_template` VALUES ('59201', '6558', '0.4', '1', '0', '1', '1');
INSERT INTO `creature_loot_template` VALUES ('59201', '6543', '0.38', '1', '0', '1', '1');
INSERT INTO `creature_loot_template` VALUES ('59201', '6542', '0.38', '1', '0', '1', '1');
INSERT INTO `creature_loot_template` VALUES ('59201', '1514', '0.36', '1', '0', '1', '1');
INSERT INTO `creature_loot_template` VALUES ('59201', '1516', '0.36', '1', '0', '1', '1');
INSERT INTO `creature_loot_template` VALUES ('59201', '2980', '0.35', '1', '0', '1', '1');
INSERT INTO `creature_loot_template` VALUES ('59201', '9757', '0.34', '1', '0', '1', '1');
INSERT INTO `creature_loot_template` VALUES ('59201', '1511', '0.34', '1', '0', '1', '1');
INSERT INTO `creature_loot_template` VALUES ('59201', '2777', '0.33', '1', '0', '1', '1');
INSERT INTO `creature_loot_template` VALUES ('59201', '1515', '0.32', '1', '0', '1', '1');
INSERT INTO `creature_loot_template` VALUES ('59201', '6556', '0.32', '1', '0', '1', '1');
INSERT INTO `creature_loot_template` VALUES ('59201', '2976', '0.31', '1', '0', '1', '1');
INSERT INTO `creature_loot_template` VALUES ('59201', '1499', '0.31', '1', '0', '1', '1');
INSERT INTO `creature_loot_template` VALUES ('59201', '6537', '0.3', '1', '0', '1', '1');
INSERT INTO `creature_loot_template` VALUES ('59201', '1510', '0.3', '1', '0', '1', '1');
INSERT INTO `creature_loot_template` VALUES ('59201', '1512', '0.3', '1', '0', '1', '1');
INSERT INTO `creature_loot_template` VALUES ('59201', '2978', '0.29', '1', '0', '1', '1');
INSERT INTO `creature_loot_template` VALUES ('59201', '6550', '0.29', '1', '0', '1', '1');
INSERT INTO `creature_loot_template` VALUES ('59201', '2763', '0.29', '1', '0', '1', '1');
INSERT INTO `creature_loot_template` VALUES ('59201', '1504', '0.28', '1', '0', '1', '1');
INSERT INTO `creature_loot_template` VALUES ('59201', '9765', '0.28', '1', '0', '1', '1');
INSERT INTO `creature_loot_template` VALUES ('59201', '5071', '0.27', '1', '0', '1', '1');
INSERT INTO `creature_loot_template` VALUES ('59201', '1495', '0.26', '1', '0', '1', '1');
INSERT INTO `creature_loot_template` VALUES ('59201', '1513', '0.26', '1', '0', '1', '1');
INSERT INTO `creature_loot_template` VALUES ('59201', '1507', '0.25', '1', '0', '1', '1');
INSERT INTO `creature_loot_template` VALUES ('59201', '2778', '0.25', '1', '0', '1', '1');
INSERT INTO `creature_loot_template` VALUES ('59201', '62067', '0.25', '1', '0', '1', '1');
INSERT INTO `creature_loot_template` VALUES ('59201', '1498', '0.24', '1', '0', '1', '1');
INSERT INTO `creature_loot_template` VALUES ('59201', '1509', '0.24', '1', '0', '1', '1');
INSERT INTO `creature_loot_template` VALUES ('59201', '1506', '0.24', '1', '0', '1', '1');
INSERT INTO `creature_loot_template` VALUES ('59201', '1734', '0.24', '1', '0', '1', '1');
INSERT INTO `creature_loot_template` VALUES ('59201', '1501', '0.23', '1', '0', '1', '1');
INSERT INTO `creature_loot_template` VALUES ('59201', '1502', '0.23', '1', '0', '1', '1');
INSERT INTO `creature_loot_template` VALUES ('59201', '3374', '0.23', '1', '0', '1', '1');
INSERT INTO `creature_loot_template` VALUES ('59201', '2632', '0.23', '1', '0', '1', '1');
INSERT INTO `creature_loot_template` VALUES ('59201', '4569', '0.23', '1', '0', '1', '1');
INSERT INTO `creature_loot_template` VALUES ('59201', '1503', '0.23', '1', '0', '1', '1');
INSERT INTO `creature_loot_template` VALUES ('59201', '3375', '0.23', '1', '0', '1', '1');
INSERT INTO `creature_loot_template` VALUES ('59201', '62068', '0.22', '1', '0', '1', '1');
INSERT INTO `creature_loot_template` VALUES ('59201', '62070', '0.22', '1', '0', '1', '1');
INSERT INTO `creature_loot_template` VALUES ('59201', '2215', '0.22', '1', '0', '1', '1');
INSERT INTO `creature_loot_template` VALUES ('59201', '1497', '0.22', '1', '0', '1', '1');
INSERT INTO `creature_loot_template` VALUES ('59201', '2214', '0.21', '1', '0', '1', '1');
INSERT INTO `creature_loot_template` VALUES ('59201', '1737', '0.21', '1', '0', '1', '1');
INSERT INTO `creature_loot_template` VALUES ('59201', '62065', '0.21', '1', '0', '1', '1');
INSERT INTO `creature_loot_template` VALUES ('59201', '1732', '0.21', '1', '0', '1', '1');
INSERT INTO `creature_loot_template` VALUES ('59201', '62071', '0.21', '1', '0', '1', '1');
INSERT INTO `creature_loot_template` VALUES ('59201', '62066', '0.2', '1', '0', '1', '1');
INSERT INTO `creature_loot_template` VALUES ('59201', '1735', '0.2', '1', '0', '1', '1');
INSERT INTO `creature_loot_template` VALUES ('59201', '62069', '0.2', '1', '0', '1', '1');
INSERT INTO `creature_loot_template` VALUES ('59201', '1731', '0.2', '1', '0', '1', '1');
INSERT INTO `creature_loot_template` VALUES ('59201', '62063', '0.2', '1', '0', '1', '1');
INSERT INTO `creature_loot_template` VALUES ('59201', '62064', '0.2', '1', '0', '1', '1');
INSERT INTO `creature_loot_template` VALUES ('59201', '9747', '0.19', '1', '0', '1', '1');
INSERT INTO `creature_loot_template` VALUES ('59201', '9749', '0.19', '1', '0', '1', '1');
INSERT INTO `creature_loot_template` VALUES ('59201', '4567', '0.18', '1', '0', '1', '1');
INSERT INTO `creature_loot_template` VALUES ('59201', '6539', '0.18', '1', '0', '1', '1');
INSERT INTO `creature_loot_template` VALUES ('59201', '15210', '0.18', '1', '0', '1', '1');
INSERT INTO `creature_loot_template` VALUES ('59201', '9748', '0.18', '1', '0', '1', '1');
INSERT INTO `creature_loot_template` VALUES ('59201', '62072', '0.18', '1', '0', '1', '1');
INSERT INTO `creature_loot_template` VALUES ('59201', '2974', '0.18', '1', '0', '1', '1');
INSERT INTO `creature_loot_template` VALUES ('59201', '9756', '0.18', '1', '0', '1', '1');
INSERT INTO `creature_loot_template` VALUES ('59201', '9764', '0.17', '1', '0', '1', '1');
INSERT INTO `creature_loot_template` VALUES ('59201', '1730', '0.17', '1', '0', '1', '1');
INSERT INTO `creature_loot_template` VALUES ('59201', '2970', '0.17', '1', '0', '1', '1');
INSERT INTO `creature_loot_template` VALUES ('59201', '15268', '0.17', '1', '0', '1', '1');
INSERT INTO `creature_loot_template` VALUES ('59201', '55423', '0.17', '1', '0', '1', '1');
INSERT INTO `creature_loot_template` VALUES ('59201', '6548', '0.16', '1', '0', '1', '1');
INSERT INTO `creature_loot_template` VALUES ('59201', '6557', '0.16', '1', '0', '1', '1');
INSERT INTO `creature_loot_template` VALUES ('59201', '55422', '0.16', '1', '0', '1', '1');
INSERT INTO `creature_loot_template` VALUES ('59201', '4701', '0.16', '1', '0', '1', '1');
INSERT INTO `creature_loot_template` VALUES ('59201', '15933', '0.15', '1', '0', '1', '1');
INSERT INTO `creature_loot_template` VALUES ('59201', '9786', '0.15', '1', '0', '1', '1');
INSERT INTO `creature_loot_template` VALUES ('59201', '55421', '0.15', '1', '0', '1', '1');
INSERT INTO `creature_loot_template` VALUES ('59201', '6541', '0.15', '1', '0', '1', '1');
INSERT INTO `creature_loot_template` VALUES ('59201', '2971', '0.15', '1', '0', '1', '1');
INSERT INTO `creature_loot_template` VALUES ('59201', '5212', '0.14', '1', '0', '1', '1');
INSERT INTO `creature_loot_template` VALUES ('59201', '62083', '0.14', '1', '0', '1', '1');
INSERT INTO `creature_loot_template` VALUES ('59201', '6555', '0.14', '1', '0', '1', '1');
INSERT INTO `creature_loot_template` VALUES ('59201', '3652', '0.13', '1', '0', '1', '1');
INSERT INTO `creature_loot_template` VALUES ('59201', '9763', '0.13', '1', '0', '1', '1');
INSERT INTO `creature_loot_template` VALUES ('59201', '3643', '0.13', '1', '0', '1', '1');
INSERT INTO `creature_loot_template` VALUES ('59201', '55756', '0.12', '1', '0', '1', '1');
INSERT INTO `creature_loot_template` VALUES ('59201', '2972', '0.12', '1', '0', '1', '1');
INSERT INTO `creature_loot_template` VALUES ('59201', '55440', '0.12', '1', '0', '1', '1');
INSERT INTO `creature_loot_template` VALUES ('59201', '55441', '0.12', '1', '0', '1', '1');
INSERT INTO `creature_loot_template` VALUES ('59201', '6378', '0.12', '1', '0', '1', '1');
INSERT INTO `creature_loot_template` VALUES ('59201', '62085', '0.12', '1', '0', '1', '1');
INSERT INTO `creature_loot_template` VALUES ('59201', '2977', '0.12', '1', '0', '1', '1');
INSERT INTO `creature_loot_template` VALUES ('59201', '4571', '0.12', '1', '0', '1', '1');
INSERT INTO `creature_loot_template` VALUES ('59201', '55439', '0.12', '1', '0', '1', '1');
INSERT INTO `creature_loot_template` VALUES ('59201', '55772', '0.11', '1', '0', '1', '1');
INSERT INTO `creature_loot_template` VALUES ('59201', '62079', '0.11', '1', '0', '1', '1');
INSERT INTO `creature_loot_template` VALUES ('59201', '62074', '0.11', '1', '0', '1', '1');
INSERT INTO `creature_loot_template` VALUES ('59201', '62075', '0.11', '1', '0', '1', '1');
INSERT INTO `creature_loot_template` VALUES ('59201', '3651', '0.11', '1', '0', '1', '1');
INSERT INTO `creature_loot_template` VALUES ('59201', '62073', '0.11', '1', '0', '1', '1');
INSERT INTO `creature_loot_template` VALUES ('59201', '62087', '0.11', '1', '0', '1', '1');
INSERT INTO `creature_loot_template` VALUES ('59201', '62097', '0.11', '1', '0', '1', '1');
INSERT INTO `creature_loot_template` VALUES ('59201', '2079', '0.11', '1', '0', '1', '1');
INSERT INTO `creature_loot_template` VALUES ('59201', '62102', '0.11', '1', '0', '1', '1');
INSERT INTO `creature_loot_template` VALUES ('59201', '55754', '0.1', '1', '0', '1', '1');
INSERT INTO `creature_loot_template` VALUES ('59201', '62088', '0.1', '1', '0', '1', '1');
INSERT INTO `creature_loot_template` VALUES ('59201', '55565', '0.1', '1', '0', '1', '1');
INSERT INTO `creature_loot_template` VALUES ('59201', '3207', '0.1', '1', '0', '1', '1');
INSERT INTO `creature_loot_template` VALUES ('59201', '55738', '0.1', '1', '0', '1', '1');
INSERT INTO `creature_loot_template` VALUES ('59201', '62077', '0.1', '1', '0', '1', '1');
INSERT INTO `creature_loot_template` VALUES ('59201', '3645', '0.1', '1', '0', '1', '1');
INSERT INTO `creature_loot_template` VALUES ('59201', '6554', '0.1', '1', '0', '1', '1');
INSERT INTO `creature_loot_template` VALUES ('59201', '6379', '0.1', '1', '0', '1', '1');
INSERT INTO `creature_loot_template` VALUES ('59201', '6553', '0.1', '1', '0', '1', '1');
INSERT INTO `creature_loot_template` VALUES ('59201', '55484', '0.1', '1', '0', '1', '1');
INSERT INTO `creature_loot_template` VALUES ('59201', '55763', '0.1', '1', '0', '1', '1');
INSERT INTO `creature_loot_template` VALUES ('59201', '62098', '0.1', '1', '0', '1', '1');
INSERT INTO `creature_loot_template` VALUES ('59201', '6551', '0.1', '1', '0', '1', '1');
INSERT INTO `creature_loot_template` VALUES ('59201', '2975', '0.1', '1', '0', '1', '1');
INSERT INTO `creature_loot_template` VALUES ('59201', '55710', '0.09', '1', '0', '1', '1');
INSERT INTO `creature_loot_template` VALUES ('59201', '55755', '0.09', '1', '0', '1', '1');
INSERT INTO `creature_loot_template` VALUES ('59201', '62081', '0.09', '1', '0', '1', '1');
INSERT INTO `creature_loot_template` VALUES ('59201', '62091', '0.09', '1', '0', '1', '1');
INSERT INTO `creature_loot_template` VALUES ('59201', '2984', '0.09', '1', '0', '1', '1');
INSERT INTO `creature_loot_template` VALUES ('59201', '6549', '0.09', '1', '0', '1', '1');
INSERT INTO `creature_loot_template` VALUES ('59201', '55486', '0.09', '1', '0', '1', '1');
INSERT INTO `creature_loot_template` VALUES ('59201', '62096', '0.09', '1', '0', '1', '1');
INSERT INTO `creature_loot_template` VALUES ('59201', '6547', '0.09', '1', '0', '1', '1');
INSERT INTO `creature_loot_template` VALUES ('59201', '62082', '0.09', '1', '0', '1', '1');
INSERT INTO `creature_loot_template` VALUES ('59201', '62090', '0.09', '1', '0', '1', '1');
INSERT INTO `creature_loot_template` VALUES ('59201', '62095', '0.09', '1', '0', '1', '1');
INSERT INTO `creature_loot_template` VALUES ('59201', '62125', '0.09', '1', '0', '1', '1');
INSERT INTO `creature_loot_template` VALUES ('59201', '3195', '0.09', '1', '0', '1', '1');
INSERT INTO `creature_loot_template` VALUES ('59201', '55746', '0.09', '1', '0', '1', '1');
INSERT INTO `creature_loot_template` VALUES ('59201', '55765', '0.09', '1', '0', '1', '1');
INSERT INTO `creature_loot_template` VALUES ('59201', '62078', '0.09', '1', '0', '1', '1');
INSERT INTO `creature_loot_template` VALUES ('59201', '62115', '0.09', '1', '0', '1', '1');
INSERT INTO `creature_loot_template` VALUES ('59201', '2987', '0.09', '1', '0', '1', '1');
INSERT INTO `creature_loot_template` VALUES ('59201', '62089', '0.09', '1', '0', '1', '1');
INSERT INTO `creature_loot_template` VALUES ('59201', '2973', '0.08', '1', '0', '1', '1');
INSERT INTO `creature_loot_template` VALUES ('59201', '62086', '0.08', '1', '0', '1', '1');
INSERT INTO `creature_loot_template` VALUES ('59201', '62101', '0.08', '1', '0', '1', '1');
INSERT INTO `creature_loot_template` VALUES ('59201', '55592', '0.08', '1', '0', '1', '1');
INSERT INTO `creature_loot_template` VALUES ('59201', '55745', '0.08', '1', '0', '1', '1');
INSERT INTO `creature_loot_template` VALUES ('59201', '2983', '0.08', '1', '0', '1', '1');
INSERT INTO `creature_loot_template` VALUES ('59201', '55593', '0.08', '1', '0', '1', '1');
INSERT INTO `creature_loot_template` VALUES ('59201', '62080', '0.08', '1', '0', '1', '1');
INSERT INTO `creature_loot_template` VALUES ('59201', '3205', '0.08', '1', '0', '1', '1');
INSERT INTO `creature_loot_template` VALUES ('59201', '55737', '0.08', '1', '0', '1', '1');
INSERT INTO `creature_loot_template` VALUES ('59201', '55747', '0.08', '1', '0', '1', '1');
INSERT INTO `creature_loot_template` VALUES ('59201', '9785', '0.08', '1', '0', '1', '1');
INSERT INTO `creature_loot_template` VALUES ('59201', '2078', '0.08', '1', '0', '1', '1');
INSERT INTO `creature_loot_template` VALUES ('59201', '55646', '0.08', '1', '0', '1', '1');
INSERT INTO `creature_loot_template` VALUES ('59201', '55485', '0.08', '1', '0', '1', '1');
INSERT INTO `creature_loot_template` VALUES ('59201', '55728', '0.08', '1', '0', '1', '1');
INSERT INTO `creature_loot_template` VALUES ('59201', '55709', '0.08', '1', '0', '1', '1');
INSERT INTO `creature_loot_template` VALUES ('59201', '55584', '0.08', '1', '0', '1', '1');
INSERT INTO `creature_loot_template` VALUES ('59201', '55531', '0.08', '1', '0', '1', '1');
INSERT INTO `creature_loot_template` VALUES ('59201', '55612', '0.08', '1', '0', '1', '1');
INSERT INTO `creature_loot_template` VALUES ('59201', '62094', '0.08', '1', '0', '1', '1');
INSERT INTO `creature_loot_template` VALUES ('59201', '62099', '0.08', '1', '0', '1', '1');
INSERT INTO `creature_loot_template` VALUES ('59201', '55773', '0.08', '1', '0', '1', '1');
INSERT INTO `creature_loot_template` VALUES ('59201', '62084', '0.08', '1', '0', '1', '1');
INSERT INTO `creature_loot_template` VALUES ('59201', '6546', '0.08', '1', '0', '1', '1');
INSERT INTO `creature_loot_template` VALUES ('59201', '55736', '0.08', '1', '0', '1', '1');
INSERT INTO `creature_loot_template` VALUES ('59201', '55692', '0.08', '1', '0', '1', '1');
INSERT INTO `creature_loot_template` VALUES ('59201', '55729', '0.08', '1', '0', '1', '1');
INSERT INTO `creature_loot_template` VALUES ('59201', '62092', '0.08', '1', '0', '1', '1');
INSERT INTO `creature_loot_template` VALUES ('59201', '2979', '0.08', '1', '0', '1', '1');
INSERT INTO `creature_loot_template` VALUES ('59201', '3196', '0.08', '1', '0', '1', '1');
INSERT INTO `creature_loot_template` VALUES ('59201', '55720', '0.08', '1', '0', '1', '1');
INSERT INTO `creature_loot_template` VALUES ('59201', '6540', '0.08', '1', '0', '1', '1');
INSERT INTO `creature_loot_template` VALUES ('59201', '55557', '0.08', '1', '0', '1', '1');
INSERT INTO `creature_loot_template` VALUES ('59201', '55647', '0.08', '1', '0', '1', '1');
INSERT INTO `creature_loot_template` VALUES ('59201', '55764', '0.08', '1', '0', '1', '1');
INSERT INTO `creature_loot_template` VALUES ('59201', '55630', '0.08', '1', '0', '1', '1');
INSERT INTO `creature_loot_template` VALUES ('59201', '62129', '0.08', '1', '0', '1', '1');
INSERT INTO `creature_loot_template` VALUES ('59201', '6560', '0.08', '1', '0', '1', '1');
INSERT INTO `creature_loot_template` VALUES ('59201', '55718', '0.08', '1', '0', '1', '1');
INSERT INTO `creature_loot_template` VALUES ('59201', '62076', '0.08', '1', '0', '1', '1');
INSERT INTO `creature_loot_template` VALUES ('59201', '4678', '0.08', '1', '0', '1', '1');
INSERT INTO `creature_loot_template` VALUES ('59201', '62104', '0.07', '1', '0', '1', '1');
INSERT INTO `creature_loot_template` VALUES ('59201', '55655', '0.07', '1', '0', '1', '1');
INSERT INTO `creature_loot_template` VALUES ('59201', '55774', '0.07', '1', '0', '1', '1');
INSERT INTO `creature_loot_template` VALUES ('59201', '62121', '0.07', '1', '0', '1', '1');
INSERT INTO `creature_loot_template` VALUES ('59201', '55719', '0.07', '1', '0', '1', '1');
INSERT INTO `creature_loot_template` VALUES ('59201', '62093', '0.07', '1', '0', '1', '1');
INSERT INTO `creature_loot_template` VALUES ('59201', '62108', '0.07', '1', '0', '1', '1');
INSERT INTO `creature_loot_template` VALUES ('59201', '6559', '0.07', '1', '0', '1', '1');
INSERT INTO `creature_loot_template` VALUES ('59201', '4699', '0.07', '1', '0', '1', '1');
INSERT INTO `creature_loot_template` VALUES ('59201', '55619', '0.07', '1', '0', '1', '1');
INSERT INTO `creature_loot_template` VALUES ('59201', '55405', '0.07', '1', '0', '1', '1');
INSERT INTO `creature_loot_template` VALUES ('59201', '62100', '0.07', '1', '0', '1', '1');
INSERT INTO `creature_loot_template` VALUES ('59201', '55404', '0.07', '1', '0', '1', '1');
INSERT INTO `creature_loot_template` VALUES ('59201', '55503', '0.07', '1', '0', '1', '1');
INSERT INTO `creature_loot_template` VALUES ('59201', '55403', '0.07', '1', '0', '1', '1');
INSERT INTO `creature_loot_template` VALUES ('59201', '55611', '0.07', '1', '0', '1', '1');
INSERT INTO `creature_loot_template` VALUES ('59201', '55620', '0.07', '1', '0', '1', '1');
INSERT INTO `creature_loot_template` VALUES ('59201', '55683', '0.07', '1', '0', '1', '1');
INSERT INTO `creature_loot_template` VALUES ('59201', '55522', '0.07', '1', '0', '1', '1');
INSERT INTO `creature_loot_template` VALUES ('59201', '62109', '0.07', '1', '0', '1', '1');
INSERT INTO `creature_loot_template` VALUES ('59201', '62111', '0.07', '1', '0', '1', '1');
INSERT INTO `creature_loot_template` VALUES ('59201', '55367', '0.07', '1', '0', '1', '1');
INSERT INTO `creature_loot_template` VALUES ('59201', '55511', '0.07', '1', '0', '1', '1');
INSERT INTO `creature_loot_template` VALUES ('59201', '55521', '0.07', '1', '0', '1', '1');
INSERT INTO `creature_loot_template` VALUES ('59201', '62106', '0.07', '1', '0', '1', '1');
INSERT INTO `creature_loot_template` VALUES ('59201', '55529', '0.07', '1', '0', '1', '1');
INSERT INTO `creature_loot_template` VALUES ('59201', '55693', '0.07', '1', '0', '1', '1');
INSERT INTO `creature_loot_template` VALUES ('59201', '62113', '0.07', '1', '0', '1', '1');
INSERT INTO `creature_loot_template` VALUES ('59201', '62135', '0.07', '1', '0', '1', '1');
INSERT INTO `creature_loot_template` VALUES ('59201', '55585', '0.07', '1', '0', '1', '1');
INSERT INTO `creature_loot_template` VALUES ('59201', '62124', '0.07', '1', '0', '1', '1');
INSERT INTO `creature_loot_template` VALUES ('59201', '62127', '0.07', '1', '0', '1', '1');
INSERT INTO `creature_loot_template` VALUES ('59201', '62131', '0.07', '1', '0', '1', '1');
INSERT INTO `creature_loot_template` VALUES ('59201', '6380', '0.07', '1', '0', '1', '1');
INSERT INTO `creature_loot_template` VALUES ('59201', '55610', '0.07', '1', '0', '1', '1');
INSERT INTO `creature_loot_template` VALUES ('59201', '55727', '0.07', '1', '0', '1', '1');
INSERT INTO `creature_loot_template` VALUES ('59201', '62128', '0.07', '1', '0', '1', '1');
INSERT INTO `creature_loot_template` VALUES ('59201', '55629', '0.07', '1', '0', '1', '1');
INSERT INTO `creature_loot_template` VALUES ('59201', '62112', '0.07', '1', '0', '1', '1');
INSERT INTO `creature_loot_template` VALUES ('59201', '62103', '0.06', '1', '0', '1', '1');
INSERT INTO `creature_loot_template` VALUES ('59201', '62118', '0.06', '1', '0', '1', '1');
INSERT INTO `creature_loot_template` VALUES ('59201', '9788', '0.06', '1', '0', '1', '1');
INSERT INTO `creature_loot_template` VALUES ('59201', '55368', '0.06', '1', '0', '1', '1');
INSERT INTO `creature_loot_template` VALUES ('59201', '55558', '0.06', '1', '0', '1', '1');
INSERT INTO `creature_loot_template` VALUES ('59201', '55702', '0.06', '1', '0', '1', '1');
INSERT INTO `creature_loot_template` VALUES ('59201', '62133', '0.06', '1', '0', '1', '1');
INSERT INTO `creature_loot_template` VALUES ('59201', '55621', '0.06', '1', '0', '1', '1');
INSERT INTO `creature_loot_template` VALUES ('59201', '55666', '0.06', '1', '0', '1', '1');
INSERT INTO `creature_loot_template` VALUES ('59201', '62120', '0.06', '1', '0', '1', '1');
INSERT INTO `creature_loot_template` VALUES ('59201', '6545', '0.06', '1', '0', '1', '1');
INSERT INTO `creature_loot_template` VALUES ('59201', '9779', '0.06', '1', '0', '1', '1');
INSERT INTO `creature_loot_template` VALUES ('59201', '55512', '0.06', '1', '0', '1', '1');
INSERT INTO `creature_loot_template` VALUES ('59201', '55530', '0.06', '1', '0', '1', '1');
INSERT INTO `creature_loot_template` VALUES ('59201', '55638', '0.06', '1', '0', '1', '1');
INSERT INTO `creature_loot_template` VALUES ('59201', '62105', '0.06', '1', '0', '1', '1');
INSERT INTO `creature_loot_template` VALUES ('59201', '62114', '0.06', '1', '0', '1', '1');
INSERT INTO `creature_loot_template` VALUES ('59201', '62123', '0.06', '1', '0', '1', '1');
INSERT INTO `creature_loot_template` VALUES ('59201', '15926', '0.06', '1', '0', '1', '1');
INSERT INTO `creature_loot_template` VALUES ('59201', '55538', '0.06', '1', '0', '1', '1');
INSERT INTO `creature_loot_template` VALUES ('59201', '62132', '0.06', '1', '0', '1', '1');
INSERT INTO `creature_loot_template` VALUES ('59201', '55548', '0.06', '1', '0', '1', '1');
INSERT INTO `creature_loot_template` VALUES ('59201', '55602', '0.06', '1', '0', '1', '1');
INSERT INTO `creature_loot_template` VALUES ('59201', '55656', '0.06', '1', '0', '1', '1');
INSERT INTO `creature_loot_template` VALUES ('59201', '55513', '0.06', '1', '0', '1', '1');
INSERT INTO `creature_loot_template` VALUES ('59201', '55594', '0.06', '1', '0', '1', '1');
INSERT INTO `creature_loot_template` VALUES ('59201', '62110', '0.06', '1', '0', '1', '1');
INSERT INTO `creature_loot_template` VALUES ('59201', '62119', '0.06', '1', '0', '1', '1');
INSERT INTO `creature_loot_template` VALUES ('59201', '62126', '0.06', '1', '0', '1', '1');
INSERT INTO `creature_loot_template` VALUES ('59201', '55673', '0.06', '1', '0', '1', '1');
INSERT INTO `creature_loot_template` VALUES ('59201', '55691', '0.06', '1', '0', '1', '1');
INSERT INTO `creature_loot_template` VALUES ('59201', '55674', '0.06', '1', '0', '1', '1');
INSERT INTO `creature_loot_template` VALUES ('59201', '55549', '0.06', '1', '0', '1', '1');
INSERT INTO `creature_loot_template` VALUES ('59201', '62117', '0.06', '1', '0', '1', '1');
INSERT INTO `creature_loot_template` VALUES ('59201', '62134', '0.06', '1', '0', '1', '1');
INSERT INTO `creature_loot_template` VALUES ('59201', '55682', '0.06', '1', '0', '1', '1');
INSERT INTO `creature_loot_template` VALUES ('59201', '55539', '0.06', '1', '0', '1', '1');
INSERT INTO `creature_loot_template` VALUES ('59201', '55495', '0.06', '1', '0', '1', '1');
INSERT INTO `creature_loot_template` VALUES ('59201', '55576', '0.06', '1', '0', '1', '1');
INSERT INTO `creature_loot_template` VALUES ('59201', '55684', '0.06', '1', '0', '1', '1');
INSERT INTO `creature_loot_template` VALUES ('59201', '2969', '0.06', '1', '0', '1', '1');
INSERT INTO `creature_loot_template` VALUES ('59201', '55628', '0.06', '1', '0', '1', '1');
INSERT INTO `creature_loot_template` VALUES ('59201', '55566', '0.06', '1', '0', '1', '1');
INSERT INTO `creature_loot_template` VALUES ('59201', '55675', '0.06', '1', '0', '1', '1');
INSERT INTO `creature_loot_template` VALUES ('59201', '55601', '0.06', '1', '0', '1', '1');
INSERT INTO `creature_loot_template` VALUES ('59201', '55540', '0.06', '1', '0', '1', '1');
INSERT INTO `creature_loot_template` VALUES ('59201', '6528', '0.05', '1', '0', '1', '1');
INSERT INTO `creature_loot_template` VALUES ('59201', '4695', '0.05', '1', '0', '1', '1');
INSERT INTO `creature_loot_template` VALUES ('59201', '55657', '0.05', '1', '0', '1', '1');
INSERT INTO `creature_loot_template` VALUES ('59201', '55547', '0.05', '1', '0', '1', '1');
INSERT INTO `creature_loot_template` VALUES ('59201', '55575', '0.05', '1', '0', '1', '1');
INSERT INTO `creature_loot_template` VALUES ('59201', '62122', '0.05', '1', '0', '1', '1');
INSERT INTO `creature_loot_template` VALUES ('59201', '62136', '0.05', '1', '0', '1', '1');
INSERT INTO `creature_loot_template` VALUES ('59201', '2408', '0.05', '1', '0', '1', '1');
INSERT INTO `creature_loot_template` VALUES ('59201', '55502', '0.05', '1', '0', '1', '1');
INSERT INTO `creature_loot_template` VALUES ('59201', '62116', '0.05', '1', '0', '1', '1');
INSERT INTO `creature_loot_template` VALUES ('59201', '55556', '0.05', '1', '0', '1', '1');
INSERT INTO `creature_loot_template` VALUES ('59201', '55494', '0.05', '1', '0', '1', '1');
INSERT INTO `creature_loot_template` VALUES ('59201', '55701', '0.05', '1', '0', '1', '1');
INSERT INTO `creature_loot_template` VALUES ('59201', '55574', '0.05', '1', '0', '1', '1');
INSERT INTO `creature_loot_template` VALUES ('59201', '55504', '0.05', '1', '0', '1', '1');
INSERT INTO `creature_loot_template` VALUES ('59201', '62107', '0.05', '1', '0', '1', '1');
INSERT INTO `creature_loot_template` VALUES ('59201', '55664', '0.05', '1', '0', '1', '1');
INSERT INTO `creature_loot_template` VALUES ('59201', '55603', '0.05', '1', '0', '1', '1');
INSERT INTO `creature_loot_template` VALUES ('59201', '55711', '0.05', '1', '0', '1', '1');
INSERT INTO `creature_loot_template` VALUES ('59201', '55583', '0.05', '1', '0', '1', '1');
INSERT INTO `creature_loot_template` VALUES ('59201', '55369', '0.05', '1', '0', '1', '1');
INSERT INTO `creature_loot_template` VALUES ('59201', '55493', '0.05', '1', '0', '1', '1');
INSERT INTO `creature_loot_template` VALUES ('59201', '55520', '0.05', '1', '0', '1', '1');
INSERT INTO `creature_loot_template` VALUES ('59201', '62130', '0.05', '1', '0', '1', '1');
INSERT INTO `creature_loot_template` VALUES ('59201', '55637', '0.05', '1', '0', '1', '1');
INSERT INTO `creature_loot_template` VALUES ('59201', '55457', '0.05', '1', '0', '1', '1');
INSERT INTO `creature_loot_template` VALUES ('59201', '55431', '0.05', '1', '0', '1', '1');
INSERT INTO `creature_loot_template` VALUES ('59201', '55648', '0.05', '1', '0', '1', '1');
INSERT INTO `creature_loot_template` VALUES ('59201', '3610', '0.05', '1', '0', '1', '1');
INSERT INTO `creature_loot_template` VALUES ('59201', '55567', '0.05', '1', '0', '1', '1');
INSERT INTO `creature_loot_template` VALUES ('59201', '2598', '0.04', '1', '0', '1', '1');
INSERT INTO `creature_loot_template` VALUES ('59201', '55700', '0.04', '1', '0', '1', '1');
INSERT INTO `creature_loot_template` VALUES ('59201', '55376', '0.04', '1', '0', '1', '1');
INSERT INTO `creature_loot_template` VALUES ('59201', '55377', '0.04', '1', '0', '1', '1');
INSERT INTO `creature_loot_template` VALUES ('59201', '55639', '0.04', '1', '0', '1', '1');
INSERT INTO `creature_loot_template` VALUES ('59201', '3609', '0.04', '1', '0', '1', '1');
INSERT INTO `creature_loot_template` VALUES ('59201', '55665', '0.04', '1', '0', '1', '1');
INSERT INTO `creature_loot_template` VALUES ('59201', '55314', '0.04', '1', '0', '1', '1');
INSERT INTO `creature_loot_template` VALUES ('59201', '55350', '0.04', '1', '0', '1', '1');
INSERT INTO `creature_loot_template` VALUES ('59201', '55315', '0.04', '1', '0', '1', '1');
INSERT INTO `creature_loot_template` VALUES ('59201', '6342', '0.04', '1', '0', '1', '1');
INSERT INTO `creature_loot_template` VALUES ('59201', '55458', '0.04', '1', '0', '1', '1');
INSERT INTO `creature_loot_template` VALUES ('59201', '55351', '0.04', '1', '0', '1', '1');
INSERT INTO `creature_loot_template` VALUES ('59201', '55387', '0.04', '1', '0', '1', '1');
INSERT INTO `creature_loot_template` VALUES ('59201', '55385', '0.04', '1', '0', '1', '1');
INSERT INTO `creature_loot_template` VALUES ('59201', '55313', '0.03', '1', '0', '1', '1');
INSERT INTO `creature_loot_template` VALUES ('59201', '55349', '0.03', '1', '0', '1', '1');
INSERT INTO `creature_loot_template` VALUES ('59201', '2553', '0.03', '1', '0', '1', '1');
INSERT INTO `creature_loot_template` VALUES ('59201', '2406', '0.03', '1', '0', '1', '1');
INSERT INTO `creature_loot_template` VALUES ('59201', '55342', '0.03', '1', '0', '1', '1');
INSERT INTO `creature_loot_template` VALUES ('59201', '55432', '0.03', '1', '0', '1', '1');
INSERT INTO `creature_loot_template` VALUES ('59201', '6271', '0.03', '1', '0', '1', '1');
INSERT INTO `creature_loot_template` VALUES ('59201', '55341', '0.03', '1', '0', '1', '1');
INSERT INTO `creature_loot_template` VALUES ('59201', '2657', '0.03', '1', '0', '1', '1');
INSERT INTO `creature_loot_template` VALUES ('59201', '5573', '0.03', '1', '0', '1', '1');
INSERT INTO `creature_loot_template` VALUES ('59201', '2407', '0.03', '1', '0', '1', '1');
INSERT INTO `creature_loot_template` VALUES ('59201', '55331', '0.03', '1', '0', '1', '1');
INSERT INTO `creature_loot_template` VALUES ('59201', '55386', '0.03', '1', '0', '1', '1');
INSERT INTO `creature_loot_template` VALUES ('59201', '55333', '0.03', '1', '0', '1', '1');
INSERT INTO `creature_loot_template` VALUES ('59201', '67539', '0.03', '1', '0', '1', '1');
INSERT INTO `creature_loot_template` VALUES ('59201', '55430', '0.03', '1', '0', '1', '1');
INSERT INTO `creature_loot_template` VALUES ('59201', '55449', '0.03', '1', '0', '1', '1');
INSERT INTO `creature_loot_template` VALUES ('59201', '55297', '0.03', '1', '0', '1', '1');
INSERT INTO `creature_loot_template` VALUES ('59201', '856', '0.03', '1', '0', '1', '1');
INSERT INTO `creature_loot_template` VALUES ('59201', '5574', '0.03', '1', '0', '1', '1');
INSERT INTO `creature_loot_template` VALUES ('59201', '55466', '0.03', '1', '0', '1', '1');
INSERT INTO `creature_loot_template` VALUES ('59201', '55395', '0.03', '1', '0', '1', '1');
INSERT INTO `creature_loot_template` VALUES ('59201', '2555', '0.03', '1', '0', '1', '1');
INSERT INTO `creature_loot_template` VALUES ('59201', '55332', '0.03', '1', '0', '1', '1');
INSERT INTO `creature_loot_template` VALUES ('59201', '7288', '0.02', '1', '0', '1', '1');
INSERT INTO `creature_loot_template` VALUES ('59201', '4408', '0.02', '1', '0', '1', '1');
INSERT INTO `creature_loot_template` VALUES ('59201', '55414', '0.02', '1', '0', '1', '1');
INSERT INTO `creature_loot_template` VALUES ('59201', '55295', '0.02', '1', '0', '1', '1');
INSERT INTO `creature_loot_template` VALUES ('59201', '55287', '0.02', '1', '0', '1', '1');
INSERT INTO `creature_loot_template` VALUES ('59201', '55378', '0.02', '1', '0', '1', '1');
INSERT INTO `creature_loot_template` VALUES ('59201', '55296', '0.02', '1', '0', '1', '1');
INSERT INTO `creature_loot_template` VALUES ('59201', '55288', '0.02', '1', '0', '1', '1');
INSERT INTO `creature_loot_template` VALUES ('59201', '55459', '0.02', '1', '0', '1', '1');
INSERT INTO `creature_loot_template` VALUES ('59201', '55286', '0.02', '1', '0', '1', '1');
INSERT INTO `creature_loot_template` VALUES ('59201', '55340', '0.02', '1', '0', '1', '1');
INSERT INTO `creature_loot_template` VALUES ('59201', '55394', '0.02', '1', '0', '1', '1');
INSERT INTO `creature_loot_template` VALUES ('59201', '55396', '0.02', '1', '0', '1', '1');
INSERT INTO `creature_loot_template` VALUES ('59201', '55468', '0.02', '1', '0', '1', '1');
INSERT INTO `creature_loot_template` VALUES ('59201', '55413', '0.02', '1', '0', '1', '1');
INSERT INTO `creature_loot_template` VALUES ('59201', '55467', '0.02', '1', '0', '1', '1');
INSERT INTO `creature_loot_template` VALUES ('59201', '55450', '0.02', '1', '0', '1', '1');
INSERT INTO `creature_loot_template` VALUES ('59201', '55412', '0.02', '1', '0', '1', '1');
INSERT INTO `creature_loot_template` VALUES ('59201', '55448', '0.02', '1', '0', '1', '1');
INSERT INTO `creature_loot_template` VALUES ('59201', '6716', '0.01', '1', '0', '1', '1');
INSERT INTO `creature_loot_template` VALUES ('59201', '6348', '0.01', '1', '0', '1', '1');
INSERT INTO `creature_loot_template` VALUES ('59201', '55305', '0.01', '1', '0', '1', '1');
INSERT INTO `creature_loot_template` VALUES ('59201', '55359', '0.01', '1', '0', '1', '1');
INSERT INTO `creature_loot_template` VALUES ('59201', '66940', '0.01', '1', '0', '1', '1');
INSERT INTO `creature_loot_template` VALUES ('59201', '66973', '0.01', '1', '0', '1', '1');
INSERT INTO `creature_loot_template` VALUES ('59201', '6347', '0.01', '1', '0', '1', '1');
INSERT INTO `creature_loot_template` VALUES ('59201', '2409', '0.01', '1', '0', '1', '1');
INSERT INTO `creature_loot_template` VALUES ('59201', '4293', '0.01', '1', '0', '1', '1');
INSERT INTO `creature_loot_template` VALUES ('59201', '52375', '0.01', '1', '0', '1', '1');
INSERT INTO `creature_loot_template` VALUES ('59201', '2881', '0.01', '1', '0', '1', '1');
INSERT INTO `creature_loot_template` VALUES ('59201', '4292', '0.01', '1', '0', '1', '1');
INSERT INTO `creature_loot_template` VALUES ('59201', '4345', '0.01', '1', '0', '1', '1');
INSERT INTO `creature_loot_template` VALUES ('59201', '52368', '0.01', '1', '0', '1', '1');
INSERT INTO `creature_loot_template` VALUES ('59201', '55322', '0.01', '1', '0', '1', '1');
INSERT INTO `creature_loot_template` VALUES ('59201', '52382', '0.01', '1', '0', '1', '1');
INSERT INTO `creature_loot_template` VALUES ('59201', '67139', '0.01', '1', '0', '1', '1');
INSERT INTO `creature_loot_template` VALUES ('59201', '67119', '0.01', '1', '0', '1', '1');
INSERT INTO `creature_loot_template` VALUES ('59201', '67121', '0.01', '1', '0', '1', '1');
INSERT INTO `creature_loot_template` VALUES ('59201', '67123', '0.01', '1', '0', '1', '1');
INSERT INTO `creature_loot_template` VALUES ('59201', '4409', '0.01', '1', '0', '1', '1');
INSERT INTO `creature_loot_template` VALUES ('59201', '52386', '0.01', '1', '0', '1', '1');
INSERT INTO `creature_loot_template` VALUES ('59201', '55304', '0.01', '1', '0', '1', '1');
INSERT INTO `creature_loot_template` VALUES ('59201', '67130', '0.1', '1', '0', '1', '1');
INSERT INTO `creature_loot_template` VALUES ('59201', '52496', '0.1', '1', '0', '1', '1');
INSERT INTO `creature_loot_template` VALUES ('59201', '66991', '0.1', '1', '0', '1', '1');
INSERT INTO `creature_loot_template` VALUES ('59201', '66942', '0.1', '1', '0', '1', '1');
INSERT INTO `creature_loot_template` VALUES ('59201', '66976', '0.1', '1', '0', '1', '1');
INSERT INTO `creature_loot_template` VALUES ('59201', '4346', '0.1', '1', '0', '1', '1');
INSERT INTO `creature_loot_template` VALUES ('59201', '52371', '0.1', '1', '0', '1', '1');
INSERT INTO `creature_loot_template` VALUES ('59201', '55358', '0.1', '1', '0', '1', '1');
INSERT INTO `creature_loot_template` VALUES ('59201', '55323', '0.1', '1', '0', '1', '1');
INSERT INTO `creature_loot_template` VALUES ('59201', '55306', '0.1', '1', '0', '1', '1');
INSERT INTO `creature_loot_template` VALUES ('59201', '55324', '0.1', '1', '0', '1', '1');
INSERT INTO `creature_loot_template` VALUES ('59201', '66969', '0.1', '1', '0', '1', '1');
INSERT INTO `creature_loot_template` VALUES ('59201', '66971', '0.1', '1', '0', '1', '1');
INSERT INTO `creature_loot_template` VALUES ('59201', '66992', '0.1', '1', '0', '1', '1');
INSERT INTO `creature_loot_template` VALUES ('59201', '66994', '0.1', '1', '0', '1', '1');
INSERT INTO `creature_loot_template` VALUES ('59201', '67125', '0.1', '1', '0', '1', '1');
INSERT INTO `creature_loot_template` VALUES ('59201', '67127', '0.1', '1', '0', '1', '1');
INSERT INTO `creature_loot_template` VALUES ('59201', '14173', '0.1', '1', '0', '1', '1');
INSERT INTO `creature_loot_template` VALUES ('59201', '67148', '0.1', '1', '0', '1', '1');
INSERT INTO `creature_loot_template` VALUES ('59201', '66972', '0.1', '1', '0', '1', '1');
UPDATE `creature_template` SET lootid='59201' WHERE entry='59201';
DELETE FROM `pickpocketing_loot_template` WHERE entry='59201';
INSERT INTO `pickpocketing_loot_template` VALUES ('59201', '5368', '0.37', '1', '0', '1', '1');
UPDATE `creature_template` SET pickpocketloot='59201' WHERE entry='59201';
-- spawn of heroic npc of entry 48505
INSERT INTO `creature` VALUES (405485, 59201, 36, 1581, 1581, 2, 1, 184, 0, -135.177, -633.656, 14.5447, 1.23918, 7200, 0, 0, 1312, 0, 0, 0, 0, 0);
INSERT INTO `creature` VALUES (405486, 59201, 36, 1581, 1581, 2, 1, 184, 0, -110.326, -617.406, 13.6003, 3.10669, 7200, 0, 0, 1312, 0, 0, 0, 0, 0);
INSERT INTO `creature` VALUES (405487, 59201, 36, 1581, 1581, 2, 1, 210, 0, -98.4774, -672.389, 7.50265, 1.23918, 7200, 0, 0, 1312, 0, 0, 0, 0, 0);
INSERT INTO `creature` VALUES (405488, 59201, 36, 1581, 1581, 2, 1, 184, 0, -136.177, -603.12, 15.8018, 1.36136, 7200, 0, 0, 1312, 0, 0, 0, 0, 0);
INSERT INTO `creature` VALUES (405489, 59201, 36, 1581, 1581, 2, 1, 210, 0, -127.726, -602.797, 16.1609, 1.93731, 7200, 0, 0, 1312, 0, 0, 0, 0, 0);
-- heroic entry 48419
DELETE FROM `creature_template` WHERE `entry`=48419 LIMIT 1;
INSERT INTO `creature_template` ( `entry`, `difficulty_entry_1`, `difficulty_entry_2`, `difficulty_entry_3`, `KillCredit1`, `KillCredit2`, `modelid1`, `modelid2`, `modelid3`, `modelid4`, `name`, `subname`, `IconName`, `gossip_menu_id`, `minlevel`, `maxlevel`, `exp`, `faction_A`, `faction_H`, `npcflag`, `speed_walk`, `speed_run`, `scale`, `rank`, `mindmg`, `maxdmg`, `dmgschool`, `attackpower`, `dmg_multiplier`, `baseattacktime`, `rangeattacktime`, `unit_class`, `unit_flags`, `dynamicflags`, `family`, `trainer_type`, `trainer_spell`, `trainer_class`, `trainer_race`, `minrangedmg`, `maxrangedmg`, `rangedattackpower`, `type`, `type_flags`, `lootid`, `pickpocketloot`, `skinloot`, `resistance1`, `resistance2`, `resistance3`, `resistance4`, `resistance5`, `resistance6`, `spell1`, `spell2`, `spell3`, `spell4`, `spell5`, `spell6`, `spell7`, `spell8`, `PetSpellDataId`, `VehicleId`, `mingold`, `maxgold`, `AIName`, `MovementType`, `InhabitType`, `Health_mod`, `Mana_mod`, `Armor_mod`, `RacialLeader`, `questItem1`, `questItem2`, `questItem3`, `questItem4`, `questItem5`, `questItem6`, `movementId`, `RegenHealth`, `equipment_id`, `mechanic_immune_mask`, `flags_extra`, `ScriptName`, `WDBVerified`) VALUES ( 48419, 0, 0, 0, 0, 0, 308, 2444, 341, 2438, "Defias Miner", "", "", 0, 85, 85, 3, 17, 17, 0, 1.14286, 0.666668, 1.0, 0, 583, 724, 0, 50, 3.7, 2000, 2000, 1, 64, 2048, 0, 0, 0, 0, 0, 583, 724, 50, 7, 0, 48419, 48419, 0, 0, 0, 0, 0, 0, 0, 91009, 90994, 0, 0, 0, 0, 0, 0, 0, 0, 7906, 7906, "", 0, 3, 1.2686, 0.0, 1.0, 0, 915, 0, 0, 0, 0, 0, 0, 1, 48419, 0, 0, "", "13623");
INSERT INTO `creature` VALUES ('405490', '48419', '36', '1581', '1581', '2', '1', '2438', '0', '-285.405', '-567.736', '49.417', '6.00393', '7200', '0', '0', '1800', '0', '0', '0', '0', '0');
INSERT INTO `creature` VALUES ('405491', '48419', '36', '1581', '1581', '2', '1', '2438', '0', '-282.78', '-557.547', '49.3715', '6.23082', '7200', '0', '0', '300', '0', '0', '0', '0', '0');
DELETE FROM `creature_loot_template` WHERE entry='48419';
INSERT INTO `creature_loot_template` VALUES ('48419', '53010', '22.97', '1', '0', '1', '6');
INSERT INTO `creature_loot_template` VALUES ('48419', '2592', '11.27', '1', '0', '1', '2');
INSERT INTO `creature_loot_template` VALUES ('48419', '2589', '11.2', '1', '0', '1', '3');
INSERT INTO `creature_loot_template` VALUES ('48419', '68198', '7.96', '1', '0', '1', '2');
INSERT INTO `creature_loot_template` VALUES ('48419', '58268', '4.18', '1', '0', '1', '1');
INSERT INTO `creature_loot_template` VALUES ('48419', '414', '3.11', '1', '0', '1', '1');
INSERT INTO `creature_loot_template` VALUES ('48419', '68197', '2.71', '1', '0', '1', '2');
INSERT INTO `creature_loot_template` VALUES ('48419', '58256', '2.07', '1', '0', '1', '1');
INSERT INTO `creature_loot_template` VALUES ('48419', '1179', '1.51', '1', '0', '1', '1');
INSERT INTO `creature_loot_template` VALUES ('48419', '7997', '1.15', '1', '0', '1', '1');
INSERT INTO `creature_loot_template` VALUES ('48419', '1930', '0.96', '1', '0', '1', '1');
INSERT INTO `creature_loot_template` VALUES ('48419', '858', '0.92', '1', '0', '1', '1');
INSERT INTO `creature_loot_template` VALUES ('48419', '68729', '0.54', '1', '0', '1', '1');
INSERT INTO `creature_loot_template` VALUES ('48419', '2455', '0.44', '1', '0', '1', '1');
INSERT INTO `creature_loot_template` VALUES ('48419', '2838', '0.43', '1', '0', '1', '1');
INSERT INTO `creature_loot_template` VALUES ('48419', '2836', '0.42', '1', '0', '1', '5');
INSERT INTO `creature_loot_template` VALUES ('48419', '818', '0.32', '1', '0', '1', '1');
INSERT INTO `creature_loot_template` VALUES ('48419', '62068', '0.26', '1', '0', '1', '1');
INSERT INTO `creature_loot_template` VALUES ('48419', '62064', '0.26', '1', '0', '1', '1');
INSERT INTO `creature_loot_template` VALUES ('48419', '62067', '0.25', '1', '0', '1', '1');
INSERT INTO `creature_loot_template` VALUES ('48419', '62063', '0.25', '1', '0', '1', '1');
INSERT INTO `creature_loot_template` VALUES ('48419', '62069', '0.24', '1', '0', '1', '1');
INSERT INTO `creature_loot_template` VALUES ('48419', '62065', '0.23', '1', '0', '1', '1');
INSERT INTO `creature_loot_template` VALUES ('48419', '62066', '0.22', '1', '0', '1', '1');
INSERT INTO `creature_loot_template` VALUES ('48419', '62070', '0.22', '1', '0', '1', '1');
INSERT INTO `creature_loot_template` VALUES ('48419', '62071', '0.22', '1', '0', '1', '1');
INSERT INTO `creature_loot_template` VALUES ('48419', '55423', '0.22', '1', '0', '1', '1');
INSERT INTO `creature_loot_template` VALUES ('48419', '55422', '0.21', '1', '0', '1', '1');
INSERT INTO `creature_loot_template` VALUES ('48419', '62072', '0.21', '1', '0', '1', '1');
INSERT INTO `creature_loot_template` VALUES ('48419', '55421', '0.18', '1', '0', '1', '1');
INSERT INTO `creature_loot_template` VALUES ('48419', '1514', '0.17', '1', '0', '1', '1');
INSERT INTO `creature_loot_template` VALUES ('48419', '1511', '0.17', '1', '0', '1', '1');
INSERT INTO `creature_loot_template` VALUES ('48419', '5071', '0.16', '1', '0', '1', '1');
INSERT INTO `creature_loot_template` VALUES ('48419', '4569', '0.16', '1', '0', '1', '1');
INSERT INTO `creature_loot_template` VALUES ('48419', '1510', '0.15', '1', '0', '1', '1');
INSERT INTO `creature_loot_template` VALUES ('48419', '1512', '0.15', '1', '0', '1', '1');
INSERT INTO `creature_loot_template` VALUES ('48419', '2778', '0.15', '1', '0', '1', '1');
INSERT INTO `creature_loot_template` VALUES ('48419', '2763', '0.15', '1', '0', '1', '1');
INSERT INTO `creature_loot_template` VALUES ('48419', '1513', '0.15', '1', '0', '1', '1');
INSERT INTO `creature_loot_template` VALUES ('48419', '55439', '0.15', '1', '0', '1', '1');
INSERT INTO `creature_loot_template` VALUES ('48419', '55440', '0.15', '1', '0', '1', '1');
INSERT INTO `creature_loot_template` VALUES ('48419', '1516', '0.14', '1', '0', '1', '1');
INSERT INTO `creature_loot_template` VALUES ('48419', '62093', '0.14', '1', '0', '1', '1');
INSERT INTO `creature_loot_template` VALUES ('48419', '55441', '0.14', '1', '0', '1', '1');
INSERT INTO `creature_loot_template` VALUES ('48419', '1515', '0.14', '1', '0', '1', '1');
INSERT INTO `creature_loot_template` VALUES ('48419', '2632', '0.14', '1', '0', '1', '1');
INSERT INTO `creature_loot_template` VALUES ('48419', '1506', '0.14', '1', '0', '1', '1');
INSERT INTO `creature_loot_template` VALUES ('48419', '62073', '0.14', '1', '0', '1', '1');
INSERT INTO `creature_loot_template` VALUES ('48419', '1499', '0.13', '1', '0', '1', '1');
INSERT INTO `creature_loot_template` VALUES ('48419', '1501', '0.13', '1', '0', '1', '1');
INSERT INTO `creature_loot_template` VALUES ('48419', '62092', '0.13', '1', '0', '1', '1');
INSERT INTO `creature_loot_template` VALUES ('48419', '1498', '0.13', '1', '0', '1', '1');
INSERT INTO `creature_loot_template` VALUES ('48419', '1504', '0.13', '1', '0', '1', '1');
INSERT INTO `creature_loot_template` VALUES ('48419', '2777', '0.13', '1', '0', '1', '1');
INSERT INTO `creature_loot_template` VALUES ('48419', '1502', '0.13', '1', '0', '1', '1');
INSERT INTO `creature_loot_template` VALUES ('48419', '62081', '0.13', '1', '0', '1', '1');
INSERT INTO `creature_loot_template` VALUES ('48419', '1497', '0.12', '1', '0', '1', '1');
INSERT INTO `creature_loot_template` VALUES ('48419', '1507', '0.12', '1', '0', '1', '1');
INSERT INTO `creature_loot_template` VALUES ('48419', '1509', '0.12', '1', '0', '1', '1');
INSERT INTO `creature_loot_template` VALUES ('48419', '62097', '0.12', '1', '0', '1', '1');
INSERT INTO `creature_loot_template` VALUES ('48419', '62124', '0.12', '1', '0', '1', '1');
INSERT INTO `creature_loot_template` VALUES ('48419', '62085', '0.12', '1', '0', '1', '1');
INSERT INTO `creature_loot_template` VALUES ('48419', '3375', '0.12', '1', '0', '1', '1');
INSERT INTO `creature_loot_template` VALUES ('48419', '55764', '0.12', '1', '0', '1', '1');
INSERT INTO `creature_loot_template` VALUES ('48419', '62088', '0.12', '1', '0', '1', '1');
INSERT INTO `creature_loot_template` VALUES ('48419', '55485', '0.11', '1', '0', '1', '1');
INSERT INTO `creature_loot_template` VALUES ('48419', '55719', '0.11', '1', '0', '1', '1');
INSERT INTO `creature_loot_template` VALUES ('48419', '55746', '0.11', '1', '0', '1', '1');
INSERT INTO `creature_loot_template` VALUES ('48419', '55738', '0.11', '1', '0', '1', '1');
INSERT INTO `creature_loot_template` VALUES ('48419', '1210', '0.11', '1', '0', '1', '1');
INSERT INTO `creature_loot_template` VALUES ('48419', '55486', '0.11', '1', '0', '1', '1');
INSERT INTO `creature_loot_template` VALUES ('48419', '55484', '0.11', '1', '0', '1', '1');
INSERT INTO `creature_loot_template` VALUES ('48419', '9747', '0.11', '1', '0', '1', '1');
INSERT INTO `creature_loot_template` VALUES ('48419', '55773', '0.11', '1', '0', '1', '1');
INSERT INTO `creature_loot_template` VALUES ('48419', '62082', '0.11', '1', '0', '1', '1');
INSERT INTO `creature_loot_template` VALUES ('48419', '55727', '0.11', '1', '0', '1', '1');
INSERT INTO `creature_loot_template` VALUES ('48419', '55619', '0.11', '1', '0', '1', '1');
INSERT INTO `creature_loot_template` VALUES ('48419', '55772', '0.11', '1', '0', '1', '1');
INSERT INTO `creature_loot_template` VALUES ('48419', '62079', '0.11', '1', '0', '1', '1');
INSERT INTO `creature_loot_template` VALUES ('48419', '62135', '0.11', '1', '0', '1', '1');
INSERT INTO `creature_loot_template` VALUES ('48419', '9756', '0.11', '1', '0', '1', '1');
INSERT INTO `creature_loot_template` VALUES ('48419', '62102', '0.11', '1', '0', '1', '1');
INSERT INTO `creature_loot_template` VALUES ('48419', '2214', '0.11', '1', '0', '1', '1');
INSERT INTO `creature_loot_template` VALUES ('48419', '55728', '0.11', '1', '0', '1', '1');
INSERT INTO `creature_loot_template` VALUES ('48419', '1495', '0.11', '1', '0', '1', '1');
INSERT INTO `creature_loot_template` VALUES ('48419', '62086', '0.11', '1', '0', '1', '1');
INSERT INTO `creature_loot_template` VALUES ('48419', '55756', '0.1', '1', '0', '1', '1');
INSERT INTO `creature_loot_template` VALUES ('48419', '55745', '0.1', '1', '0', '1', '1');
INSERT INTO `creature_loot_template` VALUES ('48419', '3374', '0.1', '1', '0', '1', '1');
INSERT INTO `creature_loot_template` VALUES ('48419', '55405', '0.1', '1', '0', '1', '1');
INSERT INTO `creature_loot_template` VALUES ('48419', '1503', '0.1', '1', '0', '1', '1');
INSERT INTO `creature_loot_template` VALUES ('48419', '2215', '0.1', '1', '0', '1', '1');
INSERT INTO `creature_loot_template` VALUES ('48419', '1732', '0.1', '1', '0', '1', '1');
INSERT INTO `creature_loot_template` VALUES ('48419', '62095', '0.1', '1', '0', '1', '1');
INSERT INTO `creature_loot_template` VALUES ('48419', '55736', '0.1', '1', '0', '1', '1');
INSERT INTO `creature_loot_template` VALUES ('48419', '62089', '0.1', '1', '0', '1', '1');
INSERT INTO `creature_loot_template` VALUES ('48419', '55710', '0.1', '1', '0', '1', '1');
INSERT INTO `creature_loot_template` VALUES ('48419', '62075', '0.1', '1', '0', '1', '1');
INSERT INTO `creature_loot_template` VALUES ('48419', '62080', '0.1', '1', '0', '1', '1');
INSERT INTO `creature_loot_template` VALUES ('48419', '62101', '0.1', '1', '0', '1', '1');
INSERT INTO `creature_loot_template` VALUES ('48419', '55755', '0.1', '1', '0', '1', '1');
INSERT INTO `creature_loot_template` VALUES ('48419', '55737', '0.1', '1', '0', '1', '1');
INSERT INTO `creature_loot_template` VALUES ('48419', '62096', '0.1', '1', '0', '1', '1');
INSERT INTO `creature_loot_template` VALUES ('48419', '62100', '0.1', '1', '0', '1', '1');
INSERT INTO `creature_loot_template` VALUES ('48419', '62098', '0.1', '1', '0', '1', '1');
INSERT INTO `creature_loot_template` VALUES ('48419', '774', '0.1', '1', '0', '1', '1');
INSERT INTO `creature_loot_template` VALUES ('48419', '62090', '0.1', '1', '0', '1', '1');
INSERT INTO `creature_loot_template` VALUES ('48419', '62077', '0.1', '1', '0', '1', '1');
INSERT INTO `creature_loot_template` VALUES ('48419', '62087', '0.1', '1', '0', '1', '1');
INSERT INTO `creature_loot_template` VALUES ('48419', '62074', '0.1', '1', '0', '1', '1');
INSERT INTO `creature_loot_template` VALUES ('48419', '62076', '0.1', '1', '0', '1', '1');
INSERT INTO `creature_loot_template` VALUES ('48419', '62094', '0.1', '1', '0', '1', '1');
INSERT INTO `creature_loot_template` VALUES ('48419', '9763', '0.1', '1', '0', '1', '1');
INSERT INTO `creature_loot_template` VALUES ('48419', '55747', '0.1', '1', '0', '1', '1');
INSERT INTO `creature_loot_template` VALUES ('48419', '62078', '0.1', '1', '0', '1', '1');
INSERT INTO `creature_loot_template` VALUES ('48419', '62125', '0.1', '1', '0', '1', '1');
INSERT INTO `creature_loot_template` VALUES ('48419', '1737', '0.1', '1', '0', '1', '1');
INSERT INTO `creature_loot_template` VALUES ('48419', '55729', '0.1', '1', '0', '1', '1');
INSERT INTO `creature_loot_template` VALUES ('48419', '62091', '0.1', '1', '0', '1', '1');
INSERT INTO `creature_loot_template` VALUES ('48419', '62103', '0.1', '1', '0', '1', '1');
INSERT INTO `creature_loot_template` VALUES ('48419', '55530', '0.1', '1', '0', '1', '1');
INSERT INTO `creature_loot_template` VALUES ('48419', '55603', '0.1', '1', '0', '1', '1');
INSERT INTO `creature_loot_template` VALUES ('48419', '55404', '0.1', '1', '0', '1', '1');
INSERT INTO `creature_loot_template` VALUES ('48419', '62084', '0.1', '1', '0', '1', '1');
INSERT INTO `creature_loot_template` VALUES ('48419', '1735', '0.09', '1', '0', '1', '1');
INSERT INTO `creature_loot_template` VALUES ('48419', '55765', '0.09', '1', '0', '1', '1');
INSERT INTO `creature_loot_template` VALUES ('48419', '62099', '0.09', '1', '0', '1', '1');
INSERT INTO `creature_loot_template` VALUES ('48419', '55709', '0.09', '1', '0', '1', '1');
INSERT INTO `creature_loot_template` VALUES ('48419', '62110', '0.09', '1', '0', '1', '1');
INSERT INTO `creature_loot_template` VALUES ('48419', '55711', '0.09', '1', '0', '1', '1');
INSERT INTO `creature_loot_template` VALUES ('48419', '55720', '0.09', '1', '0', '1', '1');
INSERT INTO `creature_loot_template` VALUES ('48419', '55774', '0.09', '1', '0', '1', '1');
INSERT INTO `creature_loot_template` VALUES ('48419', '55522', '0.09', '1', '0', '1', '1');
INSERT INTO `creature_loot_template` VALUES ('48419', '62083', '0.09', '1', '0', '1', '1');
INSERT INTO `creature_loot_template` VALUES ('48419', '55521', '0.09', '1', '0', '1', '1');
INSERT INTO `creature_loot_template` VALUES ('48419', '55754', '0.09', '1', '0', '1', '1');
INSERT INTO `creature_loot_template` VALUES ('48419', '1731', '0.09', '1', '0', '1', '1');
INSERT INTO `creature_loot_template` VALUES ('48419', '62114', '0.09', '1', '0', '1', '1');
INSERT INTO `creature_loot_template` VALUES ('48419', '4564', '0.09', '1', '0', '1', '1');
INSERT INTO `creature_loot_template` VALUES ('48419', '1734', '0.09', '1', '0', '1', '1');
INSERT INTO `creature_loot_template` VALUES ('48419', '62127', '0.09', '1', '0', '1', '1');
INSERT INTO `creature_loot_template` VALUES ('48419', '4577', '0.09', '1', '0', '1', '1');
INSERT INTO `creature_loot_template` VALUES ('48419', '55611', '0.09', '1', '0', '1', '1');
INSERT INTO `creature_loot_template` VALUES ('48419', '55585', '0.09', '1', '0', '1', '1');
INSERT INTO `creature_loot_template` VALUES ('48419', '62104', '0.09', '1', '0', '1', '1');
INSERT INTO `creature_loot_template` VALUES ('48419', '62111', '0.09', '1', '0', '1', '1');
INSERT INTO `creature_loot_template` VALUES ('48419', '3036', '0.09', '1', '0', '1', '1');
INSERT INTO `creature_loot_template` VALUES ('48419', '55403', '0.09', '1', '0', '1', '1');
INSERT INTO `creature_loot_template` VALUES ('48419', '62116', '0.09', '1', '0', '1', '1');
INSERT INTO `creature_loot_template` VALUES ('48419', '55674', '0.08', '1', '0', '1', '1');
INSERT INTO `creature_loot_template` VALUES ('48419', '4566', '0.08', '1', '0', '1', '1');
INSERT INTO `creature_loot_template` VALUES ('48419', '1730', '0.08', '1', '0', '1', '1');
INSERT INTO `creature_loot_template` VALUES ('48419', '62118', '0.08', '1', '0', '1', '1');
INSERT INTO `creature_loot_template` VALUES ('48419', '62123', '0.08', '1', '0', '1', '1');
INSERT INTO `creature_loot_template` VALUES ('48419', '62126', '0.08', '1', '0', '1', '1');
INSERT INTO `creature_loot_template` VALUES ('48419', '55718', '0.08', '1', '0', '1', '1');
INSERT INTO `creature_loot_template` VALUES ('48419', '55612', '0.08', '1', '0', '1', '1');
INSERT INTO `creature_loot_template` VALUES ('48419', '55701', '0.08', '1', '0', '1', '1');
INSERT INTO `creature_loot_template` VALUES ('48419', '55763', '0.08', '1', '0', '1', '1');
INSERT INTO `creature_loot_template` VALUES ('48419', '3643', '0.08', '1', '0', '1', '1');
INSERT INTO `creature_loot_template` VALUES ('48419', '55700', '0.08', '1', '0', '1', '1');
INSERT INTO `creature_loot_template` VALUES ('48419', '2972', '0.08', '1', '0', '1', '1');
INSERT INTO `creature_loot_template` VALUES ('48419', '62109', '0.08', '1', '0', '1', '1');
INSERT INTO `creature_loot_template` VALUES ('48419', '55602', '0.08', '1', '0', '1', '1');
INSERT INTO `creature_loot_template` VALUES ('48419', '55665', '0.08', '1', '0', '1', '1');
INSERT INTO `creature_loot_template` VALUES ('48419', '55583', '0.08', '1', '0', '1', '1');
INSERT INTO `creature_loot_template` VALUES ('48419', '55368', '0.08', '1', '0', '1', '1');
INSERT INTO `creature_loot_template` VALUES ('48419', '55540', '0.08', '1', '0', '1', '1');
INSERT INTO `creature_loot_template` VALUES ('48419', '55647', '0.08', '1', '0', '1', '1');
INSERT INTO `creature_loot_template` VALUES ('48419', '55575', '0.08', '1', '0', '1', '1');
INSERT INTO `creature_loot_template` VALUES ('48419', '55692', '0.08', '1', '0', '1', '1');
INSERT INTO `creature_loot_template` VALUES ('48419', '55666', '0.08', '1', '0', '1', '1');
INSERT INTO `creature_loot_template` VALUES ('48419', '55369', '0.08', '1', '0', '1', '1');
INSERT INTO `creature_loot_template` VALUES ('48419', '55601', '0.08', '1', '0', '1', '1');
INSERT INTO `creature_loot_template` VALUES ('48419', '62106', '0.08', '1', '0', '1', '1');
INSERT INTO `creature_loot_template` VALUES ('48419', '55593', '0.08', '1', '0', '1', '1');
INSERT INTO `creature_loot_template` VALUES ('48419', '55567', '0.08', '1', '0', '1', '1');
INSERT INTO `creature_loot_template` VALUES ('48419', '62112', '0.08', '1', '0', '1', '1');
INSERT INTO `creature_loot_template` VALUES ('48419', '55702', '0.07', '1', '0', '1', '1');
INSERT INTO `creature_loot_template` VALUES ('48419', '62136', '0.07', '1', '0', '1', '1');
INSERT INTO `creature_loot_template` VALUES ('48419', '55557', '0.07', '1', '0', '1', '1');
INSERT INTO `creature_loot_template` VALUES ('48419', '62130', '0.07', '1', '0', '1', '1');
INSERT INTO `creature_loot_template` VALUES ('48419', '55664', '0.07', '1', '0', '1', '1');
INSERT INTO `creature_loot_template` VALUES ('48419', '62105', '0.07', '1', '0', '1', '1');
INSERT INTO `creature_loot_template` VALUES ('48419', '62132', '0.07', '1', '0', '1', '1');
INSERT INTO `creature_loot_template` VALUES ('48419', '4570', '0.07', '1', '0', '1', '1');
INSERT INTO `creature_loot_template` VALUES ('48419', '55691', '0.07', '1', '0', '1', '1');
INSERT INTO `creature_loot_template` VALUES ('48419', '55495', '0.07', '1', '0', '1', '1');
INSERT INTO `creature_loot_template` VALUES ('48419', '62121', '0.07', '1', '0', '1', '1');
INSERT INTO `creature_loot_template` VALUES ('48419', '62131', '0.07', '1', '0', '1', '1');
INSERT INTO `creature_loot_template` VALUES ('48419', '2971', '0.07', '1', '0', '1', '1');
INSERT INTO `creature_loot_template` VALUES ('48419', '55629', '0.07', '1', '0', '1', '1');
INSERT INTO `creature_loot_template` VALUES ('48419', '62129', '0.07', '1', '0', '1', '1');
INSERT INTO `creature_loot_template` VALUES ('48419', '55673', '0.07', '1', '0', '1', '1');
INSERT INTO `creature_loot_template` VALUES ('48419', '55513', '0.07', '1', '0', '1', '1');
INSERT INTO `creature_loot_template` VALUES ('48419', '62107', '0.07', '1', '0', '1', '1');
INSERT INTO `creature_loot_template` VALUES ('48419', '62115', '0.07', '1', '0', '1', '1');
INSERT INTO `creature_loot_template` VALUES ('48419', '55494', '0.07', '1', '0', '1', '1');
INSERT INTO `creature_loot_template` VALUES ('48419', '55638', '0.07', '1', '0', '1', '1');
INSERT INTO `creature_loot_template` VALUES ('48419', '55594', '0.07', '1', '0', '1', '1');
INSERT INTO `creature_loot_template` VALUES ('48419', '62122', '0.07', '1', '0', '1', '1');
INSERT INTO `creature_loot_template` VALUES ('48419', '55493', '0.07', '1', '0', '1', '1');
INSERT INTO `creature_loot_template` VALUES ('48419', '55502', '0.07', '1', '0', '1', '1');
INSERT INTO `creature_loot_template` VALUES ('48419', '55646', '0.07', '1', '0', '1', '1');
INSERT INTO `creature_loot_template` VALUES ('48419', '55584', '0.07', '1', '0', '1', '1');
INSERT INTO `creature_loot_template` VALUES ('48419', '55558', '0.07', '1', '0', '1', '1');
INSERT INTO `creature_loot_template` VALUES ('48419', '55367', '0.07', '1', '0', '1', '1');
INSERT INTO `creature_loot_template` VALUES ('48419', '55621', '0.07', '1', '0', '1', '1');
INSERT INTO `creature_loot_template` VALUES ('48419', '62108', '0.07', '1', '0', '1', '1');
INSERT INTO `creature_loot_template` VALUES ('48419', '62117', '0.07', '1', '0', '1', '1');
INSERT INTO `creature_loot_template` VALUES ('48419', '62119', '0.07', '1', '0', '1', '1');
INSERT INTO `creature_loot_template` VALUES ('48419', '55529', '0.07', '1', '0', '1', '1');
INSERT INTO `creature_loot_template` VALUES ('48419', '55547', '0.07', '1', '0', '1', '1');
INSERT INTO `creature_loot_template` VALUES ('48419', '55683', '0.07', '1', '0', '1', '1');
INSERT INTO `creature_loot_template` VALUES ('48419', '55574', '0.07', '1', '0', '1', '1');
INSERT INTO `creature_loot_template` VALUES ('48419', '55656', '0.07', '1', '0', '1', '1');
INSERT INTO `creature_loot_template` VALUES ('48419', '55576', '0.07', '1', '0', '1', '1');
INSERT INTO `creature_loot_template` VALUES ('48419', '2975', '0.07', '1', '0', '1', '1');
INSERT INTO `creature_loot_template` VALUES ('48419', '55512', '0.07', '1', '0', '1', '1');
INSERT INTO `creature_loot_template` VALUES ('48419', '55630', '0.07', '1', '0', '1', '1');
INSERT INTO `creature_loot_template` VALUES ('48419', '55503', '0.07', '1', '0', '1', '1');
INSERT INTO `creature_loot_template` VALUES ('48419', '62113', '0.07', '1', '0', '1', '1');
INSERT INTO `creature_loot_template` VALUES ('48419', '62120', '0.07', '1', '0', '1', '1');
INSERT INTO `creature_loot_template` VALUES ('48419', '55549', '0.07', '1', '0', '1', '1');
INSERT INTO `creature_loot_template` VALUES ('48419', '3207', '0.07', '1', '0', '1', '1');
INSERT INTO `creature_loot_template` VALUES ('48419', '55538', '0.07', '1', '0', '1', '1');
INSERT INTO `creature_loot_template` VALUES ('48419', '55556', '0.07', '1', '0', '1', '1');
INSERT INTO `creature_loot_template` VALUES ('48419', '3651', '0.07', '1', '0', '1', '1');
INSERT INTO `creature_loot_template` VALUES ('48419', '55684', '0.07', '1', '0', '1', '1');
INSERT INTO `creature_loot_template` VALUES ('48419', '62134', '0.07', '1', '0', '1', '1');
INSERT INTO `creature_loot_template` VALUES ('48419', '55682', '0.06', '1', '0', '1', '1');
INSERT INTO `creature_loot_template` VALUES ('48419', '55566', '0.06', '1', '0', '1', '1');
INSERT INTO `creature_loot_template` VALUES ('48419', '62128', '0.06', '1', '0', '1', '1');
INSERT INTO `creature_loot_template` VALUES ('48419', '62133', '0.06', '1', '0', '1', '1');
INSERT INTO `creature_loot_template` VALUES ('48419', '6543', '0.06', '1', '0', '1', '1');
INSERT INTO `creature_loot_template` VALUES ('48419', '55610', '0.06', '1', '0', '1', '1');
INSERT INTO `creature_loot_template` VALUES ('48419', '55639', '0.06', '1', '0', '1', '1');
INSERT INTO `creature_loot_template` VALUES ('48419', '55520', '0.06', '1', '0', '1', '1');
INSERT INTO `creature_loot_template` VALUES ('48419', '55693', '0.06', '1', '0', '1', '1');
INSERT INTO `creature_loot_template` VALUES ('48419', '55628', '0.06', '1', '0', '1', '1');
INSERT INTO `creature_loot_template` VALUES ('48419', '55548', '0.06', '1', '0', '1', '1');
INSERT INTO `creature_loot_template` VALUES ('48419', '55637', '0.06', '1', '0', '1', '1');
INSERT INTO `creature_loot_template` VALUES ('48419', '55657', '0.06', '1', '0', '1', '1');
INSERT INTO `creature_loot_template` VALUES ('48419', '55620', '0.06', '1', '0', '1', '1');
INSERT INTO `creature_loot_template` VALUES ('48419', '55378', '0.06', '1', '0', '1', '1');
INSERT INTO `creature_loot_template` VALUES ('48419', '55531', '0.06', '1', '0', '1', '1');
INSERT INTO `creature_loot_template` VALUES ('48419', '6555', '0.06', '1', '0', '1', '1');
INSERT INTO `creature_loot_template` VALUES ('48419', '55511', '0.06', '1', '0', '1', '1');
INSERT INTO `creature_loot_template` VALUES ('48419', '55675', '0.06', '1', '0', '1', '1');
INSERT INTO `creature_loot_template` VALUES ('48419', '9764', '0.06', '1', '0', '1', '1');
INSERT INTO `creature_loot_template` VALUES ('48419', '55592', '0.06', '1', '0', '1', '1');
INSERT INTO `creature_loot_template` VALUES ('48419', '4678', '0.06', '1', '0', '1', '1');
INSERT INTO `creature_loot_template` VALUES ('48419', '55314', '0.06', '1', '0', '1', '1');
INSERT INTO `creature_loot_template` VALUES ('48419', '2073', '0.06', '1', '0', '1', '1');
INSERT INTO `creature_loot_template` VALUES ('48419', '55539', '0.06', '1', '0', '1', '1');
INSERT INTO `creature_loot_template` VALUES ('48419', '55565', '0.06', '1', '0', '1', '1');
INSERT INTO `creature_loot_template` VALUES ('48419', '6268', '0.06', '1', '0', '1', '1');
INSERT INTO `creature_loot_template` VALUES ('48419', '55504', '0.06', '1', '0', '1', '1');
INSERT INTO `creature_loot_template` VALUES ('48419', '55376', '0.05', '1', '0', '1', '1');
INSERT INTO `creature_loot_template` VALUES ('48419', '2979', '0.05', '1', '0', '1', '1');
INSERT INTO `creature_loot_template` VALUES ('48419', '9757', '0.05', '1', '0', '1', '1');
INSERT INTO `creature_loot_template` VALUES ('48419', '55648', '0.05', '1', '0', '1', '1');
INSERT INTO `creature_loot_template` VALUES ('48419', '6549', '0.05', '1', '0', '1', '1');
INSERT INTO `creature_loot_template` VALUES ('48419', '55332', '0.05', '1', '0', '1', '1');
INSERT INTO `creature_loot_template` VALUES ('48419', '6558', '0.05', '1', '0', '1', '1');
INSERT INTO `creature_loot_template` VALUES ('48419', '55655', '0.05', '1', '0', '1', '1');
INSERT INTO `creature_loot_template` VALUES ('48419', '6539', '0.05', '1', '0', '1', '1');
INSERT INTO `creature_loot_template` VALUES ('48419', '55387', '0.05', '1', '0', '1', '1');
INSERT INTO `creature_loot_template` VALUES ('48419', '55431', '0.05', '1', '0', '1', '1');
INSERT INTO `creature_loot_template` VALUES ('48419', '6550', '0.05', '1', '0', '1', '1');
INSERT INTO `creature_loot_template` VALUES ('48419', '3652', '0.05', '1', '0', '1', '1');
INSERT INTO `creature_loot_template` VALUES ('48419', '6542', '0.05', '1', '0', '1', '1');
INSERT INTO `creature_loot_template` VALUES ('48419', '55459', '0.05', '1', '0', '1', '1');
INSERT INTO `creature_loot_template` VALUES ('48419', '55458', '0.05', '1', '0', '1', '1');
INSERT INTO `creature_loot_template` VALUES ('48419', '6336', '0.04', '1', '0', '1', '1');
INSERT INTO `creature_loot_template` VALUES ('48419', '55385', '0.04', '1', '0', '1', '1');
INSERT INTO `creature_loot_template` VALUES ('48419', '55333', '0.04', '1', '0', '1', '1');
INSERT INTO `creature_loot_template` VALUES ('48419', '4689', '0.04', '1', '0', '1', '1');
INSERT INTO `creature_loot_template` VALUES ('48419', '15268', '0.04', '1', '0', '1', '1');
INSERT INTO `creature_loot_template` VALUES ('48419', '55288', '0.04', '1', '0', '1', '1');
INSERT INTO `creature_loot_template` VALUES ('48419', '55315', '0.04', '1', '0', '1', '1');
INSERT INTO `creature_loot_template` VALUES ('48419', '4683', '0.04', '1', '0', '1', '1');
INSERT INTO `creature_loot_template` VALUES ('48419', '6537', '0.04', '1', '0', '1', '1');
INSERT INTO `creature_loot_template` VALUES ('48419', '55395', '0.04', '1', '0', '1', '1');
INSERT INTO `creature_loot_template` VALUES ('48419', '2974', '0.04', '1', '0', '1', '1');
INSERT INTO `creature_loot_template` VALUES ('48419', '55295', '0.04', '1', '0', '1', '1');
INSERT INTO `creature_loot_template` VALUES ('48419', '2980', '0.04', '1', '0', '1', '1');
INSERT INTO `creature_loot_template` VALUES ('48419', '4567', '0.04', '1', '0', '1', '1');
INSERT INTO `creature_loot_template` VALUES ('48419', '55377', '0.04', '1', '0', '1', '1');
INSERT INTO `creature_loot_template` VALUES ('48419', '2976', '0.04', '1', '0', '1', '1');
INSERT INTO `creature_loot_template` VALUES ('48419', '15933', '0.04', '1', '0', '1', '1');
INSERT INTO `creature_loot_template` VALUES ('48419', '2970', '0.04', '1', '0', '1', '1');
INSERT INTO `creature_loot_template` VALUES ('48419', '55286', '0.04', '1', '0', '1', '1');
INSERT INTO `creature_loot_template` VALUES ('48419', '55313', '0.04', '1', '0', '1', '1');
INSERT INTO `creature_loot_template` VALUES ('48419', '55432', '0.04', '1', '0', '1', '1');
INSERT INTO `creature_loot_template` VALUES ('48419', '9746', '0.04', '1', '0', '1', '1');
INSERT INTO `creature_loot_template` VALUES ('48419', '6548', '0.04', '1', '0', '1', '1');
INSERT INTO `creature_loot_template` VALUES ('48419', '55351', '0.04', '1', '0', '1', '1');
INSERT INTO `creature_loot_template` VALUES ('48419', '55457', '0.04', '1', '0', '1', '1');
INSERT INTO `creature_loot_template` VALUES ('48419', '55297', '0.04', '1', '0', '1', '1');
INSERT INTO `creature_loot_template` VALUES ('48419', '15210', '0.04', '1', '0', '1', '1');
INSERT INTO `creature_loot_template` VALUES ('48419', '55386', '0.04', '1', '0', '1', '1');
INSERT INTO `creature_loot_template` VALUES ('48419', '55430', '0.04', '1', '0', '1', '1');
INSERT INTO `creature_loot_template` VALUES ('48419', '4684', '0.04', '1', '0', '1', '1');
INSERT INTO `creature_loot_template` VALUES ('48419', '6266', '0.04', '1', '0', '1', '1');
INSERT INTO `creature_loot_template` VALUES ('48419', '6556', '0.04', '1', '0', '1', '1');
INSERT INTO `creature_loot_template` VALUES ('48419', '4701', '0.04', '1', '0', '1', '1');
INSERT INTO `creature_loot_template` VALUES ('48419', '9786', '0.04', '1', '0', '1', '1');
INSERT INTO `creature_loot_template` VALUES ('48419', '55331', '0.04', '1', '0', '1', '1');
INSERT INTO `creature_loot_template` VALUES ('48419', '55449', '0.04', '1', '0', '1', '1');
INSERT INTO `creature_loot_template` VALUES ('48419', '2977', '0.04', '1', '0', '1', '1');
INSERT INTO `creature_loot_template` VALUES ('48419', '6541', '0.04', '1', '0', '1', '1');
INSERT INTO `creature_loot_template` VALUES ('48419', '2978', '0.04', '1', '0', '1', '1');
INSERT INTO `creature_loot_template` VALUES ('48419', '55349', '0.04', '1', '0', '1', '1');
INSERT INTO `creature_loot_template` VALUES ('48419', '55296', '0.04', '1', '0', '1', '1');
INSERT INTO `creature_loot_template` VALUES ('48419', '55350', '0.03', '1', '0', '1', '1');
INSERT INTO `creature_loot_template` VALUES ('48419', '9755', '0.03', '1', '0', '1', '1');
INSERT INTO `creature_loot_template` VALUES ('48419', '6512', '0.03', '1', '0', '1', '1');
INSERT INTO `creature_loot_template` VALUES ('48419', '55287', '0.03', '1', '0', '1', '1');
INSERT INTO `creature_loot_template` VALUES ('48419', '6557', '0.03', '1', '0', '1', '1');
INSERT INTO `creature_loot_template` VALUES ('48419', '55468', '0.03', '1', '0', '1', '1');
INSERT INTO `creature_loot_template` VALUES ('48419', '55412', '0.03', '1', '0', '1', '1');
INSERT INTO `creature_loot_template` VALUES ('48419', '4690', '0.03', '1', '0', '1', '1');
INSERT INTO `creature_loot_template` VALUES ('48419', '55394', '0.03', '1', '0', '1', '1');
INSERT INTO `creature_loot_template` VALUES ('48419', '55341', '0.03', '1', '0', '1', '1');
INSERT INTO `creature_loot_template` VALUES ('48419', '9748', '0.03', '1', '0', '1', '1');
INSERT INTO `creature_loot_template` VALUES ('48419', '55396', '0.03', '1', '0', '1', '1');
INSERT INTO `creature_loot_template` VALUES ('48419', '55467', '0.03', '1', '0', '1', '1');
INSERT INTO `creature_loot_template` VALUES ('48419', '9765', '0.03', '1', '0', '1', '1');
INSERT INTO `creature_loot_template` VALUES ('48419', '5212', '0.03', '1', '0', '1', '1');
INSERT INTO `creature_loot_template` VALUES ('48419', '3213', '0.03', '1', '0', '1', '1');
INSERT INTO `creature_loot_template` VALUES ('48419', '55413', '0.03', '1', '0', '1', '1');
INSERT INTO `creature_loot_template` VALUES ('48419', '9762', '0.03', '1', '0', '1', '1');
INSERT INTO `creature_loot_template` VALUES ('48419', '9749', '0.02', '1', '0', '1', '1');
INSERT INTO `creature_loot_template` VALUES ('48419', '55340', '0.02', '1', '0', '1', '1');
INSERT INTO `creature_loot_template` VALUES ('48419', '9759', '0.02', '1', '0', '1', '1');
INSERT INTO `creature_loot_template` VALUES ('48419', '6547', '0.02', '1', '0', '1', '1');
INSERT INTO `creature_loot_template` VALUES ('48419', '55342', '0.02', '1', '0', '1', '1');
INSERT INTO `creature_loot_template` VALUES ('48419', '55414', '0.02', '1', '0', '1', '1');
INSERT INTO `creature_loot_template` VALUES ('48419', '55450', '0.02', '1', '0', '1', '1');
INSERT INTO `creature_loot_template` VALUES ('48419', '55466', '0.02', '1', '0', '1', '1');
INSERT INTO `creature_loot_template` VALUES ('48419', '67539', '0.02', '1', '0', '1', '1');
INSERT INTO `creature_loot_template` VALUES ('48419', '67123', '0.02', '1', '0', '1', '1');
INSERT INTO `creature_loot_template` VALUES ('48419', '2598', '0.02', '1', '0', '1', '1');
INSERT INTO `creature_loot_template` VALUES ('48419', '2983', '0.02', '1', '0', '1', '1');
INSERT INTO `creature_loot_template` VALUES ('48419', '52376', '0.02', '1', '0', '1', '1');
INSERT INTO `creature_loot_template` VALUES ('48419', '4571', '0.02', '1', '0', '1', '1');
INSERT INTO `creature_loot_template` VALUES ('48419', '3205', '0.02', '1', '0', '1', '1');
INSERT INTO `creature_loot_template` VALUES ('48419', '6551', '0.02', '1', '0', '1', '1');
INSERT INTO `creature_loot_template` VALUES ('48419', '55448', '0.02', '1', '0', '1', '1');
INSERT INTO `creature_loot_template` VALUES ('48419', '2973', '0.02', '1', '0', '1', '1');
INSERT INTO `creature_loot_template` VALUES ('48419', '3645', '0.02', '1', '0', '1', '1');
INSERT INTO `creature_loot_template` VALUES ('48419', '6378', '0.02', '1', '0', '1', '1');
INSERT INTO `creature_loot_template` VALUES ('48419', '2079', '0.02', '1', '0', '1', '1');
INSERT INTO `creature_loot_template` VALUES ('48419', '6379', '0.02', '1', '0', '1', '1');
INSERT INTO `creature_loot_template` VALUES ('48419', '6342', '0.02', '1', '0', '1', '1');
INSERT INTO `creature_loot_template` VALUES ('48419', '15926', '0.02', '1', '0', '1', '1');
INSERT INTO `creature_loot_template` VALUES ('48419', '2407', '0.02', '1', '0', '1', '1');
INSERT INTO `creature_loot_template` VALUES ('48419', '6554', '0.02', '1', '0', '1', '1');
INSERT INTO `creature_loot_template` VALUES ('48419', '6380', '0.02', '1', '0', '1', '1');
INSERT INTO `creature_loot_template` VALUES ('48419', '4408', '0.02', '1', '0', '1', '1');
INSERT INTO `creature_loot_template` VALUES ('48419', '6528', '0.02', '1', '0', '1', '1');
INSERT INTO `creature_loot_template` VALUES ('48419', '2555', '0.02', '1', '0', '1', '1');
INSERT INTO `creature_loot_template` VALUES ('48419', '6546', '0.02', '1', '0', '1', '1');
INSERT INTO `creature_loot_template` VALUES ('48419', '67061', '0.01', '1', '0', '1', '1');
INSERT INTO `creature_loot_template` VALUES ('48419', '3609', '0.01', '1', '0', '1', '1');
INSERT INTO `creature_loot_template` VALUES ('48419', '6559', '0.01', '1', '0', '1', '1');
INSERT INTO `creature_loot_template` VALUES ('48419', '55323', '0.01', '1', '0', '1', '1');
INSERT INTO `creature_loot_template` VALUES ('48419', '2553', '0.01', '1', '0', '1', '1');
INSERT INTO `creature_loot_template` VALUES ('48419', '2408', '0.01', '1', '0', '1', '1');
INSERT INTO `creature_loot_template` VALUES ('48419', '6560', '0.01', '1', '0', '1', '1');
INSERT INTO `creature_loot_template` VALUES ('48419', '66970', '0.01', '1', '0', '1', '1');
INSERT INTO `creature_loot_template` VALUES ('48419', '2406', '0.01', '1', '0', '1', '1');
INSERT INTO `creature_loot_template` VALUES ('48419', '2657', '0.01', '1', '0', '1', '1');
INSERT INTO `creature_loot_template` VALUES ('48419', '9785', '0.01', '1', '0', '1', '1');
INSERT INTO `creature_loot_template` VALUES ('48419', '55324', '0.01', '1', '0', '1', '1');
INSERT INTO `creature_loot_template` VALUES ('48419', '856', '0.01', '1', '0', '1', '1');
INSERT INTO `creature_loot_template` VALUES ('48419', '3610', '0.01', '1', '0', '1', '1');
INSERT INTO `creature_loot_template` VALUES ('48419', '55305', '0.01', '1', '0', '1', '1');
INSERT INTO `creature_loot_template` VALUES ('48419', '5573', '0.01', '1', '0', '1', '1');
INSERT INTO `creature_loot_template` VALUES ('48419', '2969', '0.01', '1', '0', '1', '1');
INSERT INTO `creature_loot_template` VALUES ('48419', '52363', '0.01', '1', '0', '1', '1');
INSERT INTO `creature_loot_template` VALUES ('48419', '66941', '0.01', '1', '0', '1', '1');
INSERT INTO `creature_loot_template` VALUES ('48419', '66994', '0.01', '1', '0', '1', '1');
INSERT INTO `creature_loot_template` VALUES ('48419', '67071', '0.01', '1', '0', '1', '1');
INSERT INTO `creature_loot_template` VALUES ('48419', '6271', '0.01', '1', '0', '1', '1');
INSERT INTO `creature_loot_template` VALUES ('48419', '55359', '0.01', '1', '0', '1', '1');
INSERT INTO `creature_loot_template` VALUES ('48419', '55306', '0.01', '1', '0', '1', '1');
INSERT INTO `creature_loot_template` VALUES ('48419', '55360', '0.01', '1', '0', '1', '1');
INSERT INTO `creature_loot_template` VALUES ('48419', '67119', '0.01', '1', '0', '1', '1');
INSERT INTO `creature_loot_template` VALUES ('48419', '7288', '0.01', '1', '0', '1', '1');
INSERT INTO `creature_loot_template` VALUES ('48419', '66973', '0.01', '1', '0', '1', '1');
INSERT INTO `creature_loot_template` VALUES ('48419', '66931', '0.01', '1', '0', '1', '1');
INSERT INTO `creature_loot_template` VALUES ('48419', '66940', '0.01', '1', '0', '1', '1');
INSERT INTO `creature_loot_template` VALUES ('48419', '67120', '0.01', '1', '0', '1', '1');
INSERT INTO `creature_loot_template` VALUES ('48419', '52372', '0.01', '1', '0', '1', '1');
INSERT INTO `creature_loot_template` VALUES ('48419', '67127', '0.01', '1', '0', '1', '1');
INSERT INTO `creature_loot_template` VALUES ('48419', '66976', '0.01', '1', '0', '1', '1');
INSERT INTO `creature_loot_template` VALUES ('48419', '67126', '0.01', '1', '0', '1', '1');
INSERT INTO `creature_loot_template` VALUES ('48419', '52368', '0.01', '1', '0', '1', '1');
INSERT INTO `creature_loot_template` VALUES ('48419', '66993', '0.01', '1', '0', '1', '1');
INSERT INTO `creature_loot_template` VALUES ('48419', '52386', '0.01', '1', '0', '1', '1');
INSERT INTO `creature_loot_template` VALUES ('48419', '66991', '0.01', '1', '0', '1', '1');
INSERT INTO `creature_loot_template` VALUES ('48419', '66972', '0.01', '1', '0', '1', '1');
INSERT INTO `creature_loot_template` VALUES ('48419', '67124', '0.01', '1', '0', '1', '1');
INSERT INTO `creature_loot_template` VALUES ('48419', '55304', '0.01', '1', '0', '1', '1');
INSERT INTO `creature_loot_template` VALUES ('48419', '55358', '0.01', '1', '0', '1', '1');
INSERT INTO `creature_loot_template` VALUES ('48419', '67057', '0.01', '1', '0', '1', '1');
INSERT INTO `creature_loot_template` VALUES ('48419', '67122', '0.01', '1', '0', '1', '1');
INSERT INTO `creature_loot_template` VALUES ('48419', '67125', '0.01', '1', '0', '1', '1');
INSERT INTO `creature_loot_template` VALUES ('48419', '66974', '0.1', '1', '0', '1', '1');
INSERT INTO `creature_loot_template` VALUES ('48419', '6344', '0.1', '1', '0', '1', '1');
INSERT INTO `creature_loot_template` VALUES ('48419', '67131', '0.1', '1', '0', '1', '1');
INSERT INTO `creature_loot_template` VALUES ('48419', '66975', '0.1', '1', '0', '1', '1');
INSERT INTO `creature_loot_template` VALUES ('48419', '52369', '0.1', '1', '0', '1', '1');
INSERT INTO `creature_loot_template` VALUES ('48419', '52379', '0.1', '1', '0', '1', '1');
INSERT INTO `creature_loot_template` VALUES ('48419', '67149', '0.1', '1', '0', '1', '1');
INSERT INTO `creature_loot_template` VALUES ('48419', '66932', '0.1', '1', '0', '1', '1');
INSERT INTO `creature_loot_template` VALUES ('48419', '66990', '0.1', '1', '0', '1', '1');
INSERT INTO `creature_loot_template` VALUES ('48419', '2881', '0.1', '1', '0', '1', '1');
INSERT INTO `creature_loot_template` VALUES ('48419', '67138', '0.1', '1', '0', '1', '1');
INSERT INTO `creature_loot_template` VALUES ('48419', '66971', '0.1', '1', '0', '1', '1');
INSERT INTO `creature_loot_template` VALUES ('48419', '66992', '0.1', '1', '0', '1', '1');
INSERT INTO `creature_loot_template` VALUES ('48419', '6347', '0.1', '1', '0', '1', '1');
INSERT INTO `creature_loot_template` VALUES ('48419', '52373', '0.1', '1', '0', '1', '1');
INSERT INTO `creature_loot_template` VALUES ('48419', '52385', '0.1', '1', '0', '1', '1');
INSERT INTO `creature_loot_template` VALUES ('48419', '5574', '0.1', '1', '0', '1', '1');
INSERT INTO `creature_loot_template` VALUES ('48419', '66968', '0.1', '1', '0', '1', '1');
INSERT INTO `creature_loot_template` VALUES ('48419', '67121', '0.1', '1', '0', '1', '1');
INSERT INTO `creature_loot_template` VALUES ('48419', '52365', '0.1', '1', '0', '1', '1');
INSERT INTO `creature_loot_template` VALUES ('48419', '55322', '0.1', '1', '0', '1', '1');
INSERT INTO `creature_loot_template` VALUES ('48419', '67130', '0.1', '1', '0', '1', '1');
INSERT INTO `creature_loot_template` VALUES ('48419', '67148', '0.1', '1', '0', '1', '1');
INSERT INTO `creature_loot_template` VALUES ('48419', '67067', '0.1', '1', '0', '1', '1');
INSERT INTO `creature_loot_template` VALUES ('48419', '52371', '0.1', '1', '0', '1', '1');
INSERT INTO `creature_loot_template` VALUES ('48419', '52377', '0.1', '1', '0', '1', '1');
INSERT INTO `creature_loot_template` VALUES ('48419', '52378', '0.1', '1', '0', '1', '1');
INSERT INTO `creature_loot_template` VALUES ('48419', '52382', '0.1', '1', '0', '1', '1');
INSERT INTO `creature_loot_template` VALUES ('48419', '67129', '0.1', '1', '0', '1', '1');
INSERT INTO `creature_loot_template` VALUES ('48419', '67134', '0.1', '1', '0', '1', '1');
INSERT INTO `creature_loot_template` VALUES ('48419', '67137', '0.1', '1', '0', '1', '1');
INSERT INTO `creature_loot_template` VALUES ('48419', '68788', '0.1', '1', '0', '1', '1');
INSERT INTO `creature_loot_template` VALUES ('48419', '68789', '0.1', '1', '0', '1', '1');
INSERT INTO `creature_loot_template` VALUES ('48419', '66989', '0.1', '1', '0', '1', '1');
INSERT INTO `creature_loot_template` VALUES ('48419', '66942', '0.1', '1', '0', '1', '1');
INSERT INTO `creature_loot_template` VALUES ('48419', '4346', '0.1', '1', '0', '1', '1');
UPDATE `creature_template` SET lootid='48419' WHERE entry='48419';
DELETE FROM `pickpocketing_loot_template` WHERE entry='48419';
INSERT INTO `pickpocketing_loot_template` VALUES ('48419', '5368', '4.23', '1', '0', '1', '1');
INSERT INTO `pickpocketing_loot_template` VALUES ('48419', '63274', '1.24', '1', '0', '1', '1');
INSERT INTO `pickpocketing_loot_template` VALUES ('48419', '63273', '1.18', '1', '0', '1', '1');
INSERT INTO `pickpocketing_loot_template` VALUES ('48419', '4541', '1.12', '1', '0', '1', '1');
INSERT INTO `pickpocketing_loot_template` VALUES ('48419', '858', '1.12', '1', '0', '1', '1');
INSERT INTO `pickpocketing_loot_template` VALUES ('48419', '63275', '0.96', '1', '0', '1', '1');
INSERT INTO `pickpocketing_loot_template` VALUES ('48419', '63349', '0.94', '1', '0', '1', '1');
INSERT INTO `pickpocketing_loot_template` VALUES ('48419', '4537', '0.89', '1', '0', '1', '1');
INSERT INTO `pickpocketing_loot_template` VALUES ('48419', '414', '0.73', '1', '0', '1', '1');
INSERT INTO `pickpocketing_loot_template` VALUES ('48419', '63272', '0.48', '1', '0', '1', '1');
INSERT INTO `pickpocketing_loot_template` VALUES ('48419', '58261', '0.46', '1', '0', '1', '1');
INSERT INTO `pickpocketing_loot_template` VALUES ('48419', '63271', '0.46', '1', '0', '1', '1');
INSERT INTO `pickpocketing_loot_template` VALUES ('48419', '58259', '0.45', '1', '0', '1', '1');
INSERT INTO `pickpocketing_loot_template` VALUES ('48419', '63300', '0.43', '1', '0', '1', '1');
UPDATE `creature_template` SET pickpocketloot='48419' WHERE entry='48419';
-- add heroic entry of 48522
DELETE FROM `creature_template` WHERE `entry`=59202 LIMIT 1;
INSERT INTO `creature_template` ( `entry`, `difficulty_entry_1`, `difficulty_entry_2`, `difficulty_entry_3`, `KillCredit1`, `KillCredit2`, `modelid1`, `modelid2`, `modelid3`, `modelid4`, `name`, `subname`, `IconName`, `gossip_menu_id`, `minlevel`, `maxlevel`, `exp`, `faction_A`, `faction_H`, `npcflag`, `speed_walk`, `speed_run`, `scale`, `rank`, `mindmg`, `maxdmg`, `dmgschool`, `attackpower`, `dmg_multiplier`, `baseattacktime`, `rangeattacktime`, `unit_class`, `unit_flags`, `dynamicflags`, `family`, `trainer_type`, `trainer_spell`, `trainer_class`, `trainer_race`, `minrangedmg`, `maxrangedmg`, `rangedattackpower`, `type`, `type_flags`, `lootid`, `pickpocketloot`, `skinloot`, `resistance1`, `resistance2`, `resistance3`, `resistance4`, `resistance5`, `resistance6`, `spell1`, `spell2`, `spell3`, `spell4`, `spell5`, `spell6`, `spell7`, `spell8`, `PetSpellDataId`, `VehicleId`, `mingold`, `maxgold`, `AIName`, `MovementType`, `InhabitType`, `Health_mod`, `Mana_mod`, `Armor_mod`, `RacialLeader`, `questItem1`, `questItem2`, `questItem3`, `questItem4`, `questItem5`, `questItem6`, `movementId`, `RegenHealth`, `equipment_id`, `mechanic_immune_mask`, `flags_extra`, `ScriptName`, `WDBVerified`) VALUES ( 59202, 0, 0, 0, 0, 0, 2347, 2348, 0, 0, "Defias Pirate", "", "", 0, 85, 85, 3, 17, 17, 0, 1.14286, 1.0, 1.0, 1, 813, 941, 0, 54, 2.2, 2000, 2000, 1, 64, 2048, 0, 0, 0, 0, 0, 813, 941, 54, 7, 0, 59202, 59202, 0, 0, 0, 0, 0, 0, 0, 90905, 0, 0, 0, 0, 0, 0, 0, 0, 0, 6028, 6028, "", 0, 3, 6.766, 0.0, 1.0, 0, 915, 0, 0, 0, 0, 0, 0, 1, 48522, 0, 0, "", "13623");
DELETE FROM `creature_loot_template` WHERE entry='59202';
INSERT INTO `creature_loot_template` VALUES ('59202', '53010', '14.84', '1', '0', '1', '6');
INSERT INTO `creature_loot_template` VALUES ('59202', '2592', '13.92', '1', '0', '1', '4');
INSERT INTO `creature_loot_template` VALUES ('59202', '2589', '10.58', '1', '0', '1', '5');
INSERT INTO `creature_loot_template` VALUES ('59202', '68198', '5.28', '1', '0', '1', '2');
INSERT INTO `creature_loot_template` VALUES ('59202', '414', '3.74', '1', '0', '1', '1');
INSERT INTO `creature_loot_template` VALUES ('59202', '1951', '3.26', '1', '0', '1', '1');
INSERT INTO `creature_loot_template` VALUES ('59202', '58268', '2.78', '1', '0', '1', '1');
INSERT INTO `creature_loot_template` VALUES ('59202', '1179', '1.84', '1', '0', '1', '1');
INSERT INTO `creature_loot_template` VALUES ('59202', '68197', '1.81', '1', '0', '1', '2');
INSERT INTO `creature_loot_template` VALUES ('59202', '818', '1.72', '1', '0', '1', '1');
INSERT INTO `creature_loot_template` VALUES ('59202', '58256', '1.41', '1', '0', '1', '1');
INSERT INTO `creature_loot_template` VALUES ('59202', '7997', '1.4', '1', '0', '1', '1');
INSERT INTO `creature_loot_template` VALUES ('59202', '8492', '1.33', '1', '0', '1', '1');
INSERT INTO `creature_loot_template` VALUES ('59202', '858', '1.08', '1', '0', '1', '1');
INSERT INTO `creature_loot_template` VALUES ('59202', '5787', '0.7', '1', '0', '1', '1');
INSERT INTO `creature_loot_template` VALUES ('59202', '3036', '0.57', '1', '0', '1', '1');
INSERT INTO `creature_loot_template` VALUES ('59202', '1210', '0.52', '1', '0', '1', '1');
INSERT INTO `creature_loot_template` VALUES ('59202', '774', '0.52', '1', '0', '1', '1');
INSERT INTO `creature_loot_template` VALUES ('59202', '2455', '0.52', '1', '0', '1', '1');
INSERT INTO `creature_loot_template` VALUES ('59202', '2073', '0.51', '1', '0', '1', '1');
INSERT INTO `creature_loot_template` VALUES ('59202', '68729', '0.49', '1', '0', '1', '1');
INSERT INTO `creature_loot_template` VALUES ('59202', '4570', '0.47', '1', '0', '1', '1');
INSERT INTO `creature_loot_template` VALUES ('59202', '6543', '0.46', '1', '0', '1', '1');
INSERT INTO `creature_loot_template` VALUES ('59202', '9757', '0.43', '1', '0', '1', '1');
INSERT INTO `creature_loot_template` VALUES ('59202', '6558', '0.43', '1', '0', '1', '1');
INSERT INTO `creature_loot_template` VALUES ('59202', '6542', '0.43', '1', '0', '1', '1');
INSERT INTO `creature_loot_template` VALUES ('59202', '2763', '0.43', '1', '0', '1', '1');
INSERT INTO `creature_loot_template` VALUES ('59202', '1510', '0.42', '1', '0', '1', '1');
INSERT INTO `creature_loot_template` VALUES ('59202', '1516', '0.42', '1', '0', '1', '1');
INSERT INTO `creature_loot_template` VALUES ('59202', '6556', '0.4', '1', '0', '1', '1');
INSERT INTO `creature_loot_template` VALUES ('59202', '2976', '0.4', '1', '0', '1', '1');
INSERT INTO `creature_loot_template` VALUES ('59202', '1514', '0.39', '1', '0', '1', '1');
INSERT INTO `creature_loot_template` VALUES ('59202', '6537', '0.38', '1', '0', '1', '1');
INSERT INTO `creature_loot_template` VALUES ('59202', '1511', '0.38', '1', '0', '1', '1');
INSERT INTO `creature_loot_template` VALUES ('59202', '1515', '0.38', '1', '0', '1', '1');
INSERT INTO `creature_loot_template` VALUES ('59202', '1512', '0.37', '1', '0', '1', '1');
INSERT INTO `creature_loot_template` VALUES ('59202', '2777', '0.37', '1', '0', '1', '1');
INSERT INTO `creature_loot_template` VALUES ('59202', '2980', '0.37', '1', '0', '1', '1');
INSERT INTO `creature_loot_template` VALUES ('59202', '2778', '0.36', '1', '0', '1', '1');
INSERT INTO `creature_loot_template` VALUES ('59202', '1513', '0.35', '1', '0', '1', '1');
INSERT INTO `creature_loot_template` VALUES ('59202', '6550', '0.35', '1', '0', '1', '1');
INSERT INTO `creature_loot_template` VALUES ('59202', '9765', '0.34', '1', '0', '1', '1');
INSERT INTO `creature_loot_template` VALUES ('59202', '1504', '0.34', '1', '0', '1', '1');
INSERT INTO `creature_loot_template` VALUES ('59202', '1506', '0.33', '1', '0', '1', '1');
INSERT INTO `creature_loot_template` VALUES ('59202', '4569', '0.33', '1', '0', '1', '1');
INSERT INTO `creature_loot_template` VALUES ('59202', '1498', '0.31', '1', '0', '1', '1');
INSERT INTO `creature_loot_template` VALUES ('59202', '2978', '0.31', '1', '0', '1', '1');
INSERT INTO `creature_loot_template` VALUES ('59202', '1507', '0.3', '1', '0', '1', '1');
INSERT INTO `creature_loot_template` VALUES ('59202', '1501', '0.29', '1', '0', '1', '1');
INSERT INTO `creature_loot_template` VALUES ('59202', '1503', '0.29', '1', '0', '1', '1');
INSERT INTO `creature_loot_template` VALUES ('59202', '1499', '0.29', '1', '0', '1', '1');
INSERT INTO `creature_loot_template` VALUES ('59202', '1497', '0.29', '1', '0', '1', '1');
INSERT INTO `creature_loot_template` VALUES ('59202', '1502', '0.28', '1', '0', '1', '1');
INSERT INTO `creature_loot_template` VALUES ('59202', '3374', '0.28', '1', '0', '1', '1');
INSERT INTO `creature_loot_template` VALUES ('59202', '5071', '0.28', '1', '0', '1', '1');
INSERT INTO `creature_loot_template` VALUES ('59202', '1509', '0.27', '1', '0', '1', '1');
INSERT INTO `creature_loot_template` VALUES ('59202', '2632', '0.27', '1', '0', '1', '1');
INSERT INTO `creature_loot_template` VALUES ('59202', '1495', '0.26', '1', '0', '1', '1');
INSERT INTO `creature_loot_template` VALUES ('59202', '3375', '0.26', '1', '0', '1', '1');
INSERT INTO `creature_loot_template` VALUES ('59202', '1734', '0.25', '1', '0', '1', '1');
INSERT INTO `creature_loot_template` VALUES ('59202', '1732', '0.24', '1', '0', '1', '1');
INSERT INTO `creature_loot_template` VALUES ('59202', '1731', '0.23', '1', '0', '1', '1');
INSERT INTO `creature_loot_template` VALUES ('59202', '2214', '0.23', '1', '0', '1', '1');
INSERT INTO `creature_loot_template` VALUES ('59202', '1735', '0.23', '1', '0', '1', '1');
INSERT INTO `creature_loot_template` VALUES ('59202', '2215', '0.23', '1', '0', '1', '1');
INSERT INTO `creature_loot_template` VALUES ('59202', '1730', '0.22', '1', '0', '1', '1');
INSERT INTO `creature_loot_template` VALUES ('59202', '6539', '0.22', '1', '0', '1', '1');
INSERT INTO `creature_loot_template` VALUES ('59202', '15268', '0.22', '1', '0', '1', '1');
INSERT INTO `creature_loot_template` VALUES ('59202', '6541', '0.21', '1', '0', '1', '1');
INSERT INTO `creature_loot_template` VALUES ('59202', '2974', '0.21', '1', '0', '1', '1');
INSERT INTO `creature_loot_template` VALUES ('59202', '9748', '0.21', '1', '0', '1', '1');
INSERT INTO `creature_loot_template` VALUES ('59202', '1737', '0.2', '1', '0', '1', '1');
INSERT INTO `creature_loot_template` VALUES ('59202', '9747', '0.2', '1', '0', '1', '1');
INSERT INTO `creature_loot_template` VALUES ('59202', '4701', '0.19', '1', '0', '1', '1');
INSERT INTO `creature_loot_template` VALUES ('59202', '15210', '0.19', '1', '0', '1', '1');
INSERT INTO `creature_loot_template` VALUES ('59202', '62066', '0.19', '1', '0', '1', '1');
INSERT INTO `creature_loot_template` VALUES ('59202', '2977', '0.19', '1', '0', '1', '1');
INSERT INTO `creature_loot_template` VALUES ('59202', '2970', '0.19', '1', '0', '1', '1');
INSERT INTO `creature_loot_template` VALUES ('59202', '62067', '0.19', '1', '0', '1', '1');
INSERT INTO `creature_loot_template` VALUES ('59202', '4567', '0.19', '1', '0', '1', '1');
INSERT INTO `creature_loot_template` VALUES ('59202', '6557', '0.18', '1', '0', '1', '1');
INSERT INTO `creature_loot_template` VALUES ('59202', '9749', '0.18', '1', '0', '1', '1');
INSERT INTO `creature_loot_template` VALUES ('59202', '3652', '0.18', '1', '0', '1', '1');
INSERT INTO `creature_loot_template` VALUES ('59202', '6555', '0.17', '1', '0', '1', '1');
INSERT INTO `creature_loot_template` VALUES ('59202', '55422', '0.17', '1', '0', '1', '1');
INSERT INTO `creature_loot_template` VALUES ('59202', '62071', '0.17', '1', '0', '1', '1');
INSERT INTO `creature_loot_template` VALUES ('59202', '9756', '0.17', '1', '0', '1', '1');
INSERT INTO `creature_loot_template` VALUES ('59202', '6548', '0.17', '1', '0', '1', '1');
INSERT INTO `creature_loot_template` VALUES ('59202', '5212', '0.17', '1', '0', '1', '1');
INSERT INTO `creature_loot_template` VALUES ('59202', '3651', '0.17', '1', '0', '1', '1');
INSERT INTO `creature_loot_template` VALUES ('59202', '3643', '0.17', '1', '0', '1', '1');
INSERT INTO `creature_loot_template` VALUES ('59202', '9786', '0.16', '1', '0', '1', '1');
INSERT INTO `creature_loot_template` VALUES ('59202', '55421', '0.16', '1', '0', '1', '1');
INSERT INTO `creature_loot_template` VALUES ('59202', '3207', '0.15', '1', '0', '1', '1');
INSERT INTO `creature_loot_template` VALUES ('59202', '62069', '0.15', '1', '0', '1', '1');
INSERT INTO `creature_loot_template` VALUES ('59202', '55423', '0.15', '1', '0', '1', '1');
INSERT INTO `creature_loot_template` VALUES ('59202', '2975', '0.15', '1', '0', '1', '1');
INSERT INTO `creature_loot_template` VALUES ('59202', '62068', '0.15', '1', '0', '1', '1');
INSERT INTO `creature_loot_template` VALUES ('59202', '62070', '0.15', '1', '0', '1', '1');
INSERT INTO `creature_loot_template` VALUES ('59202', '9764', '0.15', '1', '0', '1', '1');
INSERT INTO `creature_loot_template` VALUES ('59202', '62063', '0.15', '1', '0', '1', '1');
INSERT INTO `creature_loot_template` VALUES ('59202', '62065', '0.15', '1', '0', '1', '1');
INSERT INTO `creature_loot_template` VALUES ('59202', '2972', '0.15', '1', '0', '1', '1');
INSERT INTO `creature_loot_template` VALUES ('59202', '9763', '0.15', '1', '0', '1', '1');
INSERT INTO `creature_loot_template` VALUES ('59202', '2079', '0.14', '1', '0', '1', '1');
INSERT INTO `creature_loot_template` VALUES ('59202', '15933', '0.14', '1', '0', '1', '1');
INSERT INTO `creature_loot_template` VALUES ('59202', '2971', '0.14', '1', '0', '1', '1');
INSERT INTO `creature_loot_template` VALUES ('59202', '4571', '0.14', '1', '0', '1', '1');
INSERT INTO `creature_loot_template` VALUES ('59202', '62064', '0.13', '1', '0', '1', '1');
INSERT INTO `creature_loot_template` VALUES ('59202', '62072', '0.13', '1', '0', '1', '1');
INSERT INTO `creature_loot_template` VALUES ('59202', '6549', '0.13', '1', '0', '1', '1');
INSERT INTO `creature_loot_template` VALUES ('59202', '55440', '0.13', '1', '0', '1', '1');
INSERT INTO `creature_loot_template` VALUES ('59202', '6378', '0.12', '1', '0', '1', '1');
INSERT INTO `creature_loot_template` VALUES ('59202', '6379', '0.12', '1', '0', '1', '1');
INSERT INTO `creature_loot_template` VALUES ('59202', '4678', '0.12', '1', '0', '1', '1');
INSERT INTO `creature_loot_template` VALUES ('59202', '55441', '0.12', '1', '0', '1', '1');
INSERT INTO `creature_loot_template` VALUES ('59202', '2973', '0.11', '1', '0', '1', '1');
INSERT INTO `creature_loot_template` VALUES ('59202', '55439', '0.11', '1', '0', '1', '1');
INSERT INTO `creature_loot_template` VALUES ('59202', '3205', '0.11', '1', '0', '1', '1');
INSERT INTO `creature_loot_template` VALUES ('59202', '55746', '0.11', '1', '0', '1', '1');
INSERT INTO `creature_loot_template` VALUES ('59202', '3645', '0.11', '1', '0', '1', '1');
INSERT INTO `creature_loot_template` VALUES ('59202', '55404', '0.1', '1', '0', '1', '1');
INSERT INTO `creature_loot_template` VALUES ('59202', '6551', '0.1', '1', '0', '1', '1');
INSERT INTO `creature_loot_template` VALUES ('59202', '2979', '0.1', '1', '0', '1', '1');
INSERT INTO `creature_loot_template` VALUES ('59202', '4699', '0.1', '1', '0', '1', '1');
INSERT INTO `creature_loot_template` VALUES ('59202', '3196', '0.09', '1', '0', '1', '1');
INSERT INTO `creature_loot_template` VALUES ('59202', '6553', '0.09', '1', '0', '1', '1');
INSERT INTO `creature_loot_template` VALUES ('59202', '6547', '0.09', '1', '0', '1', '1');
INSERT INTO `creature_loot_template` VALUES ('59202', '15926', '0.09', '1', '0', '1', '1');
INSERT INTO `creature_loot_template` VALUES ('59202', '6540', '0.09', '1', '0', '1', '1');
INSERT INTO `creature_loot_template` VALUES ('59202', '55405', '0.09', '1', '0', '1', '1');
INSERT INTO `creature_loot_template` VALUES ('59202', '55765', '0.09', '1', '0', '1', '1');
INSERT INTO `creature_loot_template` VALUES ('59202', '2983', '0.09', '1', '0', '1', '1');
INSERT INTO `creature_loot_template` VALUES ('59202', '6554', '0.09', '1', '0', '1', '1');
INSERT INTO `creature_loot_template` VALUES ('59202', '55403', '0.09', '1', '0', '1', '1');
INSERT INTO `creature_loot_template` VALUES ('59202', '2984', '0.09', '1', '0', '1', '1');
INSERT INTO `creature_loot_template` VALUES ('59202', '55728', '0.09', '1', '0', '1', '1');
INSERT INTO `creature_loot_template` VALUES ('59202', '62086', '0.09', '1', '0', '1', '1');
INSERT INTO `creature_loot_template` VALUES ('59202', '55754', '0.09', '1', '0', '1', '1');
INSERT INTO `creature_loot_template` VALUES ('59202', '55773', '0.09', '1', '0', '1', '1');
INSERT INTO `creature_loot_template` VALUES ('59202', '55710', '0.08', '1', '0', '1', '1');
INSERT INTO `creature_loot_template` VALUES ('59202', '2987', '0.08', '1', '0', '1', '1');
INSERT INTO `creature_loot_template` VALUES ('59202', '55727', '0.08', '1', '0', '1', '1');
INSERT INTO `creature_loot_template` VALUES ('59202', '9785', '0.08', '1', '0', '1', '1');
INSERT INTO `creature_loot_template` VALUES ('59202', '55764', '0.08', '1', '0', '1', '1');
INSERT INTO `creature_loot_template` VALUES ('59202', '62096', '0.08', '1', '0', '1', '1');
INSERT INTO `creature_loot_template` VALUES ('59202', '55485', '0.08', '1', '0', '1', '1');
INSERT INTO `creature_loot_template` VALUES ('59202', '6560', '0.08', '1', '0', '1', '1');
INSERT INTO `creature_loot_template` VALUES ('59202', '55756', '0.08', '1', '0', '1', '1');
INSERT INTO `creature_loot_template` VALUES ('59202', '55711', '0.08', '1', '0', '1', '1');
INSERT INTO `creature_loot_template` VALUES ('59202', '55719', '0.08', '1', '0', '1', '1');
INSERT INTO `creature_loot_template` VALUES ('59202', '55774', '0.08', '1', '0', '1', '1');
INSERT INTO `creature_loot_template` VALUES ('59202', '2078', '0.08', '1', '0', '1', '1');
INSERT INTO `creature_loot_template` VALUES ('59202', '6546', '0.08', '1', '0', '1', '1');
INSERT INTO `creature_loot_template` VALUES ('59202', '55513', '0.08', '1', '0', '1', '1');
INSERT INTO `creature_loot_template` VALUES ('59202', '6545', '0.08', '1', '0', '1', '1');
INSERT INTO `creature_loot_template` VALUES ('59202', '55486', '0.08', '1', '0', '1', '1');
INSERT INTO `creature_loot_template` VALUES ('59202', '55612', '0.08', '1', '0', '1', '1');
INSERT INTO `creature_loot_template` VALUES ('59202', '62102', '0.08', '1', '0', '1', '1');
INSERT INTO `creature_loot_template` VALUES ('59202', '4695', '0.08', '1', '0', '1', '1');
INSERT INTO `creature_loot_template` VALUES ('59202', '55755', '0.08', '1', '0', '1', '1');
INSERT INTO `creature_loot_template` VALUES ('59202', '62073', '0.08', '1', '0', '1', '1');
INSERT INTO `creature_loot_template` VALUES ('59202', '9779', '0.08', '1', '0', '1', '1');
INSERT INTO `creature_loot_template` VALUES ('59202', '55738', '0.08', '1', '0', '1', '1');
INSERT INTO `creature_loot_template` VALUES ('59202', '9788', '0.08', '1', '0', '1', '1');
INSERT INTO `creature_loot_template` VALUES ('59202', '55763', '0.08', '1', '0', '1', '1');
INSERT INTO `creature_loot_template` VALUES ('59202', '62088', '0.08', '1', '0', '1', '1');
INSERT INTO `creature_loot_template` VALUES ('59202', '55602', '0.08', '1', '0', '1', '1');
INSERT INTO `creature_loot_template` VALUES ('59202', '62081', '0.07', '1', '0', '1', '1');
INSERT INTO `creature_loot_template` VALUES ('59202', '62091', '0.07', '1', '0', '1', '1');
INSERT INTO `creature_loot_template` VALUES ('59202', '55484', '0.07', '1', '0', '1', '1');
INSERT INTO `creature_loot_template` VALUES ('59202', '62083', '0.07', '1', '0', '1', '1');
INSERT INTO `creature_loot_template` VALUES ('59202', '6559', '0.07', '1', '0', '1', '1');
INSERT INTO `creature_loot_template` VALUES ('59202', '55521', '0.07', '1', '0', '1', '1');
INSERT INTO `creature_loot_template` VALUES ('59202', '55747', '0.07', '1', '0', '1', '1');
INSERT INTO `creature_loot_template` VALUES ('59202', '62080', '0.07', '1', '0', '1', '1');
INSERT INTO `creature_loot_template` VALUES ('59202', '62082', '0.07', '1', '0', '1', '1');
INSERT INTO `creature_loot_template` VALUES ('59202', '62085', '0.07', '1', '0', '1', '1');
INSERT INTO `creature_loot_template` VALUES ('59202', '55736', '0.07', '1', '0', '1', '1');
INSERT INTO `creature_loot_template` VALUES ('59202', '62077', '0.07', '1', '0', '1', '1');
INSERT INTO `creature_loot_template` VALUES ('59202', '55745', '0.07', '1', '0', '1', '1');
INSERT INTO `creature_loot_template` VALUES ('59202', '55529', '0.07', '1', '0', '1', '1');
INSERT INTO `creature_loot_template` VALUES ('59202', '62074', '0.07', '1', '0', '1', '1');
INSERT INTO `creature_loot_template` VALUES ('59202', '62078', '0.07', '1', '0', '1', '1');
INSERT INTO `creature_loot_template` VALUES ('59202', '62103', '0.07', '1', '0', '1', '1');
INSERT INTO `creature_loot_template` VALUES ('59202', '3195', '0.07', '1', '0', '1', '1');
INSERT INTO `creature_loot_template` VALUES ('59202', '55611', '0.07', '1', '0', '1', '1');
INSERT INTO `creature_loot_template` VALUES ('59202', '55737', '0.07', '1', '0', '1', '1');
INSERT INTO `creature_loot_template` VALUES ('59202', '2598', '0.07', '1', '0', '1', '1');
INSERT INTO `creature_loot_template` VALUES ('59202', '62100', '0.07', '1', '0', '1', '1');
INSERT INTO `creature_loot_template` VALUES ('59202', '62117', '0.07', '1', '0', '1', '1');
INSERT INTO `creature_loot_template` VALUES ('59202', '55720', '0.07', '1', '0', '1', '1');
INSERT INTO `creature_loot_template` VALUES ('59202', '62099', '0.07', '1', '0', '1', '1');
INSERT INTO `creature_loot_template` VALUES ('59202', '55718', '0.07', '1', '0', '1', '1');
INSERT INTO `creature_loot_template` VALUES ('59202', '62093', '0.07', '1', '0', '1', '1');
INSERT INTO `creature_loot_template` VALUES ('59202', '55709', '0.07', '1', '0', '1', '1');
INSERT INTO `creature_loot_template` VALUES ('59202', '62075', '0.07', '1', '0', '1', '1');
INSERT INTO `creature_loot_template` VALUES ('59202', '55503', '0.07', '1', '0', '1', '1');
INSERT INTO `creature_loot_template` VALUES ('59202', '55691', '0.07', '1', '0', '1', '1');
INSERT INTO `creature_loot_template` VALUES ('59202', '62090', '0.07', '1', '0', '1', '1');
INSERT INTO `creature_loot_template` VALUES ('59202', '62101', '0.07', '1', '0', '1', '1');
INSERT INTO `creature_loot_template` VALUES ('59202', '6528', '0.07', '1', '0', '1', '1');
INSERT INTO `creature_loot_template` VALUES ('59202', '62087', '0.07', '1', '0', '1', '1');
INSERT INTO `creature_loot_template` VALUES ('59202', '55772', '0.07', '1', '0', '1', '1');
INSERT INTO `creature_loot_template` VALUES ('59202', '62079', '0.07', '1', '0', '1', '1');
INSERT INTO `creature_loot_template` VALUES ('59202', '6380', '0.07', '1', '0', '1', '1');
INSERT INTO `creature_loot_template` VALUES ('59202', '62076', '0.07', '1', '0', '1', '1');
INSERT INTO `creature_loot_template` VALUES ('59202', '62098', '0.07', '1', '0', '1', '1');
INSERT INTO `creature_loot_template` VALUES ('59202', '62104', '0.07', '1', '0', '1', '1');
INSERT INTO `creature_loot_template` VALUES ('59202', '55540', '0.06', '1', '0', '1', '1');
INSERT INTO `creature_loot_template` VALUES ('59202', '62084', '0.06', '1', '0', '1', '1');
INSERT INTO `creature_loot_template` VALUES ('59202', '62089', '0.06', '1', '0', '1', '1');
INSERT INTO `creature_loot_template` VALUES ('59202', '62095', '0.06', '1', '0', '1', '1');
INSERT INTO `creature_loot_template` VALUES ('59202', '55368', '0.06', '1', '0', '1', '1');
INSERT INTO `creature_loot_template` VALUES ('59202', '55692', '0.06', '1', '0', '1', '1');
INSERT INTO `creature_loot_template` VALUES ('59202', '55665', '0.06', '1', '0', '1', '1');
INSERT INTO `creature_loot_template` VALUES ('59202', '55601', '0.06', '1', '0', '1', '1');
INSERT INTO `creature_loot_template` VALUES ('59202', '55583', '0.06', '1', '0', '1', '1');
INSERT INTO `creature_loot_template` VALUES ('59202', '62097', '0.06', '1', '0', '1', '1');
INSERT INTO `creature_loot_template` VALUES ('59202', '62114', '0.06', '1', '0', '1', '1');
INSERT INTO `creature_loot_template` VALUES ('59202', '55557', '0.06', '1', '0', '1', '1');
INSERT INTO `creature_loot_template` VALUES ('59202', '55566', '0.06', '1', '0', '1', '1');
INSERT INTO `creature_loot_template` VALUES ('59202', '55520', '0.06', '1', '0', '1', '1');
INSERT INTO `creature_loot_template` VALUES ('59202', '55682', '0.06', '1', '0', '1', '1');
INSERT INTO `creature_loot_template` VALUES ('59202', '55619', '0.06', '1', '0', '1', '1');
INSERT INTO `creature_loot_template` VALUES ('59202', '55539', '0.06', '1', '0', '1', '1');
INSERT INTO `creature_loot_template` VALUES ('59202', '55684', '0.06', '1', '0', '1', '1');
INSERT INTO `creature_loot_template` VALUES ('59202', '62106', '0.06', '1', '0', '1', '1');
INSERT INTO `creature_loot_template` VALUES ('59202', '55369', '0.06', '1', '0', '1', '1');
INSERT INTO `creature_loot_template` VALUES ('59202', '55575', '0.06', '1', '0', '1', '1');
INSERT INTO `creature_loot_template` VALUES ('59202', '55594', '0.06', '1', '0', '1', '1');
INSERT INTO `creature_loot_template` VALUES ('59202', '62092', '0.06', '1', '0', '1', '1');
INSERT INTO `creature_loot_template` VALUES ('59202', '55729', '0.06', '1', '0', '1', '1');
INSERT INTO `creature_loot_template` VALUES ('59202', '55610', '0.06', '1', '0', '1', '1');
INSERT INTO `creature_loot_template` VALUES ('59202', '62136', '0.06', '1', '0', '1', '1');
INSERT INTO `creature_loot_template` VALUES ('59202', '62127', '0.06', '1', '0', '1', '1');
INSERT INTO `creature_loot_template` VALUES ('59202', '55556', '0.06', '1', '0', '1', '1');
INSERT INTO `creature_loot_template` VALUES ('59202', '55548', '0.06', '1', '0', '1', '1');
INSERT INTO `creature_loot_template` VALUES ('59202', '55603', '0.06', '1', '0', '1', '1');
INSERT INTO `creature_loot_template` VALUES ('59202', '55673', '0.06', '1', '0', '1', '1');
INSERT INTO `creature_loot_template` VALUES ('59202', '62123', '0.06', '1', '0', '1', '1');
INSERT INTO `creature_loot_template` VALUES ('59202', '62134', '0.06', '1', '0', '1', '1');
INSERT INTO `creature_loot_template` VALUES ('59202', '55674', '0.06', '1', '0', '1', '1');
INSERT INTO `creature_loot_template` VALUES ('59202', '55629', '0.06', '1', '0', '1', '1');
INSERT INTO `creature_loot_template` VALUES ('59202', '55593', '0.06', '1', '0', '1', '1');
INSERT INTO `creature_loot_template` VALUES ('59202', '62110', '0.06', '1', '0', '1', '1');
INSERT INTO `creature_loot_template` VALUES ('59202', '55558', '0.06', '1', '0', '1', '1');
INSERT INTO `creature_loot_template` VALUES ('59202', '55630', '0.06', '1', '0', '1', '1');
INSERT INTO `creature_loot_template` VALUES ('59202', '55675', '0.06', '1', '0', '1', '1');
INSERT INTO `creature_loot_template` VALUES ('59202', '62119', '0.06', '1', '0', '1', '1');
INSERT INTO `creature_loot_template` VALUES ('59202', '55628', '0.06', '1', '0', '1', '1');
INSERT INTO `creature_loot_template` VALUES ('59202', '55512', '0.06', '1', '0', '1', '1');
INSERT INTO `creature_loot_template` VALUES ('59202', '55549', '0.06', '1', '0', '1', '1');
INSERT INTO `creature_loot_template` VALUES ('59202', '55494', '0.06', '1', '0', '1', '1');
INSERT INTO `creature_loot_template` VALUES ('59202', '55639', '0.06', '1', '0', '1', '1');
INSERT INTO `creature_loot_template` VALUES ('59202', '62094', '0.06', '1', '0', '1', '1');
INSERT INTO `creature_loot_template` VALUES ('59202', '62121', '0.06', '1', '0', '1', '1');
INSERT INTO `creature_loot_template` VALUES ('59202', '55547', '0.06', '1', '0', '1', '1');
INSERT INTO `creature_loot_template` VALUES ('59202', '55565', '0.05', '1', '0', '1', '1');
INSERT INTO `creature_loot_template` VALUES ('59202', '55656', '0.05', '1', '0', '1', '1');
INSERT INTO `creature_loot_template` VALUES ('59202', '55585', '0.05', '1', '0', '1', '1');
INSERT INTO `creature_loot_template` VALUES ('59202', '55493', '0.05', '1', '0', '1', '1');
INSERT INTO `creature_loot_template` VALUES ('59202', '55700', '0.05', '1', '0', '1', '1');
INSERT INTO `creature_loot_template` VALUES ('59202', '55683', '0.05', '1', '0', '1', '1');
INSERT INTO `creature_loot_template` VALUES ('59202', '55701', '0.05', '1', '0', '1', '1');
INSERT INTO `creature_loot_template` VALUES ('59202', '62113', '0.05', '1', '0', '1', '1');
INSERT INTO `creature_loot_template` VALUES ('59202', '55693', '0.05', '1', '0', '1', '1');
INSERT INTO `creature_loot_template` VALUES ('59202', '55620', '0.05', '1', '0', '1', '1');
INSERT INTO `creature_loot_template` VALUES ('59202', '62124', '0.05', '1', '0', '1', '1');
INSERT INTO `creature_loot_template` VALUES ('59202', '55367', '0.05', '1', '0', '1', '1');
INSERT INTO `creature_loot_template` VALUES ('59202', '55702', '0.05', '1', '0', '1', '1');
INSERT INTO `creature_loot_template` VALUES ('59202', '55538', '0.05', '1', '0', '1', '1');
INSERT INTO `creature_loot_template` VALUES ('59202', '55495', '0.05', '1', '0', '1', '1');
INSERT INTO `creature_loot_template` VALUES ('59202', '55531', '0.05', '1', '0', '1', '1');
INSERT INTO `creature_loot_template` VALUES ('59202', '55621', '0.05', '1', '0', '1', '1');
INSERT INTO `creature_loot_template` VALUES ('59202', '55666', '0.05', '1', '0', '1', '1');
INSERT INTO `creature_loot_template` VALUES ('59202', '62125', '0.05', '1', '0', '1', '1');
INSERT INTO `creature_loot_template` VALUES ('59202', '55592', '0.05', '1', '0', '1', '1');
INSERT INTO `creature_loot_template` VALUES ('59202', '55522', '0.05', '1', '0', '1', '1');
INSERT INTO `creature_loot_template` VALUES ('59202', '62133', '0.05', '1', '0', '1', '1');
INSERT INTO `creature_loot_template` VALUES ('59202', '55584', '0.05', '1', '0', '1', '1');
INSERT INTO `creature_loot_template` VALUES ('59202', '3609', '0.05', '1', '0', '1', '1');
INSERT INTO `creature_loot_template` VALUES ('59202', '55511', '0.05', '1', '0', '1', '1');
INSERT INTO `creature_loot_template` VALUES ('59202', '55664', '0.05', '1', '0', '1', '1');
INSERT INTO `creature_loot_template` VALUES ('59202', '55647', '0.05', '1', '0', '1', '1');
INSERT INTO `creature_loot_template` VALUES ('59202', '55504', '0.05', '1', '0', '1', '1');
INSERT INTO `creature_loot_template` VALUES ('59202', '55567', '0.05', '1', '0', '1', '1');
INSERT INTO `creature_loot_template` VALUES ('59202', '62131', '0.05', '1', '0', '1', '1');
INSERT INTO `creature_loot_template` VALUES ('59202', '55574', '0.05', '1', '0', '1', '1');
INSERT INTO `creature_loot_template` VALUES ('59202', '55638', '0.05', '1', '0', '1', '1');
INSERT INTO `creature_loot_template` VALUES ('59202', '62112', '0.05', '1', '0', '1', '1');
INSERT INTO `creature_loot_template` VALUES ('59202', '55646', '0.05', '1', '0', '1', '1');
INSERT INTO `creature_loot_template` VALUES ('59202', '55530', '0.05', '1', '0', '1', '1');
INSERT INTO `creature_loot_template` VALUES ('59202', '62108', '0.05', '1', '0', '1', '1');
INSERT INTO `creature_loot_template` VALUES ('59202', '55648', '0.05', '1', '0', '1', '1');
INSERT INTO `creature_loot_template` VALUES ('59202', '62126', '0.05', '1', '0', '1', '1');
INSERT INTO `creature_loot_template` VALUES ('59202', '62128', '0.05', '1', '0', '1', '1');
INSERT INTO `creature_loot_template` VALUES ('59202', '55313', '0.05', '1', '0', '1', '1');
INSERT INTO `creature_loot_template` VALUES ('59202', '55637', '0.05', '1', '0', '1', '1');
INSERT INTO `creature_loot_template` VALUES ('59202', '62109', '0.05', '1', '0', '1', '1');
INSERT INTO `creature_loot_template` VALUES ('59202', '62115', '0.05', '1', '0', '1', '1');
INSERT INTO `creature_loot_template` VALUES ('59202', '62105', '0.05', '1', '0', '1', '1');
INSERT INTO `creature_loot_template` VALUES ('59202', '55655', '0.05', '1', '0', '1', '1');
INSERT INTO `creature_loot_template` VALUES ('59202', '55657', '0.05', '1', '0', '1', '1');
INSERT INTO `creature_loot_template` VALUES ('59202', '2408', '0.05', '1', '0', '1', '1');
INSERT INTO `creature_loot_template` VALUES ('59202', '62118', '0.05', '1', '0', '1', '1');
INSERT INTO `creature_loot_template` VALUES ('59202', '62129', '0.05', '1', '0', '1', '1');
INSERT INTO `creature_loot_template` VALUES ('59202', '55431', '0.05', '1', '0', '1', '1');
INSERT INTO `creature_loot_template` VALUES ('59202', '62111', '0.05', '1', '0', '1', '1');
INSERT INTO `creature_loot_template` VALUES ('59202', '6342', '0.05', '1', '0', '1', '1');
INSERT INTO `creature_loot_template` VALUES ('59202', '2969', '0.04', '1', '0', '1', '1');
INSERT INTO `creature_loot_template` VALUES ('59202', '55502', '0.04', '1', '0', '1', '1');
INSERT INTO `creature_loot_template` VALUES ('59202', '62116', '0.04', '1', '0', '1', '1');
INSERT INTO `creature_loot_template` VALUES ('59202', '2407', '0.04', '1', '0', '1', '1');
INSERT INTO `creature_loot_template` VALUES ('59202', '62107', '0.04', '1', '0', '1', '1');
INSERT INTO `creature_loot_template` VALUES ('59202', '62130', '0.04', '1', '0', '1', '1');
INSERT INTO `creature_loot_template` VALUES ('59202', '62132', '0.04', '1', '0', '1', '1');
INSERT INTO `creature_loot_template` VALUES ('59202', '62135', '0.04', '1', '0', '1', '1');
INSERT INTO `creature_loot_template` VALUES ('59202', '55576', '0.04', '1', '0', '1', '1');
INSERT INTO `creature_loot_template` VALUES ('59202', '62122', '0.04', '1', '0', '1', '1');
INSERT INTO `creature_loot_template` VALUES ('59202', '6271', '0.04', '1', '0', '1', '1');
INSERT INTO `creature_loot_template` VALUES ('59202', '55314', '0.04', '1', '0', '1', '1');
INSERT INTO `creature_loot_template` VALUES ('59202', '55378', '0.04', '1', '0', '1', '1');
INSERT INTO `creature_loot_template` VALUES ('59202', '5573', '0.04', '1', '0', '1', '1');
INSERT INTO `creature_loot_template` VALUES ('59202', '5574', '0.04', '1', '0', '1', '1');
INSERT INTO `creature_loot_template` VALUES ('59202', '7288', '0.04', '1', '0', '1', '1');
INSERT INTO `creature_loot_template` VALUES ('59202', '2406', '0.04', '1', '0', '1', '1');
INSERT INTO `creature_loot_template` VALUES ('59202', '55332', '0.04', '1', '0', '1', '1');
INSERT INTO `creature_loot_template` VALUES ('59202', '62120', '0.04', '1', '0', '1', '1');
INSERT INTO `creature_loot_template` VALUES ('59202', '55432', '0.04', '1', '0', '1', '1');
INSERT INTO `creature_loot_template` VALUES ('59202', '55458', '0.04', '1', '0', '1', '1');
INSERT INTO `creature_loot_template` VALUES ('59202', '55350', '0.04', '1', '0', '1', '1');
INSERT INTO `creature_loot_template` VALUES ('59202', '55385', '0.04', '1', '0', '1', '1');
INSERT INTO `creature_loot_template` VALUES ('59202', '4408', '0.04', '1', '0', '1', '1');
INSERT INTO `creature_loot_template` VALUES ('59202', '856', '0.04', '1', '0', '1', '1');
INSERT INTO `creature_loot_template` VALUES ('59202', '2657', '0.04', '1', '0', '1', '1');
INSERT INTO `creature_loot_template` VALUES ('59202', '2553', '0.04', '1', '0', '1', '1');
INSERT INTO `creature_loot_template` VALUES ('59202', '55349', '0.04', '1', '0', '1', '1');
INSERT INTO `creature_loot_template` VALUES ('59202', '55315', '0.04', '1', '0', '1', '1');
INSERT INTO `creature_loot_template` VALUES ('59202', '55430', '0.03', '1', '0', '1', '1');
INSERT INTO `creature_loot_template` VALUES ('59202', '3610', '0.03', '1', '0', '1', '1');
INSERT INTO `creature_loot_template` VALUES ('59202', '55377', '0.03', '1', '0', '1', '1');
INSERT INTO `creature_loot_template` VALUES ('59202', '55288', '0.03', '1', '0', '1', '1');
INSERT INTO `creature_loot_template` VALUES ('59202', '55351', '0.03', '1', '0', '1', '1');
INSERT INTO `creature_loot_template` VALUES ('59202', '2555', '0.03', '1', '0', '1', '1');
INSERT INTO `creature_loot_template` VALUES ('59202', '55331', '0.03', '1', '0', '1', '1');
INSERT INTO `creature_loot_template` VALUES ('59202', '55296', '0.03', '1', '0', '1', '1');
INSERT INTO `creature_loot_template` VALUES ('59202', '55386', '0.03', '1', '0', '1', '1');
INSERT INTO `creature_loot_template` VALUES ('59202', '55395', '0.03', '1', '0', '1', '1');
INSERT INTO `creature_loot_template` VALUES ('59202', '55287', '0.03', '1', '0', '1', '1');
INSERT INTO `creature_loot_template` VALUES ('59202', '55413', '0.03', '1', '0', '1', '1');
INSERT INTO `creature_loot_template` VALUES ('59202', '55387', '0.03', '1', '0', '1', '1');
INSERT INTO `creature_loot_template` VALUES ('59202', '55459', '0.03', '1', '0', '1', '1');
INSERT INTO `creature_loot_template` VALUES ('59202', '55376', '0.03', '1', '0', '1', '1');
INSERT INTO `creature_loot_template` VALUES ('59202', '55333', '0.03', '1', '0', '1', '1');
INSERT INTO `creature_loot_template` VALUES ('59202', '55286', '0.03', '1', '0', '1', '1');
INSERT INTO `creature_loot_template` VALUES ('59202', '55295', '0.03', '1', '0', '1', '1');
INSERT INTO `creature_loot_template` VALUES ('59202', '55297', '0.03', '1', '0', '1', '1');
INSERT INTO `creature_loot_template` VALUES ('59202', '6344', '0.02', '1', '0', '1', '1');
INSERT INTO `creature_loot_template` VALUES ('59202', '55457', '0.02', '1', '0', '1', '1');
INSERT INTO `creature_loot_template` VALUES ('59202', '55448', '0.02', '1', '0', '1', '1');
INSERT INTO `creature_loot_template` VALUES ('59202', '55341', '0.02', '1', '0', '1', '1');
INSERT INTO `creature_loot_template` VALUES ('59202', '55340', '0.02', '1', '0', '1', '1');
INSERT INTO `creature_loot_template` VALUES ('59202', '55450', '0.02', '1', '0', '1', '1');
INSERT INTO `creature_loot_template` VALUES ('59202', '55396', '0.02', '1', '0', '1', '1');
INSERT INTO `creature_loot_template` VALUES ('59202', '55414', '0.02', '1', '0', '1', '1');
INSERT INTO `creature_loot_template` VALUES ('59202', '55394', '0.02', '1', '0', '1', '1');
INSERT INTO `creature_loot_template` VALUES ('59202', '55467', '0.02', '1', '0', '1', '1');
INSERT INTO `creature_loot_template` VALUES ('59202', '55342', '0.02', '1', '0', '1', '1');
INSERT INTO `creature_loot_template` VALUES ('59202', '55412', '0.02', '1', '0', '1', '1');
INSERT INTO `creature_loot_template` VALUES ('59202', '55449', '0.02', '1', '0', '1', '1');
INSERT INTO `creature_loot_template` VALUES ('59202', '55466', '0.02', '1', '0', '1', '1');
INSERT INTO `creature_loot_template` VALUES ('59202', '4293', '0.01', '1', '0', '1', '1');
INSERT INTO `creature_loot_template` VALUES ('59202', '67539', '0.01', '1', '0', '1', '1');
INSERT INTO `creature_loot_template` VALUES ('59202', '4292', '0.01', '1', '0', '1', '1');
INSERT INTO `creature_loot_template` VALUES ('59202', '55468', '0.01', '1', '0', '1', '1');
INSERT INTO `creature_loot_template` VALUES ('59202', '4345', '0.01', '1', '0', '1', '1');
INSERT INTO `creature_loot_template` VALUES ('59202', '4346', '0.01', '1', '0', '1', '1');
INSERT INTO `creature_loot_template` VALUES ('59202', '55306', '0.01', '1', '0', '1', '1');
INSERT INTO `creature_loot_template` VALUES ('59202', '2881', '0.01', '1', '0', '1', '1');
INSERT INTO `creature_loot_template` VALUES ('59202', '67069', '0.01', '1', '0', '1', '1');
INSERT INTO `creature_loot_template` VALUES ('59202', '4409', '0.01', '1', '0', '1', '1');
INSERT INTO `creature_loot_template` VALUES ('59202', '6348', '0.01', '1', '0', '1', '1');
INSERT INTO `creature_loot_template` VALUES ('59202', '67131', '0.01', '1', '0', '1', '1');
INSERT INTO `creature_loot_template` VALUES ('59202', '6347', '0.01', '1', '0', '1', '1');
INSERT INTO `creature_loot_template` VALUES ('59202', '2409', '0.01', '1', '0', '1', '1');
INSERT INTO `creature_loot_template` VALUES ('59202', '55358', '0.01', '1', '0', '1', '1');
INSERT INTO `creature_loot_template` VALUES ('59202', '67120', '0.01', '1', '0', '1', '1');
INSERT INTO `creature_loot_template` VALUES ('59202', '55322', '0.01', '1', '0', '1', '1');
INSERT INTO `creature_loot_template` VALUES ('59202', '55360', '0.01', '1', '0', '1', '1');
INSERT INTO `creature_loot_template` VALUES ('59202', '67121', '0.01', '1', '0', '1', '1');
INSERT INTO `creature_loot_template` VALUES ('59202', '52377', '0.01', '1', '0', '1', '1');
INSERT INTO `creature_loot_template` VALUES ('59202', '55304', '0.01', '1', '0', '1', '1');
INSERT INTO `creature_loot_template` VALUES ('59202', '55359', '0.01', '1', '0', '1', '1');
INSERT INTO `creature_loot_template` VALUES ('59202', '55324', '0.01', '1', '0', '1', '1');
INSERT INTO `creature_loot_template` VALUES ('59202', '66974', '0.01', '1', '0', '1', '1');
INSERT INTO `creature_loot_template` VALUES ('59202', '67119', '0.01', '1', '0', '1', '1');
INSERT INTO `creature_loot_template` VALUES ('59202', '55305', '0.01', '1', '0', '1', '1');
INSERT INTO `creature_loot_template` VALUES ('59202', '66940', '0.01', '1', '0', '1', '1');
INSERT INTO `creature_loot_template` VALUES ('59202', '6716', '0.01', '1', '0', '1', '1');
INSERT INTO `creature_loot_template` VALUES ('59202', '66931', '0.01', '1', '0', '1', '1');
INSERT INTO `creature_loot_template` VALUES ('59202', '67061', '0.01', '1', '0', '1', '1');
INSERT INTO `creature_loot_template` VALUES ('59202', '66972', '0.01', '1', '0', '1', '1');
INSERT INTO `creature_loot_template` VALUES ('59202', '67125', '0.01', '1', '0', '1', '1');
INSERT INTO `creature_loot_template` VALUES ('59202', '66969', '0.01', '1', '0', '1', '1');
INSERT INTO `creature_loot_template` VALUES ('59202', '66989', '0.01', '1', '0', '1', '1');
INSERT INTO `creature_loot_template` VALUES ('59202', '67124', '0.1', '1', '0', '1', '1');
INSERT INTO `creature_loot_template` VALUES ('59202', '52370', '0.1', '1', '0', '1', '1');
INSERT INTO `creature_loot_template` VALUES ('59202', '66932', '0.1', '1', '0', '1', '1');
INSERT INTO `creature_loot_template` VALUES ('59202', '66992', '0.1', '1', '0', '1', '1');
INSERT INTO `creature_loot_template` VALUES ('59202', '52378', '0.1', '1', '0', '1', '1');
INSERT INTO `creature_loot_template` VALUES ('59202', '67122', '0.1', '1', '0', '1', '1');
INSERT INTO `creature_loot_template` VALUES ('59202', '66942', '0.1', '1', '0', '1', '1');
INSERT INTO `creature_loot_template` VALUES ('59202', '66973', '0.1', '1', '0', '1', '1');
INSERT INTO `creature_loot_template` VALUES ('59202', '66975', '0.1', '1', '0', '1', '1');
INSERT INTO `creature_loot_template` VALUES ('59202', '66993', '0.1', '1', '0', '1', '1');
INSERT INTO `creature_loot_template` VALUES ('59202', '67123', '0.1', '1', '0', '1', '1');
INSERT INTO `creature_loot_template` VALUES ('59202', '52365', '0.1', '1', '0', '1', '1');
INSERT INTO `creature_loot_template` VALUES ('59202', '66990', '0.1', '1', '0', '1', '1');
INSERT INTO `creature_loot_template` VALUES ('59202', '67057', '0.1', '1', '0', '1', '1');
INSERT INTO `creature_loot_template` VALUES ('59202', '67127', '0.1', '1', '0', '1', '1');
INSERT INTO `creature_loot_template` VALUES ('59202', '67144', '0.1', '1', '0', '1', '1');
INSERT INTO `creature_loot_template` VALUES ('59202', '66991', '0.1', '1', '0', '1', '1');
INSERT INTO `creature_loot_template` VALUES ('59202', '67067', '0.1', '1', '0', '1', '1');
INSERT INTO `creature_loot_template` VALUES ('59202', '52363', '0.1', '1', '0', '1', '1');
INSERT INTO `creature_loot_template` VALUES ('59202', '52372', '0.1', '1', '0', '1', '1');
INSERT INTO `creature_loot_template` VALUES ('59202', '52376', '0.1', '1', '0', '1', '1');
INSERT INTO `creature_loot_template` VALUES ('59202', '66971', '0.1', '1', '0', '1', '1');
INSERT INTO `creature_loot_template` VALUES ('59202', '67126', '0.1', '1', '0', '1', '1');
INSERT INTO `creature_loot_template` VALUES ('59202', '55323', '0.1', '1', '0', '1', '1');
INSERT INTO `creature_loot_template` VALUES ('59202', '66970', '0.1', '1', '0', '1', '1');
INSERT INTO `creature_loot_template` VALUES ('59202', '66976', '0.1', '1', '0', '1', '1');
INSERT INTO `creature_loot_template` VALUES ('59202', '52364', '0.1', '1', '0', '1', '1');
INSERT INTO `creature_loot_template` VALUES ('59202', '52386', '0.1', '1', '0', '1', '1');
INSERT INTO `creature_loot_template` VALUES ('59202', '52368', '0.1', '1', '0', '1', '1');
INSERT INTO `creature_loot_template` VALUES ('59202', '52379', '0.1', '1', '0', '1', '1');
INSERT INTO `creature_loot_template` VALUES ('59202', '67133', '0.1', '1', '0', '1', '1');
INSERT INTO `creature_loot_template` VALUES ('59202', '67135', '0.1', '1', '0', '1', '1');
INSERT INTO `creature_loot_template` VALUES ('59202', '67145', '0.1', '1', '0', '1', '1');
INSERT INTO `creature_loot_template` VALUES ('59202', '67150', '0.1', '1', '0', '1', '1');
INSERT INTO `creature_loot_template` VALUES ('59202', '66941', '0.1', '1', '0', '1', '1');
INSERT INTO `creature_loot_template` VALUES ('59202', '66994', '0.1', '1', '0', '1', '1');
INSERT INTO `creature_loot_template` VALUES ('59202', '52371', '0.1', '1', '0', '1', '1');
INSERT INTO `creature_loot_template` VALUES ('59202', '67142', '0.1', '1', '0', '1', '1');
INSERT INTO `creature_loot_template` VALUES ('59202', '67148', '0.1', '1', '0', '1', '1');
INSERT INTO `creature_loot_template` VALUES ('59202', '66968', '0.1', '1', '0', '1', '1');
INSERT INTO `creature_loot_template` VALUES ('59202', '67071', '0.1', '1', '0', '1', '1');
INSERT INTO `creature_loot_template` VALUES ('59202', '52366', '0.1', '1', '0', '1', '1');
INSERT INTO `creature_loot_template` VALUES ('59202', '52367', '0.1', '1', '0', '1', '1');
INSERT INTO `creature_loot_template` VALUES ('59202', '52382', '0.1', '1', '0', '1', '1');
INSERT INTO `creature_loot_template` VALUES ('59202', '52385', '0.1', '1', '0', '1', '1');
INSERT INTO `creature_loot_template` VALUES ('59202', '1468', '0.1', '1', '0', '1', '1');
UPDATE `creature_template` SET lootid='59202' WHERE entry='59202';
DELETE FROM `pickpocketing_loot_template` WHERE entry='59202';
INSERT INTO `pickpocketing_loot_template` VALUES ('59202', '63317', '3.02', '1', '0', '1', '1');
INSERT INTO `pickpocketing_loot_template` VALUES ('59202', '63348', '2.76', '1', '0', '1', '1');
INSERT INTO `pickpocketing_loot_template` VALUES ('59202', '63291', '2.53', '1', '0', '1', '1');
INSERT INTO `pickpocketing_loot_template` VALUES ('59202', '63349', '2.23', '1', '0', '1', '1');
INSERT INTO `pickpocketing_loot_template` VALUES ('59202', '58269', '2.03', '1', '0', '1', '1');
INSERT INTO `pickpocketing_loot_template` VALUES ('59202', '63310', '1.5', '1', '0', '1', '1');
INSERT INTO `pickpocketing_loot_template` VALUES ('59202', '5368', '1.18', '1', '0', '1', '1');
INSERT INTO `pickpocketing_loot_template` VALUES ('59202', '63300', '0.72', '1', '0', '1', '1');
INSERT INTO `pickpocketing_loot_template` VALUES ('59202', '4541', '0.38', '1', '0', '1', '1');
INSERT INTO `pickpocketing_loot_template` VALUES ('59202', '4537', '0.23', '1', '0', '1', '1');
UPDATE `creature_template` SET pickpocketloot='59202' WHERE entry='59202';
INSERT INTO `creature` VALUES (405493, 59202, 36, 1581, 1581, 2, 1, 2347, 0, -107.352, -847.233, 17.0334, 1.0821, 7200, 5, 0, 1312, 0, 1, 0, 0, 0);
INSERT INTO `creature` VALUES (405494, 59202, 36, 1581, 1581, 2, 1, 2347, 0, -19.1372, -813.344, 19.793, 1.46608, 7200, 5, 0, 1312, 0, 1, 0, 0, 0);
INSERT INTO `creature` VALUES (405495, 59202, 36, 1581, 1581, 2, 1, 2348, 0, -42.0486, -796.323, 39.4285, 0.994838, 7200, 5, 0, 1312, 0, 1, 0, 0, 0);
INSERT INTO `creature` VALUES (405496, 59202, 36, 1581, 1581, 2, 1, 2348, 0, -87.7917, -786.304, 17.3169, 1.76278, 7200, 5, 0, 1312, 0, 1, 0, 0, 0);
INSERT INTO `creature` VALUES (405497, 59202, 36, 1581, 1581, 2, 1, 2347, 0, -45.6111, -851.63, 18.5623, 4.79965, 7200, 5, 0, 1312, 0, 1, 0, 0, 0);
INSERT INTO `creature` VALUES (405498, 59202, 36, 1581, 1581, 2, 1, 2347, 0, -108.859, -843.837, 17.0549, 5.68977, 7200, 5, 0, 1312, 0, 1, 0, 0, 0);
INSERT INTO `creature` VALUES (405499, 59202, 36, 1581, 1581, 2, 1, 2347, 0, -17.9792, -818.58, 19.8577, 2.37365, 7200, 5, 0, 1312, 0, 1, 0, 0, 0);
INSERT INTO `creature` VALUES (405500, 59202, 36, 1581, 1581, 2, 1, 2348, 0, -29.5, -846.29, 19.3106, 3.56047, 7200, 5, 0, 1312, 0, 1, 0, 0, 0);
INSERT INTO `creature` VALUES (405501, 59202, 36, 1581, 1581, 2, 1, 2347, 0, -32.6267, -795.549, 19.089, 0.698132, 7200, 5, 0, 1312, 0, 1, 0, 0, 0);
INSERT INTO `creature` VALUES (405502, 59202, 36, 1581, 1581, 2, 1, 2347, 0, -48.2222, -786.179, 18.42, 1.09956, 7200, 5, 0, 1312, 0, 1, 0, 0, 0);
INSERT INTO `creature` VALUES (405503, 59202, 36, 1581, 1581, 2, 1, 2347, 0, -72.0347, -790.8, 39.3369, 1.78024, 7200, 5, 0, 1312, 0, 1, 0, 0, 0);
INSERT INTO `creature` VALUES (405504, 59202, 36, 1581, 1581, 2, 1, 2348, 0, -76.5903, -787.217, 26.2657, 5.42797, 7200, 5, 0, 1312, 0, 1, 0, 0, 0);
INSERT INTO `creature` VALUES (405505, 59202, 36, 1581, 1581, 2, 1, 2348, 0, -48.3003, -852.727, 18.4557, 5.39307, 7200, 5, 0, 1312, 0, 1, 0, 0, 0);
INSERT INTO `creature` VALUES (405506, 59202, 36, 1581, 1581, 2, 1, 2348, 0, -29.5, -846.29, 19.3106, 3.56047, 7200, 0, 0, 1312, 0, 0, 0, 0, 0);
INSERT INTO `creature` VALUES (405507, 59202, 36, 1581, 1581, 2, 1, 2347, 0, -19.1372, -813.344, 19.793, 1.46608, 7200, 0, 0, 1312, 0, 0, 0, 0, 0);
INSERT INTO `creature` VALUES (405508, 59202, 36, 1581, 1581, 2, 1, 2348, 0, -48.3003, -852.727, 18.4557, 5.39307, 7200, 0, 0, 1312, 0, 0, 0, 0, 0);
INSERT INTO `creature` VALUES (405509, 59202, 36, 1581, 1581, 2, 1, 2347, 0, -81.4913, -779.387, 26.7951, 1.79769, 7200, 5, 0, 1312, 0, 1, 0, 0, 0);
INSERT INTO `creature` VALUES (405510, 59202, 36, 1581, 1581, 2, 1, 2347, 0, -124.016, -809.231, 16.9686, 4.03171, 7200, 5, 0, 1312, 0, 1, 0, 0, 0);
INSERT INTO `creature` VALUES (405511, 59202, 36, 1581, 1581, 2, 1, 2347, 0, -59.0538, -791.024, 39.1883, 1.37881, 7200, 5, 0, 1312, 0, 1, 0, 0, 0);
INSERT INTO `creature` VALUES (405512, 59202, 36, 1581, 1581, 2, 1, 2348, 0, -105.021, -843.693, 17.1262, 4.17134, 7200, 5, 0, 1312, 0, 1, 0, 0, 0);
INSERT INTO `creature` VALUES (405513, 59202, 36, 1581, 1581, 2, 1, 2348, 0, -19.5833, -832.882, 19.8021, 3.50811, 7200, 5, 0, 1312, 0, 1, 0, 0, 0);
INSERT INTO `creature` VALUES (405514, 59202, 36, 1581, 1581, 2, 1, 2348, 0, -119.554, -791.314, 17.193, 2.86234, 7200, 5, 0, 1312, 0, 1, 0, 0, 0);
INSERT INTO `creature` VALUES (405515, 59202, 36, 1581, 1581, 2, 1, 2347, 0, -22.316, -833.927, 19.6427, 0.139626, 7200, 5, 0, 1312, 0, 1, 0, 0, 0);
INSERT INTO `creature` VALUES (405516, 59202, 36, 1581, 1581, 2, 1, 2348, 0, -121.691, -835.438, 16.9671, 2.6529, 7200, 5, 0, 1312, 0, 1, 0, 0, 0);

-- heroic entyr of npc 48521
DELETE FROM `creature_template` WHERE `entry`=59203 LIMIT 1;
INSERT INTO `creature_template` ( `entry`, `difficulty_entry_1`, `difficulty_entry_2`, `difficulty_entry_3`, `KillCredit1`, `KillCredit2`, `modelid1`, `modelid2`, `modelid3`, `modelid4`, `name`, `subname`, `IconName`, `gossip_menu_id`, `minlevel`, `maxlevel`, `exp`, `faction_A`, `faction_H`, `npcflag`, `speed_walk`, `speed_run`, `scale`, `rank`, `mindmg`, `maxdmg`, `dmgschool`, `attackpower`, `dmg_multiplier`, `baseattacktime`, `rangeattacktime`, `unit_class`, `unit_flags`, `dynamicflags`, `family`, `trainer_type`, `trainer_spell`, `trainer_class`, `trainer_race`, `minrangedmg`, `maxrangedmg`, `rangedattackpower`, `type`, `type_flags`, `lootid`, `pickpocketloot`, `skinloot`, `resistance1`, `resistance2`, `resistance3`, `resistance4`, `resistance5`, `resistance6`, `spell1`, `spell2`, `spell3`, `spell4`, `spell5`, `spell6`, `spell7`, `spell8`, `PetSpellDataId`, `VehicleId`, `mingold`, `maxgold`, `AIName`, `MovementType`, `InhabitType`, `Health_mod`, `Mana_mod`, `Armor_mod`, `RacialLeader`, `questItem1`, `questItem2`, `questItem3`, `questItem4`, `questItem5`, `questItem6`, `movementId`, `RegenHealth`, `equipment_id`, `mechanic_immune_mask`, `flags_extra`, `ScriptName`, `WDBVerified`) VALUES ( 59203, 0, 0, 0, 0, 0, 2349, 2350, 0, 0, "Defias Squallshaper", "", "", 0, 85, 85, 3, 17, 17, 0, 1.14286, 1.0, 1.0, 1, 986, 1016, 0, 805, 2.0, 2000, 2000, 8, 64, 2048, 0, 0, 0, 0, 0, 986, 1016, 805, 7, 0, 59203, 59203, 0, 0, 0, 0, 0, 0, 0, 90914, 90398, 0, 0, 0, 0, 0, 0, 0, 0, 5920, 5920, "", 0, 3, 6.7659, 4.0, 1.0, 0, 915, 0, 0, 0, 0, 0, 0, 1, 48521, 0, 0, "", "13623");
DELETE FROM `creature_loot_template` WHERE entry='59203';
INSERT INTO `creature_loot_template` VALUES ('59203', '53010', '14.89', '1', '0', '1', '6');
INSERT INTO `creature_loot_template` VALUES ('59203', '2592', '14.03', '1', '0', '1', '4');
INSERT INTO `creature_loot_template` VALUES ('59203', '2589', '10.55', '1', '0', '1', '5');
INSERT INTO `creature_loot_template` VALUES ('59203', '68198', '5.42', '1', '0', '1', '2');
INSERT INTO `creature_loot_template` VALUES ('59203', '414', '3.72', '1', '0', '1', '1');
INSERT INTO `creature_loot_template` VALUES ('59203', '1951', '3.14', '1', '0', '1', '1');
INSERT INTO `creature_loot_template` VALUES ('59203', '58268', '2.73', '1', '0', '1', '1');
INSERT INTO `creature_loot_template` VALUES ('59203', '1179', '1.79', '1', '0', '1', '1');
INSERT INTO `creature_loot_template` VALUES ('59203', '68197', '1.72', '1', '0', '1', '2');
INSERT INTO `creature_loot_template` VALUES ('59203', '818', '1.66', '1', '0', '1', '1');
INSERT INTO `creature_loot_template` VALUES ('59203', '7997', '1.43', '1', '0', '1', '1');
INSERT INTO `creature_loot_template` VALUES ('59203', '58256', '1.38', '1', '0', '1', '1');
INSERT INTO `creature_loot_template` VALUES ('59203', '858', '1.1', '1', '0', '1', '1');
INSERT INTO `creature_loot_template` VALUES ('59203', '5786', '0.63', '1', '0', '1', '1');
INSERT INTO `creature_loot_template` VALUES ('59203', '2455', '0.54', '1', '0', '1', '1');
INSERT INTO `creature_loot_template` VALUES ('59203', '1210', '0.53', '1', '0', '1', '1');
INSERT INTO `creature_loot_template` VALUES ('59203', '774', '0.51', '1', '0', '1', '1');
INSERT INTO `creature_loot_template` VALUES ('59203', '2073', '0.48', '1', '0', '1', '1');
INSERT INTO `creature_loot_template` VALUES ('59203', '3036', '0.47', '1', '0', '1', '1');
INSERT INTO `creature_loot_template` VALUES ('59203', '6558', '0.46', '1', '0', '1', '1');
INSERT INTO `creature_loot_template` VALUES ('59203', '6542', '0.45', '1', '0', '1', '1');
INSERT INTO `creature_loot_template` VALUES ('59203', '1516', '0.43', '1', '0', '1', '1');
INSERT INTO `creature_loot_template` VALUES ('59203', '4570', '0.43', '1', '0', '1', '1');
INSERT INTO `creature_loot_template` VALUES ('59203', '9757', '0.42', '1', '0', '1', '1');
INSERT INTO `creature_loot_template` VALUES ('59203', '6543', '0.41', '1', '0', '1', '1');
INSERT INTO `creature_loot_template` VALUES ('59203', '1510', '0.41', '1', '0', '1', '1');
INSERT INTO `creature_loot_template` VALUES ('59203', '6537', '0.41', '1', '0', '1', '1');
INSERT INTO `creature_loot_template` VALUES ('59203', '2980', '0.39', '1', '0', '1', '1');
INSERT INTO `creature_loot_template` VALUES ('59203', '1512', '0.39', '1', '0', '1', '1');
INSERT INTO `creature_loot_template` VALUES ('59203', '1511', '0.38', '1', '0', '1', '1');
INSERT INTO `creature_loot_template` VALUES ('59203', '6556', '0.38', '1', '0', '1', '1');
INSERT INTO `creature_loot_template` VALUES ('59203', '1513', '0.36', '1', '0', '1', '1');
INSERT INTO `creature_loot_template` VALUES ('59203', '2976', '0.36', '1', '0', '1', '1');
INSERT INTO `creature_loot_template` VALUES ('59203', '1514', '0.36', '1', '0', '1', '1');
INSERT INTO `creature_loot_template` VALUES ('59203', '1515', '0.35', '1', '0', '1', '1');
INSERT INTO `creature_loot_template` VALUES ('59203', '2763', '0.35', '1', '0', '1', '1');
INSERT INTO `creature_loot_template` VALUES ('59203', '2777', '0.34', '1', '0', '1', '1');
INSERT INTO `creature_loot_template` VALUES ('59203', '2778', '0.34', '1', '0', '1', '1');
INSERT INTO `creature_loot_template` VALUES ('59203', '1504', '0.33', '1', '0', '1', '1');
INSERT INTO `creature_loot_template` VALUES ('59203', '1507', '0.33', '1', '0', '1', '1');
INSERT INTO `creature_loot_template` VALUES ('59203', '5071', '0.32', '1', '0', '1', '1');
INSERT INTO `creature_loot_template` VALUES ('59203', '1503', '0.32', '1', '0', '1', '1');
INSERT INTO `creature_loot_template` VALUES ('59203', '68729', '0.32', '1', '0', '1', '1');
INSERT INTO `creature_loot_template` VALUES ('59203', '4569', '0.31', '1', '0', '1', '1');
INSERT INTO `creature_loot_template` VALUES ('59203', '6550', '0.31', '1', '0', '1', '1');
INSERT INTO `creature_loot_template` VALUES ('59203', '2978', '0.3', '1', '0', '1', '1');
INSERT INTO `creature_loot_template` VALUES ('59203', '1495', '0.3', '1', '0', '1', '1');
INSERT INTO `creature_loot_template` VALUES ('59203', '1499', '0.3', '1', '0', '1', '1');
INSERT INTO `creature_loot_template` VALUES ('59203', '1506', '0.3', '1', '0', '1', '1');
INSERT INTO `creature_loot_template` VALUES ('59203', '1498', '0.29', '1', '0', '1', '1');
INSERT INTO `creature_loot_template` VALUES ('59203', '1501', '0.29', '1', '0', '1', '1');
INSERT INTO `creature_loot_template` VALUES ('59203', '1509', '0.29', '1', '0', '1', '1');
INSERT INTO `creature_loot_template` VALUES ('59203', '3374', '0.29', '1', '0', '1', '1');
INSERT INTO `creature_loot_template` VALUES ('59203', '9765', '0.28', '1', '0', '1', '1');
INSERT INTO `creature_loot_template` VALUES ('59203', '6539', '0.28', '1', '0', '1', '1');
INSERT INTO `creature_loot_template` VALUES ('59203', '2215', '0.28', '1', '0', '1', '1');
INSERT INTO `creature_loot_template` VALUES ('59203', '1731', '0.27', '1', '0', '1', '1');
INSERT INTO `creature_loot_template` VALUES ('59203', '1502', '0.27', '1', '0', '1', '1');
INSERT INTO `creature_loot_template` VALUES ('59203', '3375', '0.27', '1', '0', '1', '1');
INSERT INTO `creature_loot_template` VALUES ('59203', '1497', '0.26', '1', '0', '1', '1');
INSERT INTO `creature_loot_template` VALUES ('59203', '1734', '0.26', '1', '0', '1', '1');
INSERT INTO `creature_loot_template` VALUES ('59203', '1732', '0.25', '1', '0', '1', '1');
INSERT INTO `creature_loot_template` VALUES ('59203', '2214', '0.24', '1', '0', '1', '1');
INSERT INTO `creature_loot_template` VALUES ('59203', '2632', '0.24', '1', '0', '1', '1');
INSERT INTO `creature_loot_template` VALUES ('59203', '4701', '0.23', '1', '0', '1', '1');
INSERT INTO `creature_loot_template` VALUES ('59203', '1737', '0.23', '1', '0', '1', '1');
INSERT INTO `creature_loot_template` VALUES ('59203', '9756', '0.22', '1', '0', '1', '1');
INSERT INTO `creature_loot_template` VALUES ('59203', '1735', '0.22', '1', '0', '1', '1');
INSERT INTO `creature_loot_template` VALUES ('59203', '62070', '0.21', '1', '0', '1', '1');
INSERT INTO `creature_loot_template` VALUES ('59203', '1730', '0.21', '1', '0', '1', '1');
INSERT INTO `creature_loot_template` VALUES ('59203', '9748', '0.21', '1', '0', '1', '1');
INSERT INTO `creature_loot_template` VALUES ('59203', '9749', '0.21', '1', '0', '1', '1');
INSERT INTO `creature_loot_template` VALUES ('59203', '15210', '0.2', '1', '0', '1', '1');
INSERT INTO `creature_loot_template` VALUES ('59203', '6541', '0.2', '1', '0', '1', '1');
INSERT INTO `creature_loot_template` VALUES ('59203', '4567', '0.19', '1', '0', '1', '1');
INSERT INTO `creature_loot_template` VALUES ('59203', '2977', '0.19', '1', '0', '1', '1');
INSERT INTO `creature_loot_template` VALUES ('59203', '9747', '0.19', '1', '0', '1', '1');
INSERT INTO `creature_loot_template` VALUES ('59203', '6557', '0.18', '1', '0', '1', '1');
INSERT INTO `creature_loot_template` VALUES ('59203', '15268', '0.18', '1', '0', '1', '1');
INSERT INTO `creature_loot_template` VALUES ('59203', '2974', '0.18', '1', '0', '1', '1');
INSERT INTO `creature_loot_template` VALUES ('59203', '6555', '0.18', '1', '0', '1', '1');
INSERT INTO `creature_loot_template` VALUES ('59203', '6548', '0.18', '1', '0', '1', '1');
INSERT INTO `creature_loot_template` VALUES ('59203', '62065', '0.17', '1', '0', '1', '1');
INSERT INTO `creature_loot_template` VALUES ('59203', '3652', '0.17', '1', '0', '1', '1');
INSERT INTO `creature_loot_template` VALUES ('59203', '9786', '0.17', '1', '0', '1', '1');
INSERT INTO `creature_loot_template` VALUES ('59203', '2970', '0.17', '1', '0', '1', '1');
INSERT INTO `creature_loot_template` VALUES ('59203', '9763', '0.16', '1', '0', '1', '1');
INSERT INTO `creature_loot_template` VALUES ('59203', '62068', '0.16', '1', '0', '1', '1');
INSERT INTO `creature_loot_template` VALUES ('59203', '9764', '0.16', '1', '0', '1', '1');
INSERT INTO `creature_loot_template` VALUES ('59203', '62067', '0.16', '1', '0', '1', '1');
INSERT INTO `creature_loot_template` VALUES ('59203', '62071', '0.16', '1', '0', '1', '1');
INSERT INTO `creature_loot_template` VALUES ('59203', '62069', '0.16', '1', '0', '1', '1');
INSERT INTO `creature_loot_template` VALUES ('59203', '3643', '0.16', '1', '0', '1', '1');
INSERT INTO `creature_loot_template` VALUES ('59203', '62072', '0.16', '1', '0', '1', '1');
INSERT INTO `creature_loot_template` VALUES ('59203', '2971', '0.15', '1', '0', '1', '1');
INSERT INTO `creature_loot_template` VALUES ('59203', '62066', '0.15', '1', '0', '1', '1');
INSERT INTO `creature_loot_template` VALUES ('59203', '2972', '0.15', '1', '0', '1', '1');
INSERT INTO `creature_loot_template` VALUES ('59203', '6549', '0.14', '1', '0', '1', '1');
INSERT INTO `creature_loot_template` VALUES ('59203', '3651', '0.14', '1', '0', '1', '1');
INSERT INTO `creature_loot_template` VALUES ('59203', '2975', '0.14', '1', '0', '1', '1');
INSERT INTO `creature_loot_template` VALUES ('59203', '4678', '0.14', '1', '0', '1', '1');
INSERT INTO `creature_loot_template` VALUES ('59203', '62064', '0.14', '1', '0', '1', '1');
INSERT INTO `creature_loot_template` VALUES ('59203', '5212', '0.14', '1', '0', '1', '1');
INSERT INTO `creature_loot_template` VALUES ('59203', '15933', '0.14', '1', '0', '1', '1');
INSERT INTO `creature_loot_template` VALUES ('59203', '55423', '0.14', '1', '0', '1', '1');
INSERT INTO `creature_loot_template` VALUES ('59203', '3205', '0.13', '1', '0', '1', '1');
INSERT INTO `creature_loot_template` VALUES ('59203', '55422', '0.13', '1', '0', '1', '1');
INSERT INTO `creature_loot_template` VALUES ('59203', '62063', '0.13', '1', '0', '1', '1');
INSERT INTO `creature_loot_template` VALUES ('59203', '3207', '0.13', '1', '0', '1', '1');
INSERT INTO `creature_loot_template` VALUES ('59203', '6378', '0.13', '1', '0', '1', '1');
INSERT INTO `creature_loot_template` VALUES ('59203', '55421', '0.12', '1', '0', '1', '1');
INSERT INTO `creature_loot_template` VALUES ('59203', '4571', '0.12', '1', '0', '1', '1');
INSERT INTO `creature_loot_template` VALUES ('59203', '4699', '0.12', '1', '0', '1', '1');
INSERT INTO `creature_loot_template` VALUES ('59203', '2979', '0.12', '1', '0', '1', '1');
INSERT INTO `creature_loot_template` VALUES ('59203', '2973', '0.11', '1', '0', '1', '1');
INSERT INTO `creature_loot_template` VALUES ('59203', '3645', '0.1', '1', '0', '1', '1');
INSERT INTO `creature_loot_template` VALUES ('59203', '55440', '0.1', '1', '0', '1', '1');
INSERT INTO `creature_loot_template` VALUES ('59203', '2079', '0.1', '1', '0', '1', '1');
INSERT INTO `creature_loot_template` VALUES ('59203', '55441', '0.1', '1', '0', '1', '1');
INSERT INTO `creature_loot_template` VALUES ('59203', '6560', '0.1', '1', '0', '1', '1');
INSERT INTO `creature_loot_template` VALUES ('59203', '62096', '0.1', '1', '0', '1', '1');
INSERT INTO `creature_loot_template` VALUES ('59203', '6554', '0.09', '1', '0', '1', '1');
INSERT INTO `creature_loot_template` VALUES ('59203', '6551', '0.09', '1', '0', '1', '1');
INSERT INTO `creature_loot_template` VALUES ('59203', '62122', '0.09', '1', '0', '1', '1');
INSERT INTO `creature_loot_template` VALUES ('59203', '62077', '0.09', '1', '0', '1', '1');
INSERT INTO `creature_loot_template` VALUES ('59203', '2983', '0.09', '1', '0', '1', '1');
INSERT INTO `creature_loot_template` VALUES ('59203', '62086', '0.09', '1', '0', '1', '1');
INSERT INTO `creature_loot_template` VALUES ('59203', '62073', '0.09', '1', '0', '1', '1');
INSERT INTO `creature_loot_template` VALUES ('59203', '62085', '0.09', '1', '0', '1', '1');
INSERT INTO `creature_loot_template` VALUES ('59203', '6379', '0.09', '1', '0', '1', '1');
INSERT INTO `creature_loot_template` VALUES ('59203', '2984', '0.09', '1', '0', '1', '1');
INSERT INTO `creature_loot_template` VALUES ('59203', '15926', '0.09', '1', '0', '1', '1');
INSERT INTO `creature_loot_template` VALUES ('59203', '2078', '0.09', '1', '0', '1', '1');
INSERT INTO `creature_loot_template` VALUES ('59203', '3196', '0.09', '1', '0', '1', '1');
INSERT INTO `creature_loot_template` VALUES ('59203', '62112', '0.09', '1', '0', '1', '1');
INSERT INTO `creature_loot_template` VALUES ('59203', '6540', '0.09', '1', '0', '1', '1');
INSERT INTO `creature_loot_template` VALUES ('59203', '6546', '0.08', '1', '0', '1', '1');
INSERT INTO `creature_loot_template` VALUES ('59203', '55756', '0.08', '1', '0', '1', '1');
INSERT INTO `creature_loot_template` VALUES ('59203', '55439', '0.08', '1', '0', '1', '1');
INSERT INTO `creature_loot_template` VALUES ('59203', '6547', '0.08', '1', '0', '1', '1');
INSERT INTO `creature_loot_template` VALUES ('59203', '55403', '0.08', '1', '0', '1', '1');
INSERT INTO `creature_loot_template` VALUES ('59203', '62097', '0.08', '1', '0', '1', '1');
INSERT INTO `creature_loot_template` VALUES ('59203', '62083', '0.08', '1', '0', '1', '1');
INSERT INTO `creature_loot_template` VALUES ('59203', '2987', '0.08', '1', '0', '1', '1');
INSERT INTO `creature_loot_template` VALUES ('59203', '9779', '0.08', '1', '0', '1', '1');
INSERT INTO `creature_loot_template` VALUES ('59203', '55755', '0.08', '1', '0', '1', '1');
INSERT INTO `creature_loot_template` VALUES ('59203', '55404', '0.08', '1', '0', '1', '1');
INSERT INTO `creature_loot_template` VALUES ('59203', '55747', '0.08', '1', '0', '1', '1');
INSERT INTO `creature_loot_template` VALUES ('59203', '62091', '0.08', '1', '0', '1', '1');
INSERT INTO `creature_loot_template` VALUES ('59203', '55745', '0.07', '1', '0', '1', '1');
INSERT INTO `creature_loot_template` VALUES ('59203', '55772', '0.07', '1', '0', '1', '1');
INSERT INTO `creature_loot_template` VALUES ('59203', '6380', '0.07', '1', '0', '1', '1');
INSERT INTO `creature_loot_template` VALUES ('59203', '55765', '0.07', '1', '0', '1', '1');
INSERT INTO `creature_loot_template` VALUES ('59203', '62092', '0.07', '1', '0', '1', '1');
INSERT INTO `creature_loot_template` VALUES ('59203', '9788', '0.07', '1', '0', '1', '1');
INSERT INTO `creature_loot_template` VALUES ('59203', '62075', '0.07', '1', '0', '1', '1');
INSERT INTO `creature_loot_template` VALUES ('59203', '62089', '0.07', '1', '0', '1', '1');
INSERT INTO `creature_loot_template` VALUES ('59203', '55486', '0.07', '1', '0', '1', '1');
INSERT INTO `creature_loot_template` VALUES ('59203', '6553', '0.07', '1', '0', '1', '1');
INSERT INTO `creature_loot_template` VALUES ('59203', '62084', '0.07', '1', '0', '1', '1');
INSERT INTO `creature_loot_template` VALUES ('59203', '6545', '0.07', '1', '0', '1', '1');
INSERT INTO `creature_loot_template` VALUES ('59203', '62082', '0.07', '1', '0', '1', '1');
INSERT INTO `creature_loot_template` VALUES ('59203', '55484', '0.07', '1', '0', '1', '1');
INSERT INTO `creature_loot_template` VALUES ('59203', '55574', '0.07', '1', '0', '1', '1');
INSERT INTO `creature_loot_template` VALUES ('59203', '3195', '0.07', '1', '0', '1', '1');
INSERT INTO `creature_loot_template` VALUES ('59203', '55728', '0.07', '1', '0', '1', '1');
INSERT INTO `creature_loot_template` VALUES ('59203', '55729', '0.07', '1', '0', '1', '1');
INSERT INTO `creature_loot_template` VALUES ('59203', '62074', '0.07', '1', '0', '1', '1');
INSERT INTO `creature_loot_template` VALUES ('59203', '62098', '0.07', '1', '0', '1', '1');
INSERT INTO `creature_loot_template` VALUES ('59203', '3609', '0.07', '1', '0', '1', '1');
INSERT INTO `creature_loot_template` VALUES ('59203', '6559', '0.07', '1', '0', '1', '1');
INSERT INTO `creature_loot_template` VALUES ('59203', '55583', '0.07', '1', '0', '1', '1');
INSERT INTO `creature_loot_template` VALUES ('59203', '55754', '0.07', '1', '0', '1', '1');
INSERT INTO `creature_loot_template` VALUES ('59203', '55494', '0.07', '1', '0', '1', '1');
INSERT INTO `creature_loot_template` VALUES ('59203', '55549', '0.07', '1', '0', '1', '1');
INSERT INTO `creature_loot_template` VALUES ('59203', '62101', '0.07', '1', '0', '1', '1');
INSERT INTO `creature_loot_template` VALUES ('59203', '55738', '0.07', '1', '0', '1', '1');
INSERT INTO `creature_loot_template` VALUES ('59203', '62095', '0.07', '1', '0', '1', '1');
INSERT INTO `creature_loot_template` VALUES ('59203', '62081', '0.07', '1', '0', '1', '1');
INSERT INTO `creature_loot_template` VALUES ('59203', '55773', '0.07', '1', '0', '1', '1');
INSERT INTO `creature_loot_template` VALUES ('59203', '55709', '0.07', '1', '0', '1', '1');
INSERT INTO `creature_loot_template` VALUES ('59203', '55736', '0.07', '1', '0', '1', '1');
INSERT INTO `creature_loot_template` VALUES ('59203', '55485', '0.06', '1', '0', '1', '1');
INSERT INTO `creature_loot_template` VALUES ('59203', '62090', '0.06', '1', '0', '1', '1');
INSERT INTO `creature_loot_template` VALUES ('59203', '62111', '0.06', '1', '0', '1', '1');
INSERT INTO `creature_loot_template` VALUES ('59203', '55763', '0.06', '1', '0', '1', '1');
INSERT INTO `creature_loot_template` VALUES ('59203', '62099', '0.06', '1', '0', '1', '1');
INSERT INTO `creature_loot_template` VALUES ('59203', '55521', '0.06', '1', '0', '1', '1');
INSERT INTO `creature_loot_template` VALUES ('59203', '55737', '0.06', '1', '0', '1', '1');
INSERT INTO `creature_loot_template` VALUES ('59203', '62128', '0.06', '1', '0', '1', '1');
INSERT INTO `creature_loot_template` VALUES ('59203', '62115', '0.06', '1', '0', '1', '1');
INSERT INTO `creature_loot_template` VALUES ('59203', '55710', '0.06', '1', '0', '1', '1');
INSERT INTO `creature_loot_template` VALUES ('59203', '55764', '0.06', '1', '0', '1', '1');
INSERT INTO `creature_loot_template` VALUES ('59203', '55621', '0.06', '1', '0', '1', '1');
INSERT INTO `creature_loot_template` VALUES ('59203', '62076', '0.06', '1', '0', '1', '1');
INSERT INTO `creature_loot_template` VALUES ('59203', '55711', '0.06', '1', '0', '1', '1');
INSERT INTO `creature_loot_template` VALUES ('59203', '55718', '0.06', '1', '0', '1', '1');
INSERT INTO `creature_loot_template` VALUES ('59203', '55774', '0.06', '1', '0', '1', '1');
INSERT INTO `creature_loot_template` VALUES ('59203', '62080', '0.06', '1', '0', '1', '1');
INSERT INTO `creature_loot_template` VALUES ('59203', '62094', '0.06', '1', '0', '1', '1');
INSERT INTO `creature_loot_template` VALUES ('59203', '9785', '0.06', '1', '0', '1', '1');
INSERT INTO `creature_loot_template` VALUES ('59203', '55630', '0.06', '1', '0', '1', '1');
INSERT INTO `creature_loot_template` VALUES ('59203', '55720', '0.06', '1', '0', '1', '1');
INSERT INTO `creature_loot_template` VALUES ('59203', '62078', '0.06', '1', '0', '1', '1');
INSERT INTO `creature_loot_template` VALUES ('59203', '62123', '0.06', '1', '0', '1', '1');
INSERT INTO `creature_loot_template` VALUES ('59203', '62125', '0.06', '1', '0', '1', '1');
INSERT INTO `creature_loot_template` VALUES ('59203', '62100', '0.06', '1', '0', '1', '1');
INSERT INTO `creature_loot_template` VALUES ('59203', '62079', '0.06', '1', '0', '1', '1');
INSERT INTO `creature_loot_template` VALUES ('59203', '62103', '0.06', '1', '0', '1', '1');
INSERT INTO `creature_loot_template` VALUES ('59203', '62124', '0.06', '1', '0', '1', '1');
INSERT INTO `creature_loot_template` VALUES ('59203', '55405', '0.06', '1', '0', '1', '1');
INSERT INTO `creature_loot_template` VALUES ('59203', '55576', '0.06', '1', '0', '1', '1');
INSERT INTO `creature_loot_template` VALUES ('59203', '55612', '0.06', '1', '0', '1', '1');
INSERT INTO `creature_loot_template` VALUES ('59203', '62093', '0.06', '1', '0', '1', '1');
INSERT INTO `creature_loot_template` VALUES ('59203', '62108', '0.06', '1', '0', '1', '1');
INSERT INTO `creature_loot_template` VALUES ('59203', '62105', '0.06', '1', '0', '1', '1');
INSERT INTO `creature_loot_template` VALUES ('59203', '62119', '0.06', '1', '0', '1', '1');
INSERT INTO `creature_loot_template` VALUES ('59203', '55620', '0.06', '1', '0', '1', '1');
INSERT INTO `creature_loot_template` VALUES ('59203', '55746', '0.06', '1', '0', '1', '1');
INSERT INTO `creature_loot_template` VALUES ('59203', '55628', '0.06', '1', '0', '1', '1');
INSERT INTO `creature_loot_template` VALUES ('59203', '4695', '0.06', '1', '0', '1', '1');
INSERT INTO `creature_loot_template` VALUES ('59203', '55367', '0.06', '1', '0', '1', '1');
INSERT INTO `creature_loot_template` VALUES ('59203', '62087', '0.06', '1', '0', '1', '1');
INSERT INTO `creature_loot_template` VALUES ('59203', '62110', '0.06', '1', '0', '1', '1');
INSERT INTO `creature_loot_template` VALUES ('59203', '55611', '0.05', '1', '0', '1', '1');
INSERT INTO `creature_loot_template` VALUES ('59203', '62088', '0.05', '1', '0', '1', '1');
INSERT INTO `creature_loot_template` VALUES ('59203', '62104', '0.05', '1', '0', '1', '1');
INSERT INTO `creature_loot_template` VALUES ('59203', '62121', '0.05', '1', '0', '1', '1');
INSERT INTO `creature_loot_template` VALUES ('59203', '62126', '0.05', '1', '0', '1', '1');
INSERT INTO `creature_loot_template` VALUES ('59203', '55691', '0.05', '1', '0', '1', '1');
INSERT INTO `creature_loot_template` VALUES ('59203', '55513', '0.05', '1', '0', '1', '1');
INSERT INTO `creature_loot_template` VALUES ('59203', '2598', '0.05', '1', '0', '1', '1');
INSERT INTO `creature_loot_template` VALUES ('59203', '2969', '0.05', '1', '0', '1', '1');
INSERT INTO `creature_loot_template` VALUES ('59203', '55601', '0.05', '1', '0', '1', '1');
INSERT INTO `creature_loot_template` VALUES ('59203', '55673', '0.05', '1', '0', '1', '1');
INSERT INTO `creature_loot_template` VALUES ('59203', '55548', '0.05', '1', '0', '1', '1');
INSERT INTO `creature_loot_template` VALUES ('59203', '55674', '0.05', '1', '0', '1', '1');
INSERT INTO `creature_loot_template` VALUES ('59203', '55629', '0.05', '1', '0', '1', '1');
INSERT INTO `creature_loot_template` VALUES ('59203', '55558', '0.05', '1', '0', '1', '1');
INSERT INTO `creature_loot_template` VALUES ('59203', '55700', '0.05', '1', '0', '1', '1');
INSERT INTO `creature_loot_template` VALUES ('59203', '55567', '0.05', '1', '0', '1', '1');
INSERT INTO `creature_loot_template` VALUES ('59203', '55495', '0.05', '1', '0', '1', '1');
INSERT INTO `creature_loot_template` VALUES ('59203', '62117', '0.05', '1', '0', '1', '1');
INSERT INTO `creature_loot_template` VALUES ('59203', '55610', '0.05', '1', '0', '1', '1');
INSERT INTO `creature_loot_template` VALUES ('59203', '55719', '0.05', '1', '0', '1', '1');
INSERT INTO `creature_loot_template` VALUES ('59203', '62127', '0.05', '1', '0', '1', '1');
INSERT INTO `creature_loot_template` VALUES ('59203', '6528', '0.05', '1', '0', '1', '1');
INSERT INTO `creature_loot_template` VALUES ('59203', '55313', '0.05', '1', '0', '1', '1');
INSERT INTO `creature_loot_template` VALUES ('59203', '55511', '0.05', '1', '0', '1', '1');
INSERT INTO `creature_loot_template` VALUES ('59203', '55520', '0.05', '1', '0', '1', '1');
INSERT INTO `creature_loot_template` VALUES ('59203', '62131', '0.05', '1', '0', '1', '1');
INSERT INTO `creature_loot_template` VALUES ('59203', '55592', '0.05', '1', '0', '1', '1');
INSERT INTO `creature_loot_template` VALUES ('59203', '55530', '0.05', '1', '0', '1', '1');
INSERT INTO `creature_loot_template` VALUES ('59203', '55693', '0.05', '1', '0', '1', '1');
INSERT INTO `creature_loot_template` VALUES ('59203', '62107', '0.05', '1', '0', '1', '1');
INSERT INTO `creature_loot_template` VALUES ('59203', '62130', '0.05', '1', '0', '1', '1');
INSERT INTO `creature_loot_template` VALUES ('59203', '55727', '0.05', '1', '0', '1', '1');
INSERT INTO `creature_loot_template` VALUES ('59203', '62116', '0.05', '1', '0', '1', '1');
INSERT INTO `creature_loot_template` VALUES ('59203', '55529', '0.05', '1', '0', '1', '1');
INSERT INTO `creature_loot_template` VALUES ('59203', '55557', '0.05', '1', '0', '1', '1');
INSERT INTO `creature_loot_template` VALUES ('59203', '62120', '0.05', '1', '0', '1', '1');
INSERT INTO `creature_loot_template` VALUES ('59203', '55701', '0.05', '1', '0', '1', '1');
INSERT INTO `creature_loot_template` VALUES ('59203', '55684', '0.05', '1', '0', '1', '1');
INSERT INTO `creature_loot_template` VALUES ('59203', '856', '0.05', '1', '0', '1', '1');
INSERT INTO `creature_loot_template` VALUES ('59203', '55547', '0.05', '1', '0', '1', '1');
INSERT INTO `creature_loot_template` VALUES ('59203', '55664', '0.05', '1', '0', '1', '1');
INSERT INTO `creature_loot_template` VALUES ('59203', '55539', '0.05', '1', '0', '1', '1');
INSERT INTO `creature_loot_template` VALUES ('59203', '55584', '0.05', '1', '0', '1', '1');
INSERT INTO `creature_loot_template` VALUES ('59203', '62114', '0.05', '1', '0', '1', '1');
INSERT INTO `creature_loot_template` VALUES ('59203', '55593', '0.05', '1', '0', '1', '1');
INSERT INTO `creature_loot_template` VALUES ('59203', '55369', '0.05', '1', '0', '1', '1');
INSERT INTO `creature_loot_template` VALUES ('59203', '55565', '0.05', '1', '0', '1', '1');
INSERT INTO `creature_loot_template` VALUES ('59203', '55368', '0.05', '1', '0', '1', '1');
INSERT INTO `creature_loot_template` VALUES ('59203', '55602', '0.05', '1', '0', '1', '1');
INSERT INTO `creature_loot_template` VALUES ('59203', '62135', '0.05', '1', '0', '1', '1');
INSERT INTO `creature_loot_template` VALUES ('59203', '55665', '0.04', '1', '0', '1', '1');
INSERT INTO `creature_loot_template` VALUES ('59203', '55683', '0.04', '1', '0', '1', '1');
INSERT INTO `creature_loot_template` VALUES ('59203', '62102', '0.04', '1', '0', '1', '1');
INSERT INTO `creature_loot_template` VALUES ('59203', '62106', '0.04', '1', '0', '1', '1');
INSERT INTO `creature_loot_template` VALUES ('59203', '55493', '0.04', '1', '0', '1', '1');
INSERT INTO `creature_loot_template` VALUES ('59203', '55682', '0.04', '1', '0', '1', '1');
INSERT INTO `creature_loot_template` VALUES ('59203', '2657', '0.04', '1', '0', '1', '1');
INSERT INTO `creature_loot_template` VALUES ('59203', '62113', '0.04', '1', '0', '1', '1');
INSERT INTO `creature_loot_template` VALUES ('59203', '62132', '0.04', '1', '0', '1', '1');
INSERT INTO `creature_loot_template` VALUES ('59203', '55504', '0.04', '1', '0', '1', '1');
INSERT INTO `creature_loot_template` VALUES ('59203', '55648', '0.04', '1', '0', '1', '1');
INSERT INTO `creature_loot_template` VALUES ('59203', '55556', '0.04', '1', '0', '1', '1');
INSERT INTO `creature_loot_template` VALUES ('59203', '55512', '0.04', '1', '0', '1', '1');
INSERT INTO `creature_loot_template` VALUES ('59203', '55531', '0.04', '1', '0', '1', '1');
INSERT INTO `creature_loot_template` VALUES ('59203', '55594', '0.04', '1', '0', '1', '1');
INSERT INTO `creature_loot_template` VALUES ('59203', '62136', '0.04', '1', '0', '1', '1');
INSERT INTO `creature_loot_template` VALUES ('59203', '6342', '0.04', '1', '0', '1', '1');
INSERT INTO `creature_loot_template` VALUES ('59203', '55619', '0.04', '1', '0', '1', '1');
INSERT INTO `creature_loot_template` VALUES ('59203', '55638', '0.04', '1', '0', '1', '1');
INSERT INTO `creature_loot_template` VALUES ('59203', '55378', '0.04', '1', '0', '1', '1');
INSERT INTO `creature_loot_template` VALUES ('59203', '62118', '0.04', '1', '0', '1', '1');
INSERT INTO `creature_loot_template` VALUES ('59203', '62133', '0.04', '1', '0', '1', '1');
INSERT INTO `creature_loot_template` VALUES ('59203', '55566', '0.04', '1', '0', '1', '1');
INSERT INTO `creature_loot_template` VALUES ('59203', '2408', '0.04', '1', '0', '1', '1');
INSERT INTO `creature_loot_template` VALUES ('59203', '55666', '0.04', '1', '0', '1', '1');
INSERT INTO `creature_loot_template` VALUES ('59203', '62109', '0.04', '1', '0', '1', '1');
INSERT INTO `creature_loot_template` VALUES ('59203', '62129', '0.04', '1', '0', '1', '1');
INSERT INTO `creature_loot_template` VALUES ('59203', '55702', '0.04', '1', '0', '1', '1');
INSERT INTO `creature_loot_template` VALUES ('59203', '5573', '0.04', '1', '0', '1', '1');
INSERT INTO `creature_loot_template` VALUES ('59203', '55637', '0.04', '1', '0', '1', '1');
INSERT INTO `creature_loot_template` VALUES ('59203', '55639', '0.04', '1', '0', '1', '1');
INSERT INTO `creature_loot_template` VALUES ('59203', '4408', '0.04', '1', '0', '1', '1');
INSERT INTO `creature_loot_template` VALUES ('59203', '55575', '0.04', '1', '0', '1', '1');
INSERT INTO `creature_loot_template` VALUES ('59203', '55457', '0.04', '1', '0', '1', '1');
INSERT INTO `creature_loot_template` VALUES ('59203', '55502', '0.04', '1', '0', '1', '1');
INSERT INTO `creature_loot_template` VALUES ('59203', '55538', '0.04', '1', '0', '1', '1');
INSERT INTO `creature_loot_template` VALUES ('59203', '55287', '0.04', '1', '0', '1', '1');
INSERT INTO `creature_loot_template` VALUES ('59203', '55540', '0.04', '1', '0', '1', '1');
INSERT INTO `creature_loot_template` VALUES ('59203', '55467', '0.04', '1', '0', '1', '1');
INSERT INTO `creature_loot_template` VALUES ('59203', '55503', '0.04', '1', '0', '1', '1');
INSERT INTO `creature_loot_template` VALUES ('59203', '5574', '0.04', '1', '0', '1', '1');
INSERT INTO `creature_loot_template` VALUES ('59203', '6271', '0.04', '1', '0', '1', '1');
INSERT INTO `creature_loot_template` VALUES ('59203', '55655', '0.04', '1', '0', '1', '1');
INSERT INTO `creature_loot_template` VALUES ('59203', '3610', '0.04', '1', '0', '1', '1');
INSERT INTO `creature_loot_template` VALUES ('59203', '55387', '0.04', '1', '0', '1', '1');
INSERT INTO `creature_loot_template` VALUES ('59203', '55603', '0.04', '1', '0', '1', '1');
INSERT INTO `creature_loot_template` VALUES ('59203', '2407', '0.04', '1', '0', '1', '1');
INSERT INTO `creature_loot_template` VALUES ('59203', '55314', '0.04', '1', '0', '1', '1');
INSERT INTO `creature_loot_template` VALUES ('59203', '55647', '0.04', '1', '0', '1', '1');
INSERT INTO `creature_loot_template` VALUES ('59203', '2553', '0.04', '1', '0', '1', '1');
INSERT INTO `creature_loot_template` VALUES ('59203', '55585', '0.03', '1', '0', '1', '1');
INSERT INTO `creature_loot_template` VALUES ('59203', '2406', '0.03', '1', '0', '1', '1');
INSERT INTO `creature_loot_template` VALUES ('59203', '55656', '0.03', '1', '0', '1', '1');
INSERT INTO `creature_loot_template` VALUES ('59203', '55692', '0.03', '1', '0', '1', '1');
INSERT INTO `creature_loot_template` VALUES ('59203', '55657', '0.03', '1', '0', '1', '1');
INSERT INTO `creature_loot_template` VALUES ('59203', '62134', '0.03', '1', '0', '1', '1');
INSERT INTO `creature_loot_template` VALUES ('59203', '55522', '0.03', '1', '0', '1', '1');
INSERT INTO `creature_loot_template` VALUES ('59203', '2555', '0.03', '1', '0', '1', '1');
INSERT INTO `creature_loot_template` VALUES ('59203', '55430', '0.03', '1', '0', '1', '1');
INSERT INTO `creature_loot_template` VALUES ('59203', '55432', '0.03', '1', '0', '1', '1');
INSERT INTO `creature_loot_template` VALUES ('59203', '55315', '0.03', '1', '0', '1', '1');
INSERT INTO `creature_loot_template` VALUES ('59203', '55646', '0.03', '1', '0', '1', '1');
INSERT INTO `creature_loot_template` VALUES ('59203', '55675', '0.03', '1', '0', '1', '1');
INSERT INTO `creature_loot_template` VALUES ('59203', '7288', '0.03', '1', '0', '1', '1');
INSERT INTO `creature_loot_template` VALUES ('59203', '55295', '0.03', '1', '0', '1', '1');
INSERT INTO `creature_loot_template` VALUES ('59203', '55386', '0.03', '1', '0', '1', '1');
INSERT INTO `creature_loot_template` VALUES ('59203', '55431', '0.03', '1', '0', '1', '1');
INSERT INTO `creature_loot_template` VALUES ('59203', '55376', '0.03', '1', '0', '1', '1');
INSERT INTO `creature_loot_template` VALUES ('59203', '55377', '0.03', '1', '0', '1', '1');
INSERT INTO `creature_loot_template` VALUES ('59203', '55349', '0.03', '1', '0', '1', '1');
INSERT INTO `creature_loot_template` VALUES ('59203', '55395', '0.02', '1', '0', '1', '1');
INSERT INTO `creature_loot_template` VALUES ('59203', '55385', '0.02', '1', '0', '1', '1');
INSERT INTO `creature_loot_template` VALUES ('59203', '55413', '0.02', '1', '0', '1', '1');
INSERT INTO `creature_loot_template` VALUES ('59203', '55458', '0.02', '1', '0', '1', '1');
INSERT INTO `creature_loot_template` VALUES ('59203', '55414', '0.02', '1', '0', '1', '1');
INSERT INTO `creature_loot_template` VALUES ('59203', '55288', '0.02', '1', '0', '1', '1');
INSERT INTO `creature_loot_template` VALUES ('59203', '55333', '0.02', '1', '0', '1', '1');
INSERT INTO `creature_loot_template` VALUES ('59203', '55351', '0.02', '1', '0', '1', '1');
INSERT INTO `creature_loot_template` VALUES ('59203', '55331', '0.02', '1', '0', '1', '1');
INSERT INTO `creature_loot_template` VALUES ('59203', '55342', '0.02', '1', '0', '1', '1');
INSERT INTO `creature_loot_template` VALUES ('59203', '55450', '0.02', '1', '0', '1', '1');
INSERT INTO `creature_loot_template` VALUES ('59203', '55459', '0.02', '1', '0', '1', '1');
INSERT INTO `creature_loot_template` VALUES ('59203', '55449', '0.02', '1', '0', '1', '1');
INSERT INTO `creature_loot_template` VALUES ('59203', '55297', '0.02', '1', '0', '1', '1');
INSERT INTO `creature_loot_template` VALUES ('59203', '55332', '0.02', '1', '0', '1', '1');
INSERT INTO `creature_loot_template` VALUES ('59203', '55350', '0.02', '1', '0', '1', '1');
INSERT INTO `creature_loot_template` VALUES ('59203', '55296', '0.02', '1', '0', '1', '1');
INSERT INTO `creature_loot_template` VALUES ('59203', '55448', '0.02', '1', '0', '1', '1');
INSERT INTO `creature_loot_template` VALUES ('59203', '55468', '0.02', '1', '0', '1', '1');
INSERT INTO `creature_loot_template` VALUES ('59203', '55304', '0.02', '1', '0', '1', '1');
INSERT INTO `creature_loot_template` VALUES ('59203', '55341', '0.02', '1', '0', '1', '1');
INSERT INTO `creature_loot_template` VALUES ('59203', '52388', '0.01', '1', '0', '1', '1');
INSERT INTO `creature_loot_template` VALUES ('59203', '55286', '0.01', '1', '0', '1', '1');
INSERT INTO `creature_loot_template` VALUES ('59203', '55394', '0.01', '1', '0', '1', '1');
INSERT INTO `creature_loot_template` VALUES ('59203', '55412', '0.01', '1', '0', '1', '1');
INSERT INTO `creature_loot_template` VALUES ('59203', '55340', '0.01', '1', '0', '1', '1');
INSERT INTO `creature_loot_template` VALUES ('59203', '2881', '0.01', '1', '0', '1', '1');
INSERT INTO `creature_loot_template` VALUES ('59203', '4345', '0.01', '1', '0', '1', '1');
INSERT INTO `creature_loot_template` VALUES ('59203', '4346', '0.01', '1', '0', '1', '1');
INSERT INTO `creature_loot_template` VALUES ('59203', '6716', '0.01', '1', '0', '1', '1');
INSERT INTO `creature_loot_template` VALUES ('59203', '55466', '0.01', '1', '0', '1', '1');
INSERT INTO `creature_loot_template` VALUES ('59203', '55396', '0.01', '1', '0', '1', '1');
INSERT INTO `creature_loot_template` VALUES ('59203', '66974', '0.01', '1', '0', '1', '1');
INSERT INTO `creature_loot_template` VALUES ('59203', '6344', '0.01', '1', '0', '1', '1');
INSERT INTO `creature_loot_template` VALUES ('59203', '67124', '0.01', '1', '0', '1', '1');
INSERT INTO `creature_loot_template` VALUES ('59203', '4292', '0.01', '1', '0', '1', '1');
INSERT INTO `creature_loot_template` VALUES ('59203', '4409', '0.01', '1', '0', '1', '1');
INSERT INTO `creature_loot_template` VALUES ('59203', '67539', '0.01', '1', '0', '1', '1');
INSERT INTO `creature_loot_template` VALUES ('59203', '67069', '0.01', '1', '0', '1', '1');
INSERT INTO `creature_loot_template` VALUES ('59203', '2409', '0.01', '1', '0', '1', '1');
INSERT INTO `creature_loot_template` VALUES ('59203', '55359', '0.01', '1', '0', '1', '1');
INSERT INTO `creature_loot_template` VALUES ('59203', '6348', '0.01', '1', '0', '1', '1');
INSERT INTO `creature_loot_template` VALUES ('59203', '52373', '0.01', '1', '0', '1', '1');
INSERT INTO `creature_loot_template` VALUES ('59203', '66969', '0.01', '1', '0', '1', '1');
INSERT INTO `creature_loot_template` VALUES ('59203', '66932', '0.01', '1', '0', '1', '1');
INSERT INTO `creature_loot_template` VALUES ('59203', '6347', '0.01', '1', '0', '1', '1');
INSERT INTO `creature_loot_template` VALUES ('59203', '66993', '0.1', '1', '0', '1', '1');
INSERT INTO `creature_loot_template` VALUES ('59203', '4293', '0.1', '1', '0', '1', '1');
INSERT INTO `creature_loot_template` VALUES ('59203', '52494', '0.1', '1', '0', '1', '1');
INSERT INTO `creature_loot_template` VALUES ('59203', '67122', '0.1', '1', '0', '1', '1');
INSERT INTO `creature_loot_template` VALUES ('59203', '66992', '0.1', '1', '0', '1', '1');
INSERT INTO `creature_loot_template` VALUES ('59203', '67127', '0.1', '1', '0', '1', '1');
INSERT INTO `creature_loot_template` VALUES ('59203', '52377', '0.1', '1', '0', '1', '1');
INSERT INTO `creature_loot_template` VALUES ('59203', '67129', '0.1', '1', '0', '1', '1');
INSERT INTO `creature_loot_template` VALUES ('59203', '66970', '0.1', '1', '0', '1', '1');
INSERT INTO `creature_loot_template` VALUES ('59203', '67119', '0.1', '1', '0', '1', '1');
INSERT INTO `creature_loot_template` VALUES ('59203', '52367', '0.1', '1', '0', '1', '1');
INSERT INTO `creature_loot_template` VALUES ('59203', '55306', '0.1', '1', '0', '1', '1');
INSERT INTO `creature_loot_template` VALUES ('59203', '55324', '0.1', '1', '0', '1', '1');
INSERT INTO `creature_loot_template` VALUES ('59203', '55322', '0.1', '1', '0', '1', '1');
INSERT INTO `creature_loot_template` VALUES ('59203', '2672', '0.1', '1', '0', '1', '1');
INSERT INTO `creature_loot_template` VALUES ('59203', '1468', '0.1', '1', '0', '1', '1');
UPDATE `creature_template` SET lootid='59203' WHERE entry='59203';
DELETE FROM `pickpocketing_loot_template` WHERE entry='59203';
INSERT INTO `pickpocketing_loot_template` VALUES ('59203', '63348', '2.6', '1', '0', '1', '1');
INSERT INTO `pickpocketing_loot_template` VALUES ('59203', '63349', '2.5', '1', '0', '1', '1');
INSERT INTO `pickpocketing_loot_template` VALUES ('59203', '63291', '2.2', '1', '0', '1', '1');
INSERT INTO `pickpocketing_loot_template` VALUES ('59203', '63317', '1.86', '1', '0', '1', '1');
INSERT INTO `pickpocketing_loot_template` VALUES ('59203', '58269', '1.76', '1', '0', '1', '1');
INSERT INTO `pickpocketing_loot_template` VALUES ('59203', '63310', '0.98', '1', '0', '1', '1');
INSERT INTO `pickpocketing_loot_template` VALUES ('59203', '63300', '0.76', '1', '0', '1', '1');
INSERT INTO `pickpocketing_loot_template` VALUES ('59203', '2287', '0.28', '1', '0', '1', '1');
INSERT INTO `pickpocketing_loot_template` VALUES ('59203', '4541', '0.27', '1', '0', '1', '1');
UPDATE `creature_template` SET pickpocketloot='59203' WHERE entry='59203';
INSERT INTO `creature` VALUES (405517, 59203, 36, 1581, 1581, 2, 1, 2350, 0, -35.6976, -791.144, 18.8755, 5.62302, 7200, 0, 0, 1204, 1580, 0, 0, 0, 0);
INSERT INTO `creature` VALUES (405518, 59203, 36, 1581, 1581, 2, 1, 2349, 0, -53.0551, -792.299, 38.6337, 3.46492, 7200, 0, 0, 1204, 1580, 0, 0, 0, 0);
INSERT INTO `creature` VALUES (405519, 59203, 36, 1581, 1581, 2, 1, 2350, 0, -81.6823, -780.378, 17.3339, 1.75935, 7200, 0, 0, 1204, 1580, 0, 0, 0, 0);
INSERT INTO `creature` VALUES (405520, 59203, 36, 1581, 1581, 2, 1, 2350, 0, -32.0191, -847.84, 19.1876, 0.558505, 7200, 0, 0, 1204, 1580, 0, 0, 0, 0);
INSERT INTO `creature` VALUES (405521, 59203, 36, 1581, 1581, 2, 1, 2350, 0, -122.405, -794.535, 16.9422, 1.53589, 7200, 0, 0, 1204, 1580, 0, 0, 0, 0);
INSERT INTO `creature` VALUES (405522, 59203, 36, 1581, 1581, 2, 1, 2349, 0, -89.0278, -854.734, 17.305, 2.49582, 7200, 0, 0, 1204, 1580, 0, 0, 0, 0);
INSERT INTO `creature` VALUES (405523, 59203, 36, 1581, 1581, 2, 1, 2349, 0, -91.2517, -852.661, 17.2657, 5.55015, 7200, 0, 0, 1204, 1580, 0, 0, 0, 0);
-- boss heroic of 43778
DELETE FROM `creature_template` WHERE `entry`=59204 LIMIT 1;
INSERT INTO `creature_template` ( `entry`, `difficulty_entry_1`, `difficulty_entry_2`, `difficulty_entry_3`, `KillCredit1`, `KillCredit2`, `modelid1`, `modelid2`, `modelid3`, `modelid4`, `name`, `subname`, `IconName`, `gossip_menu_id`, `minlevel`, `maxlevel`, `exp`, `faction_A`, `faction_H`, `npcflag`, `speed_walk`, `speed_run`, `scale`, `rank`, `mindmg`, `maxdmg`, `dmgschool`, `attackpower`, `dmg_multiplier`, `baseattacktime`, `rangeattacktime`, `unit_class`, `unit_flags`, `dynamicflags`, `family`, `trainer_type`, `trainer_spell`, `trainer_class`, `trainer_race`, `minrangedmg`, `maxrangedmg`, `rangedattackpower`, `type`, `type_flags`, `lootid`, `pickpocketloot`, `skinloot`, `resistance1`, `resistance2`, `resistance3`, `resistance4`, `resistance5`, `resistance6`, `spell1`, `spell2`, `spell3`, `spell4`, `spell5`, `spell6`, `spell7`, `spell8`, `PetSpellDataId`, `VehicleId`, `mingold`, `maxgold`, `AIName`, `MovementType`, `InhabitType`, `Health_mod`, `Mana_mod`, `Armor_mod`, `RacialLeader`, `questItem1`, `questItem2`, `questItem3`, `questItem4`, `questItem5`, `questItem6`, `movementId`, `RegenHealth`, `equipment_id`, `mechanic_immune_mask`, `flags_extra`, `ScriptName`, `WDBVerified`) VALUES ( 59204, 0, 0, 0, 0, 0, 35606, 0, 0, 0, "Foe Reaper 5000", "", "", 0, 87, 87, 3, 14, 14, 0, 1.14286, 1.0, 1.0, 1, 1724, 1916, 0, 805, 3.7, 2000, 2000, 4, 0, 2048, 0, 0, 0, 0, 0, 1724, 1916, 805, 9, 104, 59204, 0, 59204, 0, 0, 0, 0, 0, 0, 88495, 88521, 88348, 88481, 88490, 88522, 0, 0, 0, 0, 20008, 20008, "", 0, 3, 36.2328, 0.0, 1.0, 0, 0, 0, 0, 0, 0, 0, 0, 1, 0, 0, 0, "", "13623");
DELETE FROM `creature_loot_template` WHERE entry='59204';
INSERT INTO `creature_loot_template` VALUES ('59204', '65167', '19.97', '1', '0', '1', '1');
INSERT INTO `creature_loot_template` VALUES ('59204', '65166', '19.86', '1', '0', '1', '1');
INSERT INTO `creature_loot_template` VALUES ('59204', '65165', '19.57', '1', '0', '1', '1');
DELETE FROM `skinning_loot_template` WHERE entry='59204';
INSERT INTO `skinning_loot_template` VALUES ('59204', '57058', '69.73', '1', '0', '1', '1');
INSERT INTO `skinning_loot_template` VALUES ('59204', '57059', '3.11', '1', '0', '1', '1');
INSERT INTO `skinning_loot_template` VALUES ('59204', '4404', '2.97', '1', '0', '1', '1');
UPDATE `creature_template` SET skinloot='59204' WHERE entry='59204';
UPDATE `creature_template` SET lootid='59204' WHERE entry='59204';
INSERT INTO `creature` VALUES ('405524', '59204', '36', '1581', '1581', '2', '1', '35606', '0', '-209.837', '-568.622', '21.0601', '1.97222', '7200', '10', '0', '10680', '0', '1', '0', '0', '0');
-- heroic npc of 47162
DELETE FROM `creature_template` WHERE `entry`=59205 LIMIT 1;
INSERT INTO `creature_template` ( `entry`, `difficulty_entry_1`, `difficulty_entry_2`, `difficulty_entry_3`, `KillCredit1`, `KillCredit2`, `modelid1`, `modelid2`, `modelid3`, `modelid4`, `name`, `subname`, `IconName`, `gossip_menu_id`, `minlevel`, `maxlevel`, `exp`, `faction_A`, `faction_H`, `npcflag`, `speed_walk`, `speed_run`, `scale`, `rank`, `mindmg`, `maxdmg`, `dmgschool`, `attackpower`, `dmg_multiplier`, `baseattacktime`, `rangeattacktime`, `unit_class`, `unit_flags`, `dynamicflags`, `family`, `trainer_type`, `trainer_spell`, `trainer_class`, `trainer_race`, `minrangedmg`, `maxrangedmg`, `rangedattackpower`, `type`, `type_flags`, `lootid`, `pickpocketloot`, `skinloot`, `resistance1`, `resistance2`, `resistance3`, `resistance4`, `resistance5`, `resistance6`, `spell1`, `spell2`, `spell3`, `spell4`, `spell5`, `spell6`, `spell7`, `spell8`, `PetSpellDataId`, `VehicleId`, `mingold`, `maxgold`, `AIName`, `MovementType`, `InhabitType`, `Health_mod`, `Mana_mod`, `Armor_mod`, `RacialLeader`, `questItem1`, `questItem2`, `questItem3`, `questItem4`, `questItem5`, `questItem6`, `movementId`, `RegenHealth`, `equipment_id`, `mechanic_immune_mask`, `flags_extra`, `ScriptName`, `WDBVerified`) VALUES ( 59205, 0, 0, 0, 0, 0, 37410, 0, 0, 0, "Glubtok", "The Foreman", "", 0, 87, 87, 3, 17, 17, 0, 1.14286, 1.0, 1.0, 1, 933, 1246, 0, 827, 4.3, 2000, 2000, 2, 32832, 2048, 0, 0, 0, 0, 0, 933, 1246, 827, 7, 104, 59205, 0, 0, 0, 0, 0, 0, 0, 0, 88009, 88129, 87859, 87861, 87901, 88169, 88177, 0, 0, 0, 13158, 13158, "", 0, 3, 45.291, 2.0903, 1.0, 0, 0, 0, 0, 0, 0, 0, 0, 1, 0, 0, 0, "", "13623"); 
DELETE FROM `creature_loot_template` WHERE entry='59205';
INSERT INTO `creature_loot_template` VALUES ('59205', '65163', '12.45', '1', '0', '1', '1');
INSERT INTO `creature_loot_template` VALUES ('59205', '63468', '12.25', '1', '0', '1', '1');
INSERT INTO `creature_loot_template` VALUES ('59205', '63470', '12.08', '1', '0', '1', '1');
INSERT INTO `creature_loot_template` VALUES ('59205', '63467', '11.76', '1', '0', '1', '1');
INSERT INTO `creature_loot_template` VALUES ('59205', '63471', '11.66', '1', '0', '1', '1');
UPDATE `creature_template` SET lootid='59205' WHERE entry='59205';
INSERT INTO `creature` VALUES (405525, 59205, 36, 1581, 1581, 2, 1, 37410, 0, -192.328, -450.245, 54.5215, 1.6057, 7200, 0, 0, 11375, 357, 0, 0, 0, 0);

-- entry of heroic 47739
DELETE FROM `creature_template` WHERE `entry`=59206 LIMIT 1;
INSERT INTO `creature_template` VALUES ('59206', '0', '0', '0', '0', '0', '1305', '0', '0', '0', '\"Captain\" Cookie', 'Defias Kingpin?', '', '0', '87', '87', '3', '0', '17', '17', '0', '1.14286', '1', '1.14286', '1', '1', '1', '822', '904', '0', '822', '4.1', '2000', '2000', '1', '0', '2048', '2048', '0', '0', '0', '0', '0', '399', '554', '2', '7', '0', '0', '59206', '0', '0', '0', '0', '0', '0', '0', '0', '89252', '90602', '90556', '90606', '89263', '90603', '90557', '90680', '0', '0', '12490', '12490', '', '0', '3', '0', '45.291', '1', '1', '1', '0', '0', '0', '0', '0', '0', '0', '0', '1', '47739', '0', '0', '', '13623');
INSERT INTO `creature` VALUES ('405526', '59206', '36', '1581', '1581', '2', '1', '1305', '0', '-88.1319', '-819.33', '39.2345', '0', '7200', '0', '0', '10680', '0', '0', '0', '0', '0');
DELETE FROM `creature_loot_template` WHERE entry='59206';
INSERT INTO `creature_loot_template` VALUES ('59206', '65174', '11.31', '1', '0', '1', '1');
INSERT INTO `creature_loot_template` VALUES ('59206', '65173', '11.03', '1', '0', '1', '1');
INSERT INTO `creature_loot_template` VALUES ('59206', '65172', '11.01', '1', '0', '1', '1');
INSERT INTO `creature_loot_template` VALUES ('59206', '65171', '10.95', '1', '0', '1', '1');
INSERT INTO `creature_loot_template` VALUES ('59206', '65177', '10.69', '1', '0', '1', '1');
UPDATE `creature_template` SET lootid='59206' WHERE entry='59206';

-- heroic entry of 47626
DELETE FROM `creature_template` WHERE `entry`=59207 LIMIT 1;
INSERT INTO `creature_template` ( `entry`, `difficulty_entry_1`, `difficulty_entry_2`, `difficulty_entry_3`, `KillCredit1`, `KillCredit2`, `modelid1`, `modelid2`, `modelid3`, `modelid4`, `name`, `subname`, `IconName`, `gossip_menu_id`, `minlevel`, `maxlevel`, `exp`, `faction_A`, `faction_H`, `npcflag`, `speed_walk`, `speed_run`, `scale`, `rank`, `mindmg`, `maxdmg`, `dmgschool`, `attackpower`, `dmg_multiplier`, `baseattacktime`, `rangeattacktime`, `unit_class`, `unit_flags`, `dynamicflags`, `family`, `trainer_type`, `trainer_spell`, `trainer_class`, `trainer_race`, `minrangedmg`, `maxrangedmg`, `rangedattackpower`, `type`, `type_flags`, `lootid`, `pickpocketloot`, `skinloot`, `resistance1`, `resistance2`, `resistance3`, `resistance4`, `resistance5`, `resistance6`, `spell1`, `spell2`, `spell3`, `spell4`, `spell5`, `spell6`, `spell7`, `spell8`, `PetSpellDataId`, `VehicleId`, `mingold`, `maxgold`, `AIName`, `MovementType`, `InhabitType`, `Health_mod`, `Mana_mod`, `Armor_mod`, `RacialLeader`, `questItem1`, `questItem2`, `questItem3`, `questItem4`, `questItem5`, `questItem6`, `movementId`, `RegenHealth`, `equipment_id`, `mechanic_immune_mask`, `flags_extra`, `ScriptName`, `WDBVerified`) VALUES ( 59207, 0, 0, 0, 0, 0, 35739, 0, 0, 0, "Admiral Ripsnarl", "", "", 0, 87, 87, 3, 14, 14, 0, 1.14286, 1.0, 1.0, 1, 916, 1008, 0, 847, 4.2, 2000, 2000, 1, 32832, 2048, 0, 0, 0, 0, 0, 916, 1008, 847, 7, 104, 59207, 0, 0, 0, 0, 0, 0, 0, 0, 88836, 88839, 88736, 88737, 0, 0, 0, 0, 0, 0, 13029, 13029, "", 0, 3, 45.291, 0.0, 1.0, 0, 0, 0, 0, 0, 0, 0, 0, 1, 0, 0, 0, "", "13623");
DELETE FROM `creature_loot_template` WHERE entry='59207';
INSERT INTO `creature_loot_template` VALUES ('59207', '65170', '19.99', '1', '0', '1', '1');
INSERT INTO `creature_loot_template` VALUES ('59207', '65168', '19.16', '1', '0', '1', '1');
INSERT INTO `creature_loot_template` VALUES ('59207', '65169', '19.09', '1', '0', '1', '1');
INSERT INTO `creature_loot_template` VALUES ('59207', '21524', '9.25', '1', '0', '1', '1');
INSERT INTO `creature_loot_template` VALUES ('59207', '44731', '1.42', '1', '0', '1', '1');
INSERT INTO `creature_loot_template` VALUES ('59207', '22206', '1.31', '1', '0', '1', '1');
INSERT INTO `creature` VALUES ('405527', '59207', '36', '1581', '1581', '2', '1', '35739', '0', '-66.7813', '-837.863', '41.063', '4.60767', '7200', '10', '0', '8900', '0', '1', '0', '0', '0');

-- heroic npc of 47296
DELETE FROM `creature_template` WHERE `entry`=59208 LIMIT 1;
INSERT INTO `creature_template` ( `entry`, `difficulty_entry_1`, `difficulty_entry_2`, `difficulty_entry_3`, `KillCredit1`, `KillCredit2`, `modelid1`, `modelid2`, `modelid3`, `modelid4`, `name`, `subname`, `IconName`, `gossip_menu_id`, `minlevel`, `maxlevel`, `exp`, `faction_A`, `faction_H`, `npcflag`, `speed_walk`, `speed_run`, `scale`, `rank`, `mindmg`, `maxdmg`, `dmgschool`, `attackpower`, `dmg_multiplier`, `baseattacktime`, `rangeattacktime`, `unit_class`, `unit_flags`, `dynamicflags`, `family`, `trainer_type`, `trainer_spell`, `trainer_class`, `trainer_race`, `minrangedmg`, `maxrangedmg`, `rangedattackpower`, `type`, `type_flags`, `lootid`, `pickpocketloot`, `skinloot`, `resistance1`, `resistance2`, `resistance3`, `resistance4`, `resistance5`, `resistance6`, `spell1`, `spell2`, `spell3`, `spell4`, `spell5`, `spell6`, `spell7`, `spell8`, `PetSpellDataId`, `VehicleId`, `mingold`, `maxgold`, `AIName`, `MovementType`, `InhabitType`, `Health_mod`, `Mana_mod`, `Armor_mod`, `RacialLeader`, `questItem1`, `questItem2`, `questItem3`, `questItem4`, `questItem5`, `questItem6`, `movementId`, `RegenHealth`, `equipment_id`, `mechanic_immune_mask`, `flags_extra`, `ScriptName`, `WDBVerified`) VALUES ( 59208, 0, 0, 0, 0, 0, 33002, 0, 0, 0, "Helix Gearbreaker", "", "", 0, 87, 87, 3, 17, 17, 0, 1.14286, 1.0, 1.0, 1, 964, 1002, 0, 1080, 4.2, 2000, 2000, 1, 0, 2048, 0, 0, 0, 0, 0, 964, 1002, 1080, 7, 104, 59208, 0, 0, 0, 0, 0, 0, 0, 0, 88352, 0, 0, 0, 0, 0, 0, 0, 0, 0, 13404, 13404, "", 0, 3, 9.0582, 0.0, 1.0, 0, 0, 0, 0, 0, 0, 0, 0, 1, 0, 0, 0, "", "13623");
DELETE FROM `creature_loot_template` WHERE entry='59208';
INSERT INTO `creature_loot_template` VALUES ('59208', '63474', '12.84', '1', '0', '1', '1');
INSERT INTO `creature_loot_template` VALUES ('59208', '65164', '12.7', '1', '0', '1', '1');
INSERT INTO `creature_loot_template` VALUES ('59208', '63476', '12.66', '1', '0', '1', '1');
INSERT INTO `creature_loot_template` VALUES ('59208', '63475', '12.46', '1', '0', '1', '1');
INSERT INTO `creature_loot_template` VALUES ('59208', '63473', '12.28', '1', '0', '1', '1');
INSERT INTO `creature` VALUES ('405528', '59208', '36', '1581', '1581', '2', '1', '33002', '0', '-303.025', '-516.463', '55.8199', '0.174533', '7200', '0', '0', '3560', '0', '0', '0', '0', '0');

DELETE FROM `creature_template` WHERE `entry`=48229 LIMIT 1;
INSERT INTO `creature_template` ( `entry`, `difficulty_entry_1`, `difficulty_entry_2`, `difficulty_entry_3`, `KillCredit1`, `KillCredit2`, `modelid1`, `modelid2`, `modelid3`, `modelid4`, `name`, `subname`, `IconName`, `gossip_menu_id`, `minlevel`, `maxlevel`, `exp`, `faction_A`, `faction_H`, `npcflag`, `speed_walk`, `speed_run`, `scale`, `rank`, `mindmg`, `maxdmg`, `dmgschool`, `attackpower`, `dmg_multiplier`, `baseattacktime`, `rangeattacktime`, `unit_class`, `unit_flags`, `dynamicflags`, `family`, `trainer_type`, `trainer_spell`, `trainer_class`, `trainer_race`, `minrangedmg`, `maxrangedmg`, `rangedattackpower`, `type`, `type_flags`, `lootid`, `pickpocketloot`, `skinloot`, `resistance1`, `resistance2`, `resistance3`, `resistance4`, `resistance5`, `resistance6`, `spell1`, `spell2`, `spell3`, `spell4`, `spell5`, `spell6`, `spell7`, `spell8`, `PetSpellDataId`, `VehicleId`, `mingold`, `maxgold`, `AIName`, `MovementType`, `InhabitType`, `Health_mod`, `Mana_mod`, `Armor_mod`, `RacialLeader`, `questItem1`, `questItem2`, `questItem3`, `questItem4`, `questItem5`, `questItem6`, `movementId`, `RegenHealth`, `equipment_id`, `mechanic_immune_mask`, `flags_extra`, `ScriptName`, `WDBVerified`) VALUES ( 48229, 0, 0, 0, 0, 0, 373, 0, 0, 0, "Kobold Digger", "", "", 0, 85, 85, 3, 17, 17, 0, 1.14286, 1.0, 1.25, 0, 403, 577, 0, 50, 3.3, 1600, 2000, 1, 64, 2048, 0, 0, 0, 0, 0, 403, 577, 50, 7, 0, 48229, 48229, 0, 0, 0, 0, 0, 0, 0, 89663, 0, 0, 0, 0, 0, 0, 0, 0, 0, 7684, 7684, "", 0, 3, 1.6915, 0.0, 1.0, 0, 0, 0, 0, 0, 0, 0, 0, 1, 48229, 0, 0, "", "13623");
DELETE FROM `creature_loot_template` WHERE entry='48229';
INSERT INTO `creature_loot_template` VALUES ('48229', '53010', '21.41', '1', '0', '1', '6');
INSERT INTO `creature_loot_template` VALUES ('48229', '2592', '11.1', '1', '0', '1', '4');
INSERT INTO `creature_loot_template` VALUES ('48229', '2589', '8.19', '1', '0', '1', '5');
INSERT INTO `creature_loot_template` VALUES ('48229', '68198', '7.48', '1', '0', '1', '2');
INSERT INTO `creature_loot_template` VALUES ('48229', '58268', '3.92', '1', '0', '1', '1');
INSERT INTO `creature_loot_template` VALUES ('48229', '414', '2.92', '1', '0', '1', '1');
INSERT INTO `creature_loot_template` VALUES ('48229', '68197', '2.62', '1', '0', '1', '2');
INSERT INTO `creature_loot_template` VALUES ('48229', '58256', '1.99', '1', '0', '1', '1');
INSERT INTO `creature_loot_template` VALUES ('48229', '818', '1.45', '1', '0', '1', '1');
INSERT INTO `creature_loot_template` VALUES ('48229', '1179', '1.44', '1', '0', '1', '1');
INSERT INTO `creature_loot_template` VALUES ('48229', '7997', '1.09', '1', '0', '1', '1');
INSERT INTO `creature_loot_template` VALUES ('48229', '858', '0.87', '1', '0', '1', '1');
INSERT INTO `creature_loot_template` VALUES ('48229', '1210', '0.48', '1', '0', '1', '1');
INSERT INTO `creature_loot_template` VALUES ('48229', '4569', '0.47', '1', '0', '1', '1');
INSERT INTO `creature_loot_template` VALUES ('48229', '774', '0.45', '1', '0', '1', '1');
INSERT INTO `creature_loot_template` VALUES ('48229', '68729', '0.45', '1', '0', '1', '1');
INSERT INTO `creature_loot_template` VALUES ('48229', '5071', '0.43', '1', '0', '1', '1');
INSERT INTO `creature_loot_template` VALUES ('48229', '2455', '0.43', '1', '0', '1', '1');
INSERT INTO `creature_loot_template` VALUES ('48229', '2632', '0.42', '1', '0', '1', '1');
INSERT INTO `creature_loot_template` VALUES ('48229', '9747', '0.35', '1', '0', '1', '1');
INSERT INTO `creature_loot_template` VALUES ('48229', '1510', '0.33', '1', '0', '1', '1');
INSERT INTO `creature_loot_template` VALUES ('48229', '2763', '0.33', '1', '0', '1', '1');
INSERT INTO `creature_loot_template` VALUES ('48229', '1511', '0.33', '1', '0', '1', '1');
INSERT INTO `creature_loot_template` VALUES ('48229', '1515', '0.32', '1', '0', '1', '1');
INSERT INTO `creature_loot_template` VALUES ('48229', '1516', '0.31', '1', '0', '1', '1');
INSERT INTO `creature_loot_template` VALUES ('48229', '9756', '0.31', '1', '0', '1', '1');
INSERT INTO `creature_loot_template` VALUES ('48229', '1514', '0.31', '1', '0', '1', '1');
INSERT INTO `creature_loot_template` VALUES ('48229', '2778', '0.29', '1', '0', '1', '1');
INSERT INTO `creature_loot_template` VALUES ('48229', '1512', '0.28', '1', '0', '1', '1');
INSERT INTO `creature_loot_template` VALUES ('48229', '1513', '0.28', '1', '0', '1', '1');
INSERT INTO `creature_loot_template` VALUES ('48229', '2777', '0.26', '1', '0', '1', '1');
INSERT INTO `creature_loot_template` VALUES ('48229', '62066', '0.26', '1', '0', '1', '1');
INSERT INTO `creature_loot_template` VALUES ('48229', '1501', '0.25', '1', '0', '1', '1');
INSERT INTO `creature_loot_template` VALUES ('48229', '1504', '0.25', '1', '0', '1', '1');
INSERT INTO `creature_loot_template` VALUES ('48229', '1499', '0.25', '1', '0', '1', '1');
INSERT INTO `creature_loot_template` VALUES ('48229', '4566', '0.25', '1', '0', '1', '1');
INSERT INTO `creature_loot_template` VALUES ('48229', '9763', '0.25', '1', '0', '1', '1');
INSERT INTO `creature_loot_template` VALUES ('48229', '1506', '0.24', '1', '0', '1', '1');
INSERT INTO `creature_loot_template` VALUES ('48229', '62068', '0.24', '1', '0', '1', '1');
INSERT INTO `creature_loot_template` VALUES ('48229', '1503', '0.24', '1', '0', '1', '1');
INSERT INTO `creature_loot_template` VALUES ('48229', '2972', '0.24', '1', '0', '1', '1');
INSERT INTO `creature_loot_template` VALUES ('48229', '62065', '0.24', '1', '0', '1', '1');
INSERT INTO `creature_loot_template` VALUES ('48229', '1497', '0.23', '1', '0', '1', '1');
INSERT INTO `creature_loot_template` VALUES ('48229', '3643', '0.23', '1', '0', '1', '1');
INSERT INTO `creature_loot_template` VALUES ('48229', '62069', '0.23', '1', '0', '1', '1');
INSERT INTO `creature_loot_template` VALUES ('48229', '1509', '0.23', '1', '0', '1', '1');
INSERT INTO `creature_loot_template` VALUES ('48229', '4564', '0.23', '1', '0', '1', '1');
INSERT INTO `creature_loot_template` VALUES ('48229', '6555', '0.23', '1', '0', '1', '1');
INSERT INTO `creature_loot_template` VALUES ('48229', '1507', '0.23', '1', '0', '1', '1');
INSERT INTO `creature_loot_template` VALUES ('48229', '2975', '0.22', '1', '0', '1', '1');
INSERT INTO `creature_loot_template` VALUES ('48229', '1734', '0.22', '1', '0', '1', '1');
INSERT INTO `creature_loot_template` VALUES ('48229', '1498', '0.22', '1', '0', '1', '1');
INSERT INTO `creature_loot_template` VALUES ('48229', '1495', '0.22', '1', '0', '1', '1');
INSERT INTO `creature_loot_template` VALUES ('48229', '62067', '0.22', '1', '0', '1', '1');
INSERT INTO `creature_loot_template` VALUES ('48229', '3374', '0.22', '1', '0', '1', '1');
INSERT INTO `creature_loot_template` VALUES ('48229', '62064', '0.22', '1', '0', '1', '1');
INSERT INTO `creature_loot_template` VALUES ('48229', '2971', '0.21', '1', '0', '1', '1');
INSERT INTO `creature_loot_template` VALUES ('48229', '3375', '0.21', '1', '0', '1', '1');
INSERT INTO `creature_loot_template` VALUES ('48229', '4577', '0.21', '1', '0', '1', '1');
INSERT INTO `creature_loot_template` VALUES ('48229', '1502', '0.21', '1', '0', '1', '1');
INSERT INTO `creature_loot_template` VALUES ('48229', '62063', '0.21', '1', '0', '1', '1');
INSERT INTO `creature_loot_template` VALUES ('48229', '62071', '0.21', '1', '0', '1', '1');
INSERT INTO `creature_loot_template` VALUES ('48229', '1732', '0.2', '1', '0', '1', '1');
INSERT INTO `creature_loot_template` VALUES ('48229', '1735', '0.2', '1', '0', '1', '1');
INSERT INTO `creature_loot_template` VALUES ('48229', '1731', '0.2', '1', '0', '1', '1');
INSERT INTO `creature_loot_template` VALUES ('48229', '62070', '0.19', '1', '0', '1', '1');
INSERT INTO `creature_loot_template` VALUES ('48229', '55423', '0.19', '1', '0', '1', '1');
INSERT INTO `creature_loot_template` VALUES ('48229', '62072', '0.19', '1', '0', '1', '1');
INSERT INTO `creature_loot_template` VALUES ('48229', '3207', '0.19', '1', '0', '1', '1');
INSERT INTO `creature_loot_template` VALUES ('48229', '2215', '0.19', '1', '0', '1', '1');
INSERT INTO `creature_loot_template` VALUES ('48229', '6549', '0.19', '1', '0', '1', '1');
INSERT INTO `creature_loot_template` VALUES ('48229', '55422', '0.18', '1', '0', '1', '1');
INSERT INTO `creature_loot_template` VALUES ('48229', '2979', '0.18', '1', '0', '1', '1');
INSERT INTO `creature_loot_template` VALUES ('48229', '2214', '0.18', '1', '0', '1', '1');
INSERT INTO `creature_loot_template` VALUES ('48229', '55421', '0.18', '1', '0', '1', '1');
INSERT INTO `creature_loot_template` VALUES ('48229', '3036', '0.17', '1', '0', '1', '1');
INSERT INTO `creature_loot_template` VALUES ('48229', '4570', '0.17', '1', '0', '1', '1');
INSERT INTO `creature_loot_template` VALUES ('48229', '4678', '0.17', '1', '0', '1', '1');
INSERT INTO `creature_loot_template` VALUES ('48229', '3652', '0.17', '1', '0', '1', '1');
INSERT INTO `creature_loot_template` VALUES ('48229', '6268', '0.17', '1', '0', '1', '1');
INSERT INTO `creature_loot_template` VALUES ('48229', '1737', '0.16', '1', '0', '1', '1');
INSERT INTO `creature_loot_template` VALUES ('48229', '1730', '0.16', '1', '0', '1', '1');
INSERT INTO `creature_loot_template` VALUES ('48229', '6539', '0.16', '1', '0', '1', '1');
INSERT INTO `creature_loot_template` VALUES ('48229', '2073', '0.16', '1', '0', '1', '1');
INSERT INTO `creature_loot_template` VALUES ('48229', '3651', '0.15', '1', '0', '1', '1');
INSERT INTO `creature_loot_template` VALUES ('48229', '6336', '0.15', '1', '0', '1', '1');
INSERT INTO `creature_loot_template` VALUES ('48229', '6542', '0.15', '1', '0', '1', '1');
INSERT INTO `creature_loot_template` VALUES ('48229', '9764', '0.14', '1', '0', '1', '1');
INSERT INTO `creature_loot_template` VALUES ('48229', '15933', '0.14', '1', '0', '1', '1');
INSERT INTO `creature_loot_template` VALUES ('48229', '6537', '0.13', '1', '0', '1', '1');
INSERT INTO `creature_loot_template` VALUES ('48229', '55441', '0.13', '1', '0', '1', '1');
INSERT INTO `creature_loot_template` VALUES ('48229', '4683', '0.13', '1', '0', '1', '1');
INSERT INTO `creature_loot_template` VALUES ('48229', '6543', '0.13', '1', '0', '1', '1');
INSERT INTO `creature_loot_template` VALUES ('48229', '6558', '0.13', '1', '0', '1', '1');
INSERT INTO `creature_loot_template` VALUES ('48229', '55439', '0.13', '1', '0', '1', '1');
INSERT INTO `creature_loot_template` VALUES ('48229', '4684', '0.13', '1', '0', '1', '1');
INSERT INTO `creature_loot_template` VALUES ('48229', '62096', '0.13', '1', '0', '1', '1');
INSERT INTO `creature_loot_template` VALUES ('48229', '15268', '0.13', '1', '0', '1', '1');
INSERT INTO `creature_loot_template` VALUES ('48229', '55764', '0.13', '1', '0', '1', '1');
INSERT INTO `creature_loot_template` VALUES ('48229', '9746', '0.13', '1', '0', '1', '1');
INSERT INTO `creature_loot_template` VALUES ('48229', '62082', '0.12', '1', '0', '1', '1');
INSERT INTO `creature_loot_template` VALUES ('48229', '55440', '0.12', '1', '0', '1', '1');
INSERT INTO `creature_loot_template` VALUES ('48229', '62074', '0.12', '1', '0', '1', '1');
INSERT INTO `creature_loot_template` VALUES ('48229', '2978', '0.12', '1', '0', '1', '1');
INSERT INTO `creature_loot_template` VALUES ('48229', '6556', '0.12', '1', '0', '1', '1');
INSERT INTO `creature_loot_template` VALUES ('48229', '2974', '0.12', '1', '0', '1', '1');
INSERT INTO `creature_loot_template` VALUES ('48229', '4701', '0.12', '1', '0', '1', '1');
INSERT INTO `creature_loot_template` VALUES ('48229', '9757', '0.12', '1', '0', '1', '1');
INSERT INTO `creature_loot_template` VALUES ('48229', '2970', '0.12', '1', '0', '1', '1');
INSERT INTO `creature_loot_template` VALUES ('48229', '62100', '0.12', '1', '0', '1', '1');
INSERT INTO `creature_loot_template` VALUES ('48229', '15210', '0.12', '1', '0', '1', '1');
INSERT INTO `creature_loot_template` VALUES ('48229', '2976', '0.12', '1', '0', '1', '1');
INSERT INTO `creature_loot_template` VALUES ('48229', '6541', '0.11', '1', '0', '1', '1');
INSERT INTO `creature_loot_template` VALUES ('48229', '55485', '0.11', '1', '0', '1', '1');
INSERT INTO `creature_loot_template` VALUES ('48229', '62091', '0.11', '1', '0', '1', '1');
INSERT INTO `creature_loot_template` VALUES ('48229', '6512', '0.11', '1', '0', '1', '1');
INSERT INTO `creature_loot_template` VALUES ('48229', '6548', '0.11', '1', '0', '1', '1');
INSERT INTO `creature_loot_template` VALUES ('48229', '4567', '0.11', '1', '0', '1', '1');
INSERT INTO `creature_loot_template` VALUES ('48229', '62099', '0.11', '1', '0', '1', '1');
INSERT INTO `creature_loot_template` VALUES ('48229', '6557', '0.11', '1', '0', '1', '1');
INSERT INTO `creature_loot_template` VALUES ('48229', '62085', '0.11', '1', '0', '1', '1');
INSERT INTO `creature_loot_template` VALUES ('48229', '55737', '0.11', '1', '0', '1', '1');
INSERT INTO `creature_loot_template` VALUES ('48229', '4690', '0.11', '1', '0', '1', '1');
INSERT INTO `creature_loot_template` VALUES ('48229', '55486', '0.11', '1', '0', '1', '1');
INSERT INTO `creature_loot_template` VALUES ('48229', '62104', '0.11', '1', '0', '1', '1');
INSERT INTO `creature_loot_template` VALUES ('48229', '62083', '0.11', '1', '0', '1', '1');
INSERT INTO `creature_loot_template` VALUES ('48229', '2980', '0.11', '1', '0', '1', '1');
INSERT INTO `creature_loot_template` VALUES ('48229', '62102', '0.11', '1', '0', '1', '1');
INSERT INTO `creature_loot_template` VALUES ('48229', '62073', '0.11', '1', '0', '1', '1');
INSERT INTO `creature_loot_template` VALUES ('48229', '9765', '0.1', '1', '0', '1', '1');
INSERT INTO `creature_loot_template` VALUES ('48229', '62088', '0.1', '1', '0', '1', '1');
INSERT INTO `creature_loot_template` VALUES ('48229', '62077', '0.1', '1', '0', '1', '1');
INSERT INTO `creature_loot_template` VALUES ('48229', '6550', '0.1', '1', '0', '1', '1');
INSERT INTO `creature_loot_template` VALUES ('48229', '9755', '0.1', '1', '0', '1', '1');
INSERT INTO `creature_loot_template` VALUES ('48229', '62103', '0.1', '1', '0', '1', '1');
INSERT INTO `creature_loot_template` VALUES ('48229', '55404', '0.1', '1', '0', '1', '1');
INSERT INTO `creature_loot_template` VALUES ('48229', '55756', '0.1', '1', '0', '1', '1');
INSERT INTO `creature_loot_template` VALUES ('48229', '62081', '0.1', '1', '0', '1', '1');
INSERT INTO `creature_loot_template` VALUES ('48229', '2977', '0.1', '1', '0', '1', '1');
INSERT INTO `creature_loot_template` VALUES ('48229', '62079', '0.1', '1', '0', '1', '1');
INSERT INTO `creature_loot_template` VALUES ('48229', '62090', '0.1', '1', '0', '1', '1');
INSERT INTO `creature_loot_template` VALUES ('48229', '62092', '0.1', '1', '0', '1', '1');
INSERT INTO `creature_loot_template` VALUES ('48229', '62084', '0.1', '1', '0', '1', '1');
INSERT INTO `creature_loot_template` VALUES ('48229', '55736', '0.1', '1', '0', '1', '1');
INSERT INTO `creature_loot_template` VALUES ('48229', '62101', '0.1', '1', '0', '1', '1');
INSERT INTO `creature_loot_template` VALUES ('48229', '55728', '0.1', '1', '0', '1', '1');
INSERT INTO `creature_loot_template` VALUES ('48229', '62086', '0.1', '1', '0', '1', '1');
INSERT INTO `creature_loot_template` VALUES ('48229', '6266', '0.1', '1', '0', '1', '1');
INSERT INTO `creature_loot_template` VALUES ('48229', '55484', '0.1', '1', '0', '1', '1');
INSERT INTO `creature_loot_template` VALUES ('48229', '9786', '0.1', '1', '0', '1', '1');
INSERT INTO `creature_loot_template` VALUES ('48229', '55755', '0.1', '1', '0', '1', '1');
INSERT INTO `creature_loot_template` VALUES ('48229', '55729', '0.1', '1', '0', '1', '1');
INSERT INTO `creature_loot_template` VALUES ('48229', '62078', '0.1', '1', '0', '1', '1');
INSERT INTO `creature_loot_template` VALUES ('48229', '62080', '0.1', '1', '0', '1', '1');
INSERT INTO `creature_loot_template` VALUES ('48229', '55745', '0.09', '1', '0', '1', '1');
INSERT INTO `creature_loot_template` VALUES ('48229', '3213', '0.09', '1', '0', '1', '1');
INSERT INTO `creature_loot_template` VALUES ('48229', '55738', '0.09', '1', '0', '1', '1');
INSERT INTO `creature_loot_template` VALUES ('48229', '62098', '0.09', '1', '0', '1', '1');
INSERT INTO `creature_loot_template` VALUES ('48229', '55772', '0.09', '1', '0', '1', '1');
INSERT INTO `creature_loot_template` VALUES ('48229', '55747', '0.09', '1', '0', '1', '1');
INSERT INTO `creature_loot_template` VALUES ('48229', '55548', '0.09', '1', '0', '1', '1');
INSERT INTO `creature_loot_template` VALUES ('48229', '55629', '0.09', '1', '0', '1', '1');
INSERT INTO `creature_loot_template` VALUES ('48229', '55709', '0.09', '1', '0', '1', '1');
INSERT INTO `creature_loot_template` VALUES ('48229', '55746', '0.09', '1', '0', '1', '1');
INSERT INTO `creature_loot_template` VALUES ('48229', '62076', '0.09', '1', '0', '1', '1');
INSERT INTO `creature_loot_template` VALUES ('48229', '62089', '0.09', '1', '0', '1', '1');
INSERT INTO `creature_loot_template` VALUES ('48229', '55727', '0.09', '1', '0', '1', '1');
INSERT INTO `creature_loot_template` VALUES ('48229', '55765', '0.09', '1', '0', '1', '1');
INSERT INTO `creature_loot_template` VALUES ('48229', '62097', '0.09', '1', '0', '1', '1');
INSERT INTO `creature_loot_template` VALUES ('48229', '62119', '0.09', '1', '0', '1', '1');
INSERT INTO `creature_loot_template` VALUES ('48229', '55763', '0.09', '1', '0', '1', '1');
INSERT INTO `creature_loot_template` VALUES ('48229', '62132', '0.09', '1', '0', '1', '1');
INSERT INTO `creature_loot_template` VALUES ('48229', '55711', '0.09', '1', '0', '1', '1');
INSERT INTO `creature_loot_template` VALUES ('48229', '4689', '0.09', '1', '0', '1', '1');
INSERT INTO `creature_loot_template` VALUES ('48229', '62112', '0.09', '1', '0', '1', '1');
INSERT INTO `creature_loot_template` VALUES ('48229', '55754', '0.09', '1', '0', '1', '1');
INSERT INTO `creature_loot_template` VALUES ('48229', '62087', '0.09', '1', '0', '1', '1');
INSERT INTO `creature_loot_template` VALUES ('48229', '55773', '0.09', '1', '0', '1', '1');
INSERT INTO `creature_loot_template` VALUES ('48229', '9759', '0.09', '1', '0', '1', '1');
INSERT INTO `creature_loot_template` VALUES ('48229', '55405', '0.09', '1', '0', '1', '1');
INSERT INTO `creature_loot_template` VALUES ('48229', '62075', '0.09', '1', '0', '1', '1');
INSERT INTO `creature_loot_template` VALUES ('48229', '62093', '0.08', '1', '0', '1', '1');
INSERT INTO `creature_loot_template` VALUES ('48229', '55720', '0.08', '1', '0', '1', '1');
INSERT INTO `creature_loot_template` VALUES ('48229', '62107', '0.08', '1', '0', '1', '1');
INSERT INTO `creature_loot_template` VALUES ('48229', '55774', '0.08', '1', '0', '1', '1');
INSERT INTO `creature_loot_template` VALUES ('48229', '62094', '0.08', '1', '0', '1', '1');
INSERT INTO `creature_loot_template` VALUES ('48229', '9762', '0.08', '1', '0', '1', '1');
INSERT INTO `creature_loot_template` VALUES ('48229', '62095', '0.08', '1', '0', '1', '1');
INSERT INTO `creature_loot_template` VALUES ('48229', '62122', '0.08', '1', '0', '1', '1');
INSERT INTO `creature_loot_template` VALUES ('48229', '55665', '0.08', '1', '0', '1', '1');
INSERT INTO `creature_loot_template` VALUES ('48229', '55538', '0.08', '1', '0', '1', '1');
INSERT INTO `creature_loot_template` VALUES ('48229', '5212', '0.08', '1', '0', '1', '1');
INSERT INTO `creature_loot_template` VALUES ('48229', '55368', '0.08', '1', '0', '1', '1');
INSERT INTO `creature_loot_template` VALUES ('48229', '55403', '0.08', '1', '0', '1', '1');
INSERT INTO `creature_loot_template` VALUES ('48229', '4571', '0.08', '1', '0', '1', '1');
INSERT INTO `creature_loot_template` VALUES ('48229', '62125', '0.08', '1', '0', '1', '1');
INSERT INTO `creature_loot_template` VALUES ('48229', '55369', '0.08', '1', '0', '1', '1');
INSERT INTO `creature_loot_template` VALUES ('48229', '62121', '0.08', '1', '0', '1', '1');
INSERT INTO `creature_loot_template` VALUES ('48229', '62108', '0.08', '1', '0', '1', '1');
INSERT INTO `creature_loot_template` VALUES ('48229', '62109', '0.08', '1', '0', '1', '1');
INSERT INTO `creature_loot_template` VALUES ('48229', '62116', '0.08', '1', '0', '1', '1');
INSERT INTO `creature_loot_template` VALUES ('48229', '62128', '0.08', '1', '0', '1', '1');
INSERT INTO `creature_loot_template` VALUES ('48229', '55530', '0.08', '1', '0', '1', '1');
INSERT INTO `creature_loot_template` VALUES ('48229', '55594', '0.08', '1', '0', '1', '1');
INSERT INTO `creature_loot_template` VALUES ('48229', '2079', '0.08', '1', '0', '1', '1');
INSERT INTO `creature_loot_template` VALUES ('48229', '55718', '0.08', '1', '0', '1', '1');
INSERT INTO `creature_loot_template` VALUES ('48229', '62111', '0.08', '1', '0', '1', '1');
INSERT INTO `creature_loot_template` VALUES ('48229', '55583', '0.08', '1', '0', '1', '1');
INSERT INTO `creature_loot_template` VALUES ('48229', '62106', '0.08', '1', '0', '1', '1');
INSERT INTO `creature_loot_template` VALUES ('48229', '62127', '0.08', '1', '0', '1', '1');
INSERT INTO `creature_loot_template` VALUES ('48229', '55719', '0.07', '1', '0', '1', '1');
INSERT INTO `creature_loot_template` VALUES ('48229', '62114', '0.07', '1', '0', '1', '1');
INSERT INTO `creature_loot_template` VALUES ('48229', '55710', '0.07', '1', '0', '1', '1');
INSERT INTO `creature_loot_template` VALUES ('48229', '62124', '0.07', '1', '0', '1', '1');
INSERT INTO `creature_loot_template` VALUES ('48229', '55664', '0.07', '1', '0', '1', '1');
INSERT INTO `creature_loot_template` VALUES ('48229', '55630', '0.07', '1', '0', '1', '1');
INSERT INTO `creature_loot_template` VALUES ('48229', '55602', '0.07', '1', '0', '1', '1');
INSERT INTO `creature_loot_template` VALUES ('48229', '55675', '0.07', '1', '0', '1', '1');
INSERT INTO `creature_loot_template` VALUES ('48229', '62131', '0.07', '1', '0', '1', '1');
INSERT INTO `creature_loot_template` VALUES ('48229', '55691', '0.07', '1', '0', '1', '1');
INSERT INTO `creature_loot_template` VALUES ('48229', '55593', '0.07', '1', '0', '1', '1');
INSERT INTO `creature_loot_template` VALUES ('48229', '55620', '0.07', '1', '0', '1', '1');
INSERT INTO `creature_loot_template` VALUES ('48229', '62105', '0.07', '1', '0', '1', '1');
INSERT INTO `creature_loot_template` VALUES ('48229', '55666', '0.07', '1', '0', '1', '1');
INSERT INTO `creature_loot_template` VALUES ('48229', '62117', '0.07', '1', '0', '1', '1');
INSERT INTO `creature_loot_template` VALUES ('48229', '9748', '0.07', '1', '0', '1', '1');
INSERT INTO `creature_loot_template` VALUES ('48229', '62126', '0.07', '1', '0', '1', '1');
INSERT INTO `creature_loot_template` VALUES ('48229', '55531', '0.07', '1', '0', '1', '1');
INSERT INTO `creature_loot_template` VALUES ('48229', '55610', '0.07', '1', '0', '1', '1');
INSERT INTO `creature_loot_template` VALUES ('48229', '55692', '0.07', '1', '0', '1', '1');
INSERT INTO `creature_loot_template` VALUES ('48229', '6554', '0.07', '1', '0', '1', '1');
INSERT INTO `creature_loot_template` VALUES ('48229', '55556', '0.07', '1', '0', '1', '1');
INSERT INTO `creature_loot_template` VALUES ('48229', '55521', '0.07', '1', '0', '1', '1');
INSERT INTO `creature_loot_template` VALUES ('48229', '62113', '0.07', '1', '0', '1', '1');
INSERT INTO `creature_loot_template` VALUES ('48229', '55493', '0.07', '1', '0', '1', '1');
INSERT INTO `creature_loot_template` VALUES ('48229', '55601', '0.07', '1', '0', '1', '1');
INSERT INTO `creature_loot_template` VALUES ('48229', '55674', '0.07', '1', '0', '1', '1');
INSERT INTO `creature_loot_template` VALUES ('48229', '55540', '0.07', '1', '0', '1', '1');
INSERT INTO `creature_loot_template` VALUES ('48229', '62136', '0.07', '1', '0', '1', '1');
INSERT INTO `creature_loot_template` VALUES ('48229', '55646', '0.07', '1', '0', '1', '1');
INSERT INTO `creature_loot_template` VALUES ('48229', '62118', '0.07', '1', '0', '1', '1');
INSERT INTO `creature_loot_template` VALUES ('48229', '55682', '0.07', '1', '0', '1', '1');
INSERT INTO `creature_loot_template` VALUES ('48229', '55612', '0.07', '1', '0', '1', '1');
INSERT INTO `creature_loot_template` VALUES ('48229', '55574', '0.07', '1', '0', '1', '1');
INSERT INTO `creature_loot_template` VALUES ('48229', '55683', '0.07', '1', '0', '1', '1');
INSERT INTO `creature_loot_template` VALUES ('48229', '62115', '0.07', '1', '0', '1', '1');
INSERT INTO `creature_loot_template` VALUES ('48229', '55494', '0.07', '1', '0', '1', '1');
INSERT INTO `creature_loot_template` VALUES ('48229', '55557', '0.07', '1', '0', '1', '1');
INSERT INTO `creature_loot_template` VALUES ('48229', '55575', '0.07', '1', '0', '1', '1');
INSERT INTO `creature_loot_template` VALUES ('48229', '62134', '0.07', '1', '0', '1', '1');
INSERT INTO `creature_loot_template` VALUES ('48229', '6378', '0.07', '1', '0', '1', '1');
INSERT INTO `creature_loot_template` VALUES ('48229', '55502', '0.07', '1', '0', '1', '1');
INSERT INTO `creature_loot_template` VALUES ('48229', '55529', '0.07', '1', '0', '1', '1');
INSERT INTO `creature_loot_template` VALUES ('48229', '62110', '0.07', '1', '0', '1', '1');
INSERT INTO `creature_loot_template` VALUES ('48229', '55611', '0.07', '1', '0', '1', '1');
INSERT INTO `creature_loot_template` VALUES ('48229', '55647', '0.07', '1', '0', '1', '1');
INSERT INTO `creature_loot_template` VALUES ('48229', '62123', '0.07', '1', '0', '1', '1');
INSERT INTO `creature_loot_template` VALUES ('48229', '55549', '0.06', '1', '0', '1', '1');
INSERT INTO `creature_loot_template` VALUES ('48229', '55567', '0.06', '1', '0', '1', '1');
INSERT INTO `creature_loot_template` VALUES ('48229', '55684', '0.06', '1', '0', '1', '1');
INSERT INTO `creature_loot_template` VALUES ('48229', '55702', '0.06', '1', '0', '1', '1');
INSERT INTO `creature_loot_template` VALUES ('48229', '62120', '0.06', '1', '0', '1', '1');
INSERT INTO `creature_loot_template` VALUES ('48229', '62133', '0.06', '1', '0', '1', '1');
INSERT INTO `creature_loot_template` VALUES ('48229', '55566', '0.06', '1', '0', '1', '1');
INSERT INTO `creature_loot_template` VALUES ('48229', '55522', '0.06', '1', '0', '1', '1');
INSERT INTO `creature_loot_template` VALUES ('48229', '55504', '0.06', '1', '0', '1', '1');
INSERT INTO `creature_loot_template` VALUES ('48229', '2983', '0.06', '1', '0', '1', '1');
INSERT INTO `creature_loot_template` VALUES ('48229', '55520', '0.06', '1', '0', '1', '1');
INSERT INTO `creature_loot_template` VALUES ('48229', '55655', '0.06', '1', '0', '1', '1');
INSERT INTO `creature_loot_template` VALUES ('48229', '55656', '0.06', '1', '0', '1', '1');
INSERT INTO `creature_loot_template` VALUES ('48229', '55701', '0.06', '1', '0', '1', '1');
INSERT INTO `creature_loot_template` VALUES ('48229', '62129', '0.06', '1', '0', '1', '1');
INSERT INTO `creature_loot_template` VALUES ('48229', '55367', '0.06', '1', '0', '1', '1');
INSERT INTO `creature_loot_template` VALUES ('48229', '55584', '0.06', '1', '0', '1', '1');
INSERT INTO `creature_loot_template` VALUES ('48229', '55576', '0.06', '1', '0', '1', '1');
INSERT INTO `creature_loot_template` VALUES ('48229', '55592', '0.06', '1', '0', '1', '1');
INSERT INTO `creature_loot_template` VALUES ('48229', '55628', '0.06', '1', '0', '1', '1');
INSERT INTO `creature_loot_template` VALUES ('48229', '55539', '0.06', '1', '0', '1', '1');
INSERT INTO `creature_loot_template` VALUES ('48229', '55495', '0.06', '1', '0', '1', '1');
INSERT INTO `creature_loot_template` VALUES ('48229', '62130', '0.06', '1', '0', '1', '1');
INSERT INTO `creature_loot_template` VALUES ('48229', '55657', '0.06', '1', '0', '1', '1');
INSERT INTO `creature_loot_template` VALUES ('48229', '3645', '0.06', '1', '0', '1', '1');
INSERT INTO `creature_loot_template` VALUES ('48229', '9749', '0.06', '1', '0', '1', '1');
INSERT INTO `creature_loot_template` VALUES ('48229', '55503', '0.06', '1', '0', '1', '1');
INSERT INTO `creature_loot_template` VALUES ('48229', '55512', '0.06', '1', '0', '1', '1');
INSERT INTO `creature_loot_template` VALUES ('48229', '55513', '0.06', '1', '0', '1', '1');
INSERT INTO `creature_loot_template` VALUES ('48229', '55621', '0.06', '1', '0', '1', '1');
INSERT INTO `creature_loot_template` VALUES ('48229', '55638', '0.06', '1', '0', '1', '1');
INSERT INTO `creature_loot_template` VALUES ('48229', '55673', '0.06', '1', '0', '1', '1');
INSERT INTO `creature_loot_template` VALUES ('48229', '55603', '0.06', '1', '0', '1', '1');
INSERT INTO `creature_loot_template` VALUES ('48229', '55565', '0.06', '1', '0', '1', '1');
INSERT INTO `creature_loot_template` VALUES ('48229', '2973', '0.06', '1', '0', '1', '1');
INSERT INTO `creature_loot_template` VALUES ('48229', '6379', '0.06', '1', '0', '1', '1');
INSERT INTO `creature_loot_template` VALUES ('48229', '55547', '0.06', '1', '0', '1', '1');
INSERT INTO `creature_loot_template` VALUES ('48229', '55648', '0.06', '1', '0', '1', '1');
INSERT INTO `creature_loot_template` VALUES ('48229', '55637', '0.06', '1', '0', '1', '1');
INSERT INTO `creature_loot_template` VALUES ('48229', '55700', '0.06', '1', '0', '1', '1');
INSERT INTO `creature_loot_template` VALUES ('48229', '62135', '0.06', '1', '0', '1', '1');
INSERT INTO `creature_loot_template` VALUES ('48229', '55619', '0.05', '1', '0', '1', '1');
INSERT INTO `creature_loot_template` VALUES ('48229', '55585', '0.05', '1', '0', '1', '1');
INSERT INTO `creature_loot_template` VALUES ('48229', '6546', '0.05', '1', '0', '1', '1');
INSERT INTO `creature_loot_template` VALUES ('48229', '55314', '0.05', '1', '0', '1', '1');
INSERT INTO `creature_loot_template` VALUES ('48229', '55511', '0.05', '1', '0', '1', '1');
INSERT INTO `creature_loot_template` VALUES ('48229', '55387', '0.05', '1', '0', '1', '1');
INSERT INTO `creature_loot_template` VALUES ('48229', '55639', '0.05', '1', '0', '1', '1');
INSERT INTO `creature_loot_template` VALUES ('48229', '55558', '0.05', '1', '0', '1', '1');
INSERT INTO `creature_loot_template` VALUES ('48229', '55315', '0.05', '1', '0', '1', '1');
INSERT INTO `creature_loot_template` VALUES ('48229', '3205', '0.05', '1', '0', '1', '1');
INSERT INTO `creature_loot_template` VALUES ('48229', '55693', '0.05', '1', '0', '1', '1');
INSERT INTO `creature_loot_template` VALUES ('48229', '2598', '0.05', '1', '0', '1', '1');
INSERT INTO `creature_loot_template` VALUES ('48229', '55432', '0.05', '1', '0', '1', '1');
INSERT INTO `creature_loot_template` VALUES ('48229', '55386', '0.05', '1', '0', '1', '1');
INSERT INTO `creature_loot_template` VALUES ('48229', '3609', '0.05', '1', '0', '1', '1');
INSERT INTO `creature_loot_template` VALUES ('48229', '55376', '0.04', '1', '0', '1', '1');
INSERT INTO `creature_loot_template` VALUES ('48229', '6547', '0.04', '1', '0', '1', '1');
INSERT INTO `creature_loot_template` VALUES ('48229', '55385', '0.04', '1', '0', '1', '1');
INSERT INTO `creature_loot_template` VALUES ('48229', '55431', '0.04', '1', '0', '1', '1');
INSERT INTO `creature_loot_template` VALUES ('48229', '6551', '0.04', '1', '0', '1', '1');
INSERT INTO `creature_loot_template` VALUES ('48229', '55378', '0.04', '1', '0', '1', '1');
INSERT INTO `creature_loot_template` VALUES ('48229', '6560', '0.04', '1', '0', '1', '1');
INSERT INTO `creature_loot_template` VALUES ('48229', '55377', '0.04', '1', '0', '1', '1');
INSERT INTO `creature_loot_template` VALUES ('48229', '55333', '0.04', '1', '0', '1', '1');
INSERT INTO `creature_loot_template` VALUES ('48229', '55457', '0.04', '1', '0', '1', '1');
INSERT INTO `creature_loot_template` VALUES ('48229', '55332', '0.04', '1', '0', '1', '1');
INSERT INTO `creature_loot_template` VALUES ('48229', '55313', '0.04', '1', '0', '1', '1');
INSERT INTO `creature_loot_template` VALUES ('48229', '4408', '0.04', '1', '0', '1', '1');
INSERT INTO `creature_loot_template` VALUES ('48229', '9785', '0.04', '1', '0', '1', '1');
INSERT INTO `creature_loot_template` VALUES ('48229', '55350', '0.04', '1', '0', '1', '1');
INSERT INTO `creature_loot_template` VALUES ('48229', '55458', '0.04', '1', '0', '1', '1');
INSERT INTO `creature_loot_template` VALUES ('48229', '55351', '0.04', '1', '0', '1', '1');
INSERT INTO `creature_loot_template` VALUES ('48229', '7288', '0.04', '1', '0', '1', '1');
INSERT INTO `creature_loot_template` VALUES ('48229', '55459', '0.04', '1', '0', '1', '1');
INSERT INTO `creature_loot_template` VALUES ('48229', '55430', '0.04', '1', '0', '1', '1');
INSERT INTO `creature_loot_template` VALUES ('48229', '6528', '0.04', '1', '0', '1', '1');
INSERT INTO `creature_loot_template` VALUES ('48229', '55414', '0.03', '1', '0', '1', '1');
INSERT INTO `creature_loot_template` VALUES ('48229', '6380', '0.03', '1', '0', '1', '1');
INSERT INTO `creature_loot_template` VALUES ('48229', '15926', '0.03', '1', '0', '1', '1');
INSERT INTO `creature_loot_template` VALUES ('48229', '3610', '0.03', '1', '0', '1', '1');
INSERT INTO `creature_loot_template` VALUES ('48229', '55296', '0.03', '1', '0', '1', '1');
INSERT INTO `creature_loot_template` VALUES ('48229', '55286', '0.03', '1', '0', '1', '1');
INSERT INTO `creature_loot_template` VALUES ('48229', '55349', '0.03', '1', '0', '1', '1');
INSERT INTO `creature_loot_template` VALUES ('48229', '55295', '0.03', '1', '0', '1', '1');
INSERT INTO `creature_loot_template` VALUES ('48229', '2408', '0.03', '1', '0', '1', '1');
INSERT INTO `creature_loot_template` VALUES ('48229', '55331', '0.03', '1', '0', '1', '1');
INSERT INTO `creature_loot_template` VALUES ('48229', '2969', '0.03', '1', '0', '1', '1');
INSERT INTO `creature_loot_template` VALUES ('48229', '55412', '0.03', '1', '0', '1', '1');
INSERT INTO `creature_loot_template` VALUES ('48229', '55287', '0.03', '1', '0', '1', '1');
INSERT INTO `creature_loot_template` VALUES ('48229', '6559', '0.03', '1', '0', '1', '1');
INSERT INTO `creature_loot_template` VALUES ('48229', '6271', '0.03', '1', '0', '1', '1');
INSERT INTO `creature_loot_template` VALUES ('48229', '55413', '0.03', '1', '0', '1', '1');
INSERT INTO `creature_loot_template` VALUES ('48229', '55449', '0.03', '1', '0', '1', '1');
INSERT INTO `creature_loot_template` VALUES ('48229', '2407', '0.03', '1', '0', '1', '1');
INSERT INTO `creature_loot_template` VALUES ('48229', '2406', '0.03', '1', '0', '1', '1');
INSERT INTO `creature_loot_template` VALUES ('48229', '55288', '0.03', '1', '0', '1', '1');
INSERT INTO `creature_loot_template` VALUES ('48229', '55297', '0.03', '1', '0', '1', '1');
INSERT INTO `creature_loot_template` VALUES ('48229', '55395', '0.03', '1', '0', '1', '1');
INSERT INTO `creature_loot_template` VALUES ('48229', '856', '0.03', '1', '0', '1', '1');
INSERT INTO `creature_loot_template` VALUES ('48229', '5574', '0.03', '1', '0', '1', '1');
INSERT INTO `creature_loot_template` VALUES ('48229', '6342', '0.03', '1', '0', '1', '1');
INSERT INTO `creature_loot_template` VALUES ('48229', '2657', '0.03', '1', '0', '1', '1');
INSERT INTO `creature_loot_template` VALUES ('48229', '55341', '0.03', '1', '0', '1', '1');
INSERT INTO `creature_loot_template` VALUES ('48229', '2555', '0.03', '1', '0', '1', '1');
INSERT INTO `creature_loot_template` VALUES ('48229', '2553', '0.02', '1', '0', '1', '1');
INSERT INTO `creature_loot_template` VALUES ('48229', '55467', '0.02', '1', '0', '1', '1');
INSERT INTO `creature_loot_template` VALUES ('48229', '55468', '0.02', '1', '0', '1', '1');
INSERT INTO `creature_loot_template` VALUES ('48229', '55342', '0.02', '1', '0', '1', '1');
INSERT INTO `creature_loot_template` VALUES ('48229', '55396', '0.02', '1', '0', '1', '1');
INSERT INTO `creature_loot_template` VALUES ('48229', '55466', '0.02', '1', '0', '1', '1');
INSERT INTO `creature_loot_template` VALUES ('48229', '55340', '0.02', '1', '0', '1', '1');
INSERT INTO `creature_loot_template` VALUES ('48229', '5573', '0.02', '1', '0', '1', '1');
INSERT INTO `creature_loot_template` VALUES ('48229', '55394', '0.02', '1', '0', '1', '1');
INSERT INTO `creature_loot_template` VALUES ('48229', '55448', '0.02', '1', '0', '1', '1');
INSERT INTO `creature_loot_template` VALUES ('48229', '67539', '0.02', '1', '0', '1', '1');
INSERT INTO `creature_loot_template` VALUES ('48229', '6348', '0.02', '1', '0', '1', '1');
INSERT INTO `creature_loot_template` VALUES ('48229', '55450', '0.02', '1', '0', '1', '1');
INSERT INTO `creature_loot_template` VALUES ('48229', '55304', '0.02', '1', '0', '1', '1');
INSERT INTO `creature_loot_template` VALUES ('48229', '6716', '0.01', '1', '0', '1', '1');
INSERT INTO `creature_loot_template` VALUES ('48229', '67122', '0.01', '1', '0', '1', '1');
INSERT INTO `creature_loot_template` VALUES ('48229', '4293', '0.01', '1', '0', '1', '1');
INSERT INTO `creature_loot_template` VALUES ('48229', '4409', '0.01', '1', '0', '1', '1');
INSERT INTO `creature_loot_template` VALUES ('48229', '4345', '0.01', '1', '0', '1', '1');
INSERT INTO `creature_loot_template` VALUES ('48229', '2409', '0.01', '1', '0', '1', '1');
INSERT INTO `creature_loot_template` VALUES ('48229', '66974', '0.01', '1', '0', '1', '1');
INSERT INTO `creature_loot_template` VALUES ('48229', '55359', '0.01', '1', '0', '1', '1');
INSERT INTO `creature_loot_template` VALUES ('48229', '55323', '0.01', '1', '0', '1', '1');
INSERT INTO `creature_loot_template` VALUES ('48229', '4292', '0.01', '1', '0', '1', '1');
INSERT INTO `creature_loot_template` VALUES ('48229', '67057', '0.01', '1', '0', '1', '1');
INSERT INTO `creature_loot_template` VALUES ('48229', '67123', '0.01', '1', '0', '1', '1');
INSERT INTO `creature_loot_template` VALUES ('48229', '6347', '0.01', '1', '0', '1', '1');
INSERT INTO `creature_loot_template` VALUES ('48229', '4346', '0.01', '1', '0', '1', '1');
INSERT INTO `creature_loot_template` VALUES ('48229', '55306', '0.01', '1', '0', '1', '1');
INSERT INTO `creature_loot_template` VALUES ('48229', '66989', '0.01', '1', '0', '1', '1');
INSERT INTO `creature_loot_template` VALUES ('48229', '67119', '0.01', '1', '0', '1', '1');
INSERT INTO `creature_loot_template` VALUES ('48229', '2881', '0.01', '1', '0', '1', '1');
INSERT INTO `creature_loot_template` VALUES ('48229', '66970', '0.01', '1', '0', '1', '1');
INSERT INTO `creature_loot_template` VALUES ('48229', '66991', '0.01', '1', '0', '1', '1');
INSERT INTO `creature_loot_template` VALUES ('48229', '67120', '0.01', '1', '0', '1', '1');
INSERT INTO `creature_loot_template` VALUES ('48229', '55322', '0.01', '1', '0', '1', '1');
INSERT INTO `creature_loot_template` VALUES ('48229', '66972', '0.01', '1', '0', '1', '1');
INSERT INTO `creature_loot_template` VALUES ('48229', '67067', '0.01', '1', '0', '1', '1');
INSERT INTO `creature_loot_template` VALUES ('48229', '55360', '0.01', '1', '0', '1', '1');
INSERT INTO `creature_loot_template` VALUES ('48229', '66973', '0.01', '1', '0', '1', '1');
INSERT INTO `creature_loot_template` VALUES ('48229', '67145', '0.01', '1', '0', '1', '1');
INSERT INTO `creature_loot_template` VALUES ('48229', '66990', '0.01', '1', '0', '1', '1');
INSERT INTO `creature_loot_template` VALUES ('48229', '66994', '0.01', '1', '0', '1', '1');
INSERT INTO `creature_loot_template` VALUES ('48229', '55358', '0.01', '1', '0', '1', '1');
INSERT INTO `creature_loot_template` VALUES ('48229', '67139', '0.01', '1', '0', '1', '1');
INSERT INTO `creature_loot_template` VALUES ('48229', '66968', '0.01', '1', '0', '1', '1');
INSERT INTO `creature_loot_template` VALUES ('48229', '66942', '0.01', '1', '0', '1', '1');
INSERT INTO `creature_loot_template` VALUES ('48229', '66975', '0.01', '1', '0', '1', '1');
INSERT INTO `creature_loot_template` VALUES ('48229', '67125', '0.01', '1', '0', '1', '1');
INSERT INTO `creature_loot_template` VALUES ('48229', '52379', '0.01', '1', '0', '1', '1');
INSERT INTO `creature_loot_template` VALUES ('48229', '66976', '0.01', '1', '0', '1', '1');
INSERT INTO `creature_loot_template` VALUES ('48229', '67071', '0.01', '1', '0', '1', '1');
INSERT INTO `creature_loot_template` VALUES ('48229', '55324', '0.01', '1', '0', '1', '1');
INSERT INTO `creature_loot_template` VALUES ('48229', '66931', '0.1', '1', '0', '1', '1');
INSERT INTO `creature_loot_template` VALUES ('48229', '66941', '0.1', '1', '0', '1', '1');
INSERT INTO `creature_loot_template` VALUES ('48229', '66992', '0.1', '1', '0', '1', '1');
INSERT INTO `creature_loot_template` VALUES ('48229', '52378', '0.1', '1', '0', '1', '1');
INSERT INTO `creature_loot_template` VALUES ('48229', '67069', '0.1', '1', '0', '1', '1');
INSERT INTO `creature_loot_template` VALUES ('48229', '67127', '0.1', '1', '0', '1', '1');
INSERT INTO `creature_loot_template` VALUES ('48229', '68789', '0.1', '1', '0', '1', '1');
INSERT INTO `creature_loot_template` VALUES ('48229', '6344', '0.1', '1', '0', '1', '1');
INSERT INTO `creature_loot_template` VALUES ('48229', '52388', '0.1', '1', '0', '1', '1');
INSERT INTO `creature_loot_template` VALUES ('48229', '67121', '0.1', '1', '0', '1', '1');
INSERT INTO `creature_loot_template` VALUES ('48229', '66993', '0.1', '1', '0', '1', '1');
INSERT INTO `creature_loot_template` VALUES ('48229', '52373', '0.1', '1', '0', '1', '1');
INSERT INTO `creature_loot_template` VALUES ('48229', '67124', '0.1', '1', '0', '1', '1');
INSERT INTO `creature_loot_template` VALUES ('48229', '52367', '0.1', '1', '0', '1', '1');
INSERT INTO `creature_loot_template` VALUES ('48229', '52383', '0.1', '1', '0', '1', '1');
INSERT INTO `creature_loot_template` VALUES ('48229', '55305', '0.1', '1', '0', '1', '1');
INSERT INTO `creature_loot_template` VALUES ('48229', '67148', '0.1', '1', '0', '1', '1');
INSERT INTO `creature_loot_template` VALUES ('48229', '52363', '0.1', '1', '0', '1', '1');
INSERT INTO `creature_loot_template` VALUES ('48229', '52368', '0.1', '1', '0', '1', '1');
INSERT INTO `creature_loot_template` VALUES ('48229', '52371', '0.1', '1', '0', '1', '1');
INSERT INTO `creature_loot_template` VALUES ('48229', '52376', '0.1', '1', '0', '1', '1');
INSERT INTO `creature_loot_template` VALUES ('48229', '66932', '0.1', '1', '0', '1', '1');
INSERT INTO `creature_loot_template` VALUES ('48229', '66971', '0.1', '1', '0', '1', '1');
INSERT INTO `creature_loot_template` VALUES ('48229', '67061', '0.1', '1', '0', '1', '1');
INSERT INTO `creature_loot_template` VALUES ('48229', '52366', '0.1', '1', '0', '1', '1');
INSERT INTO `creature_loot_template` VALUES ('48229', '67141', '0.1', '1', '0', '1', '1');
INSERT INTO `creature_loot_template` VALUES ('48229', '67150', '0.1', '1', '0', '1', '1');
INSERT INTO `creature_loot_template` VALUES ('48229', '66940', '0.1', '1', '0', '1', '1');
INSERT INTO `creature_loot_template` VALUES ('48229', '66969', '0.1', '1', '0', '1', '1');
INSERT INTO `creature_loot_template` VALUES ('48229', '67131', '0.1', '1', '0', '1', '1');
INSERT INTO `creature_loot_template` VALUES ('48229', '67133', '0.1', '1', '0', '1', '1');
INSERT INTO `creature_loot_template` VALUES ('48229', '67136', '0.1', '1', '0', '1', '1');
INSERT INTO `creature_loot_template` VALUES ('48229', '67149', '0.1', '1', '0', '1', '1');
INSERT INTO `creature_loot_template` VALUES ('48229', '52369', '0.1', '1', '0', '1', '1');
INSERT INTO `creature_loot_template` VALUES ('48229', '52370', '0.1', '1', '0', '1', '1');
INSERT INTO `creature_loot_template` VALUES ('48229', '52364', '0.1', '1', '0', '1', '1');
INSERT INTO `creature_loot_template` VALUES ('48229', '52365', '0.1', '1', '0', '1', '1');
INSERT INTO `creature_loot_template` VALUES ('48229', '52372', '0.1', '1', '0', '1', '1');
INSERT INTO `creature_loot_template` VALUES ('48229', '52375', '0.1', '1', '0', '1', '1');
INSERT INTO `creature_loot_template` VALUES ('48229', '52377', '0.1', '1', '0', '1', '1');
INSERT INTO `creature_loot_template` VALUES ('48229', '52382', '0.1', '1', '0', '1', '1');
INSERT INTO `creature_loot_template` VALUES ('48229', '117', '0.1', '1', '0', '1', '1');
INSERT INTO `creature_loot_template` VALUES ('48229', '2672', '0.1', '1', '0', '1', '1');
INSERT INTO `creature_loot_template` VALUES ('48229', '5523', '0.1', '1', '0', '1', '1');
UPDATE `creature_template` SET lootid='48229' WHERE entry='48229';
DELETE FROM `pickpocketing_loot_template` WHERE entry='48229';
INSERT INTO `pickpocketing_loot_template` VALUES ('48229', '63291', '2.3', '1', '0', '1', '1');
INSERT INTO `pickpocketing_loot_template` VALUES ('48229', '63349', '2.02', '1', '0', '1', '1');
INSERT INTO `pickpocketing_loot_template` VALUES ('48229', '63348', '1.97', '1', '0', '1', '1');
INSERT INTO `pickpocketing_loot_template` VALUES ('48229', '63317', '1.91', '1', '0', '1', '1');
INSERT INTO `pickpocketing_loot_template` VALUES ('48229', '58269', '1.41', '1', '0', '1', '1');
INSERT INTO `pickpocketing_loot_template` VALUES ('48229', '63310', '1.19', '1', '0', '1', '1');
INSERT INTO `pickpocketing_loot_template` VALUES ('48229', '63300', '1.09', '1', '0', '1', '1');
INSERT INTO `pickpocketing_loot_template` VALUES ('48229', '2287', '0.3', '1', '0', '1', '1');
UPDATE `creature_template` SET pickpocketloot='48229' WHERE entry='48229';
INSERT INTO `creature` VALUES (405529, 48229, 36, 1581, 1581, 2, 1, 373, 0, -165.851, -395.592, 57.4267, 1.98968, 7200, 0, 0, 300, 0, 0, 0, 0, 0);
INSERT INTO `creature` VALUES (405530, 48229, 36, 1581, 1581, 2, 1, 373, 0, -148.8, -406.87, 57.6224, 3.87463, 7200, 0, 0, 300, 0, 0, 0, 0, 0);
INSERT INTO `creature` VALUES (405531, 48229, 36, 1581, 1581, 2, 1, 373, 0, -140.064, -399.931, 58.3888, 1.5708, 7200, 0, 0, 300, 0, 0, 0, 0, 0);
INSERT INTO `creature` VALUES (405532, 48229, 36, 1581, 1581, 2, 1, 373, 0, -116.497, -420.271, 56.8943, 0.907571, 7200, 0, 0, 300, 0, 0, 0, 0, 0);
INSERT INTO `creature` VALUES (405533, 48229, 36, 1581, 1581, 2, 1, 373, 0, -163.313, -402.139, 57.0682, 5.02655, 7200, 0, 0, 300, 0, 0, 0, 0, 0);
-- heroic entry of 48417
DELETE FROM `creature_template` WHERE `entry`=59209 LIMIT 1;
INSERT INTO `creature_template` ( `entry`, `difficulty_entry_1`, `difficulty_entry_2`, `difficulty_entry_3`, `KillCredit1`, `KillCredit2`, `modelid1`, `modelid2`, `modelid3`, `modelid4`, `name`, `subname`, `IconName`, `gossip_menu_id`, `minlevel`, `maxlevel`, `exp`, `faction_A`, `faction_H`, `npcflag`, `speed_walk`, `speed_run`, `scale`, `rank`, `mindmg`, `maxdmg`, `dmgschool`, `attackpower`, `dmg_multiplier`, `baseattacktime`, `rangeattacktime`, `unit_class`, `unit_flags`, `dynamicflags`, `family`, `trainer_type`, `trainer_spell`, `trainer_class`, `trainer_race`, `minrangedmg`, `maxrangedmg`, `rangedattackpower`, `type`, `type_flags`, `lootid`, `pickpocketloot`, `skinloot`, `resistance1`, `resistance2`, `resistance3`, `resistance4`, `resistance5`, `resistance6`, `spell1`, `spell2`, `spell3`, `spell4`, `spell5`, `spell6`, `spell7`, `spell8`, `PetSpellDataId`, `VehicleId`, `mingold`, `maxgold`, `AIName`, `MovementType`, `InhabitType`, `Health_mod`, `Mana_mod`, `Armor_mod`, `RacialLeader`, `questItem1`, `questItem2`, `questItem3`, `questItem4`, `questItem5`, `questItem6`, `movementId`, `RegenHealth`, `equipment_id`, `mechanic_immune_mask`, `flags_extra`, `ScriptName`, `WDBVerified`) VALUES ( 59209, 0, 0, 0, 0, 0, 2447, 2448, 36163, 36164, "Defias Blood Wizard", "", "", 0, 85, 85, 3, 17, 17, 0, 1.14286, 1.0, 1.0, 1, 530, 713, 0, 815, 3.0, 2000, 2000, 8, 32832, 2048, 0, 0, 0, 0, 0, 530, 713, 815, 7, 0, 59209, 59209, 0, 0, 0, 0, 0, 0, 0, 90938, 90946, 90932, 0, 0, 0, 0, 0, 0, 0, 8562, 8562, "", 0, 3, 4.2287, 4.0, 1.0, 0, 915, 0, 0, 0, 0, 0, 0, 1, 48417, 0, 0, "", "13623");
DELETE FROM `creature_loot_template` WHERE entry='59209';
INSERT INTO `creature_loot_template` VALUES ('59209', '53010', '24.26', '1', '0', '1', '6');
INSERT INTO `creature_loot_template` VALUES ('59209', '2592', '8.39', '1', '0', '1', '4');
INSERT INTO `creature_loot_template` VALUES ('59209', '68198', '8.23', '1', '0', '1', '2');
INSERT INTO `creature_loot_template` VALUES ('59209', '2589', '6.46', '1', '0', '1', '5');
INSERT INTO `creature_loot_template` VALUES ('59209', '58268', '4.36', '1', '0', '1', '1');
INSERT INTO `creature_loot_template` VALUES ('59209', '68197', '2.82', '1', '0', '1', '2');
INSERT INTO `creature_loot_template` VALUES ('59209', '58256', '2.33', '1', '0', '1', '1');
INSERT INTO `creature_loot_template` VALUES ('59209', '414', '2.24', '1', '0', '1', '1');
INSERT INTO `creature_loot_template` VALUES ('59209', '1179', '1.16', '1', '0', '1', '1');
INSERT INTO `creature_loot_template` VALUES ('59209', '818', '1.02', '1', '0', '1', '1');
INSERT INTO `creature_loot_template` VALUES ('59209', '7997', '0.86', '1', '0', '1', '1');
INSERT INTO `creature_loot_template` VALUES ('59209', '858', '0.71', '1', '0', '1', '1');
INSERT INTO `creature_loot_template` VALUES ('59209', '68729', '0.55', '1', '0', '1', '1');
INSERT INTO `creature_loot_template` VALUES ('59209', '2455', '0.37', '1', '0', '1', '1');
INSERT INTO `creature_loot_template` VALUES ('59209', '1210', '0.36', '1', '0', '1', '1');
INSERT INTO `creature_loot_template` VALUES ('59209', '3036', '0.33', '1', '0', '1', '1');
INSERT INTO `creature_loot_template` VALUES ('59209', '4570', '0.32', '1', '0', '1', '1');
INSERT INTO `creature_loot_template` VALUES ('59209', '2073', '0.3', '1', '0', '1', '1');
INSERT INTO `creature_loot_template` VALUES ('59209', '774', '0.3', '1', '0', '1', '1');
INSERT INTO `creature_loot_template` VALUES ('59209', '1511', '0.28', '1', '0', '1', '1');
INSERT INTO `creature_loot_template` VALUES ('59209', '62068', '0.28', '1', '0', '1', '1');
INSERT INTO `creature_loot_template` VALUES ('59209', '6543', '0.28', '1', '0', '1', '1');
INSERT INTO `creature_loot_template` VALUES ('59209', '62069', '0.27', '1', '0', '1', '1');
INSERT INTO `creature_loot_template` VALUES ('59209', '2777', '0.26', '1', '0', '1', '1');
INSERT INTO `creature_loot_template` VALUES ('59209', '6558', '0.26', '1', '0', '1', '1');
INSERT INTO `creature_loot_template` VALUES ('59209', '62071', '0.26', '1', '0', '1', '1');
INSERT INTO `creature_loot_template` VALUES ('59209', '6542', '0.26', '1', '0', '1', '1');
INSERT INTO `creature_loot_template` VALUES ('59209', '2976', '0.26', '1', '0', '1', '1');
INSERT INTO `creature_loot_template` VALUES ('59209', '1513', '0.25', '1', '0', '1', '1');
INSERT INTO `creature_loot_template` VALUES ('59209', '62070', '0.25', '1', '0', '1', '1');
INSERT INTO `creature_loot_template` VALUES ('59209', '6537', '0.24', '1', '0', '1', '1');
INSERT INTO `creature_loot_template` VALUES ('59209', '62064', '0.24', '1', '0', '1', '1');
INSERT INTO `creature_loot_template` VALUES ('59209', '1516', '0.24', '1', '0', '1', '1');
INSERT INTO `creature_loot_template` VALUES ('59209', '1514', '0.24', '1', '0', '1', '1');
INSERT INTO `creature_loot_template` VALUES ('59209', '62067', '0.24', '1', '0', '1', '1');
INSERT INTO `creature_loot_template` VALUES ('59209', '1510', '0.24', '1', '0', '1', '1');
INSERT INTO `creature_loot_template` VALUES ('59209', '2763', '0.23', '1', '0', '1', '1');
INSERT INTO `creature_loot_template` VALUES ('59209', '62063', '0.23', '1', '0', '1', '1');
INSERT INTO `creature_loot_template` VALUES ('59209', '9757', '0.23', '1', '0', '1', '1');
INSERT INTO `creature_loot_template` VALUES ('59209', '1512', '0.23', '1', '0', '1', '1');
INSERT INTO `creature_loot_template` VALUES ('59209', '62065', '0.23', '1', '0', '1', '1');
INSERT INTO `creature_loot_template` VALUES ('59209', '62072', '0.23', '1', '0', '1', '1');
INSERT INTO `creature_loot_template` VALUES ('59209', '62066', '0.23', '1', '0', '1', '1');
INSERT INTO `creature_loot_template` VALUES ('59209', '1502', '0.22', '1', '0', '1', '1');
INSERT INTO `creature_loot_template` VALUES ('59209', '6556', '0.22', '1', '0', '1', '1');
INSERT INTO `creature_loot_template` VALUES ('59209', '9765', '0.22', '1', '0', '1', '1');
INSERT INTO `creature_loot_template` VALUES ('59209', '1515', '0.22', '1', '0', '1', '1');
INSERT INTO `creature_loot_template` VALUES ('59209', '1506', '0.21', '1', '0', '1', '1');
INSERT INTO `creature_loot_template` VALUES ('59209', '55422', '0.21', '1', '0', '1', '1');
INSERT INTO `creature_loot_template` VALUES ('59209', '1504', '0.21', '1', '0', '1', '1');
INSERT INTO `creature_loot_template` VALUES ('59209', '2980', '0.21', '1', '0', '1', '1');
INSERT INTO `creature_loot_template` VALUES ('59209', '2778', '0.2', '1', '0', '1', '1');
INSERT INTO `creature_loot_template` VALUES ('59209', '2978', '0.2', '1', '0', '1', '1');
INSERT INTO `creature_loot_template` VALUES ('59209', '1499', '0.2', '1', '0', '1', '1');
INSERT INTO `creature_loot_template` VALUES ('59209', '6550', '0.2', '1', '0', '1', '1');
INSERT INTO `creature_loot_template` VALUES ('59209', '55421', '0.2', '1', '0', '1', '1');
INSERT INTO `creature_loot_template` VALUES ('59209', '1503', '0.19', '1', '0', '1', '1');
INSERT INTO `creature_loot_template` VALUES ('59209', '55423', '0.19', '1', '0', '1', '1');
INSERT INTO `creature_loot_template` VALUES ('59209', '1509', '0.19', '1', '0', '1', '1');
INSERT INTO `creature_loot_template` VALUES ('59209', '3375', '0.18', '1', '0', '1', '1');
INSERT INTO `creature_loot_template` VALUES ('59209', '1498', '0.18', '1', '0', '1', '1');
INSERT INTO `creature_loot_template` VALUES ('59209', '1507', '0.18', '1', '0', '1', '1');
INSERT INTO `creature_loot_template` VALUES ('59209', '2632', '0.18', '1', '0', '1', '1');
INSERT INTO `creature_loot_template` VALUES ('59209', '3374', '0.18', '1', '0', '1', '1');
INSERT INTO `creature_loot_template` VALUES ('59209', '4569', '0.17', '1', '0', '1', '1');
INSERT INTO `creature_loot_template` VALUES ('59209', '1501', '0.17', '1', '0', '1', '1');
INSERT INTO `creature_loot_template` VALUES ('59209', '1497', '0.17', '1', '0', '1', '1');
INSERT INTO `creature_loot_template` VALUES ('59209', '5071', '0.17', '1', '0', '1', '1');
INSERT INTO `creature_loot_template` VALUES ('59209', '1735', '0.16', '1', '0', '1', '1');
INSERT INTO `creature_loot_template` VALUES ('59209', '6541', '0.16', '1', '0', '1', '1');
INSERT INTO `creature_loot_template` VALUES ('59209', '1495', '0.16', '1', '0', '1', '1');
INSERT INTO `creature_loot_template` VALUES ('59209', '9747', '0.16', '1', '0', '1', '1');
INSERT INTO `creature_loot_template` VALUES ('59209', '1734', '0.15', '1', '0', '1', '1');
INSERT INTO `creature_loot_template` VALUES ('59209', '1730', '0.15', '1', '0', '1', '1');
INSERT INTO `creature_loot_template` VALUES ('59209', '6539', '0.15', '1', '0', '1', '1');
INSERT INTO `creature_loot_template` VALUES ('59209', '1732', '0.15', '1', '0', '1', '1');
INSERT INTO `creature_loot_template` VALUES ('59209', '2214', '0.15', '1', '0', '1', '1');
INSERT INTO `creature_loot_template` VALUES ('59209', '62103', '0.15', '1', '0', '1', '1');
INSERT INTO `creature_loot_template` VALUES ('59209', '62091', '0.15', '1', '0', '1', '1');
INSERT INTO `creature_loot_template` VALUES ('59209', '62104', '0.14', '1', '0', '1', '1');
INSERT INTO `creature_loot_template` VALUES ('59209', '1731', '0.14', '1', '0', '1', '1');
INSERT INTO `creature_loot_template` VALUES ('59209', '1737', '0.14', '1', '0', '1', '1');
INSERT INTO `creature_loot_template` VALUES ('59209', '15268', '0.14', '1', '0', '1', '1');
INSERT INTO `creature_loot_template` VALUES ('59209', '55441', '0.13', '1', '0', '1', '1');
INSERT INTO `creature_loot_template` VALUES ('59209', '62093', '0.13', '1', '0', '1', '1');
INSERT INTO `creature_loot_template` VALUES ('59209', '9748', '0.13', '1', '0', '1', '1');
INSERT INTO `creature_loot_template` VALUES ('59209', '2215', '0.13', '1', '0', '1', '1');
INSERT INTO `creature_loot_template` VALUES ('59209', '9749', '0.13', '1', '0', '1', '1');
INSERT INTO `creature_loot_template` VALUES ('59209', '55745', '0.13', '1', '0', '1', '1');
INSERT INTO `creature_loot_template` VALUES ('59209', '9756', '0.13', '1', '0', '1', '1');
INSERT INTO `creature_loot_template` VALUES ('59209', '62096', '0.13', '1', '0', '1', '1');
INSERT INTO `creature_loot_template` VALUES ('59209', '62127', '0.13', '1', '0', '1', '1');
INSERT INTO `creature_loot_template` VALUES ('59209', '15210', '0.13', '1', '0', '1', '1');
INSERT INTO `creature_loot_template` VALUES ('59209', '62085', '0.12', '1', '0', '1', '1');
INSERT INTO `creature_loot_template` VALUES ('59209', '55439', '0.12', '1', '0', '1', '1');
INSERT INTO `creature_loot_template` VALUES ('59209', '55755', '0.12', '1', '0', '1', '1');
INSERT INTO `creature_loot_template` VALUES ('59209', '55440', '0.12', '1', '0', '1', '1');
INSERT INTO `creature_loot_template` VALUES ('59209', '62083', '0.12', '1', '0', '1', '1');
INSERT INTO `creature_loot_template` VALUES ('59209', '4701', '0.12', '1', '0', '1', '1');
INSERT INTO `creature_loot_template` VALUES ('59209', '2974', '0.12', '1', '0', '1', '1');
INSERT INTO `creature_loot_template` VALUES ('59209', '6548', '0.12', '1', '0', '1', '1');
INSERT INTO `creature_loot_template` VALUES ('59209', '55720', '0.11', '1', '0', '1', '1');
INSERT INTO `creature_loot_template` VALUES ('59209', '62098', '0.11', '1', '0', '1', '1');
INSERT INTO `creature_loot_template` VALUES ('59209', '62074', '0.11', '1', '0', '1', '1');
INSERT INTO `creature_loot_template` VALUES ('59209', '62102', '0.11', '1', '0', '1', '1');
INSERT INTO `creature_loot_template` VALUES ('59209', '2970', '0.11', '1', '0', '1', '1');
INSERT INTO `creature_loot_template` VALUES ('59209', '55486', '0.11', '1', '0', '1', '1');
INSERT INTO `creature_loot_template` VALUES ('59209', '62086', '0.11', '1', '0', '1', '1');
INSERT INTO `creature_loot_template` VALUES ('59209', '55746', '0.11', '1', '0', '1', '1');
INSERT INTO `creature_loot_template` VALUES ('59209', '62077', '0.11', '1', '0', '1', '1');
INSERT INTO `creature_loot_template` VALUES ('59209', '62079', '0.11', '1', '0', '1', '1');
INSERT INTO `creature_loot_template` VALUES ('59209', '55485', '0.11', '1', '0', '1', '1');
INSERT INTO `creature_loot_template` VALUES ('59209', '62089', '0.11', '1', '0', '1', '1');
INSERT INTO `creature_loot_template` VALUES ('59209', '9763', '0.11', '1', '0', '1', '1');
INSERT INTO `creature_loot_template` VALUES ('59209', '62080', '0.11', '1', '0', '1', '1');
INSERT INTO `creature_loot_template` VALUES ('59209', '55405', '0.11', '1', '0', '1', '1');
INSERT INTO `creature_loot_template` VALUES ('59209', '62100', '0.1', '1', '0', '1', '1');
INSERT INTO `creature_loot_template` VALUES ('59209', '62078', '0.1', '1', '0', '1', '1');
INSERT INTO `creature_loot_template` VALUES ('59209', '62082', '0.1', '1', '0', '1', '1');
INSERT INTO `creature_loot_template` VALUES ('59209', '4567', '0.1', '1', '0', '1', '1');
INSERT INTO `creature_loot_template` VALUES ('59209', '55728', '0.1', '1', '0', '1', '1');
INSERT INTO `creature_loot_template` VALUES ('59209', '55754', '0.1', '1', '0', '1', '1');
INSERT INTO `creature_loot_template` VALUES ('59209', '3652', '0.1', '1', '0', '1', '1');
INSERT INTO `creature_loot_template` VALUES ('59209', '62094', '0.1', '1', '0', '1', '1');
INSERT INTO `creature_loot_template` VALUES ('59209', '6557', '0.1', '1', '0', '1', '1');
INSERT INTO `creature_loot_template` VALUES ('59209', '62092', '0.1', '1', '0', '1', '1');
INSERT INTO `creature_loot_template` VALUES ('59209', '55737', '0.1', '1', '0', '1', '1');
INSERT INTO `creature_loot_template` VALUES ('59209', '15933', '0.1', '1', '0', '1', '1');
INSERT INTO `creature_loot_template` VALUES ('59209', '55727', '0.1', '1', '0', '1', '1');
INSERT INTO `creature_loot_template` VALUES ('59209', '55736', '0.1', '1', '0', '1', '1');
INSERT INTO `creature_loot_template` VALUES ('59209', '55773', '0.1', '1', '0', '1', '1');
INSERT INTO `creature_loot_template` VALUES ('59209', '62076', '0.1', '1', '0', '1', '1');
INSERT INTO `creature_loot_template` VALUES ('59209', '55772', '0.1', '1', '0', '1', '1');
INSERT INTO `creature_loot_template` VALUES ('59209', '55404', '0.1', '1', '0', '1', '1');
INSERT INTO `creature_loot_template` VALUES ('59209', '2971', '0.1', '1', '0', '1', '1');
INSERT INTO `creature_loot_template` VALUES ('59209', '62088', '0.1', '1', '0', '1', '1');
INSERT INTO `creature_loot_template` VALUES ('59209', '62121', '0.1', '1', '0', '1', '1');
INSERT INTO `creature_loot_template` VALUES ('59209', '55531', '0.1', '1', '0', '1', '1');
INSERT INTO `creature_loot_template` VALUES ('59209', '55765', '0.1', '1', '0', '1', '1');
INSERT INTO `creature_loot_template` VALUES ('59209', '6555', '0.1', '1', '0', '1', '1');
INSERT INTO `creature_loot_template` VALUES ('59209', '55512', '0.1', '1', '0', '1', '1');
INSERT INTO `creature_loot_template` VALUES ('59209', '62128', '0.1', '1', '0', '1', '1');
INSERT INTO `creature_loot_template` VALUES ('59209', '2977', '0.1', '1', '0', '1', '1');
INSERT INTO `creature_loot_template` VALUES ('59209', '62125', '0.1', '1', '0', '1', '1');
INSERT INTO `creature_loot_template` VALUES ('59209', '3651', '0.1', '1', '0', '1', '1');
INSERT INTO `creature_loot_template` VALUES ('59209', '55756', '0.1', '1', '0', '1', '1');
INSERT INTO `creature_loot_template` VALUES ('59209', '62090', '0.1', '1', '0', '1', '1');
INSERT INTO `creature_loot_template` VALUES ('59209', '62097', '0.1', '1', '0', '1', '1');
INSERT INTO `creature_loot_template` VALUES ('59209', '62113', '0.1', '1', '0', '1', '1');
INSERT INTO `creature_loot_template` VALUES ('59209', '62101', '0.1', '1', '0', '1', '1');
INSERT INTO `creature_loot_template` VALUES ('59209', '62081', '0.09', '1', '0', '1', '1');
INSERT INTO `creature_loot_template` VALUES ('59209', '55747', '0.09', '1', '0', '1', '1');
INSERT INTO `creature_loot_template` VALUES ('59209', '55774', '0.09', '1', '0', '1', '1');
INSERT INTO `creature_loot_template` VALUES ('59209', '55484', '0.09', '1', '0', '1', '1');
INSERT INTO `creature_loot_template` VALUES ('59209', '62095', '0.09', '1', '0', '1', '1');
INSERT INTO `creature_loot_template` VALUES ('59209', '62126', '0.09', '1', '0', '1', '1');
INSERT INTO `creature_loot_template` VALUES ('59209', '55764', '0.09', '1', '0', '1', '1');
INSERT INTO `creature_loot_template` VALUES ('59209', '62075', '0.09', '1', '0', '1', '1');
INSERT INTO `creature_loot_template` VALUES ('59209', '55719', '0.09', '1', '0', '1', '1');
INSERT INTO `creature_loot_template` VALUES ('59209', '62131', '0.09', '1', '0', '1', '1');
INSERT INTO `creature_loot_template` VALUES ('59209', '55665', '0.09', '1', '0', '1', '1');
INSERT INTO `creature_loot_template` VALUES ('59209', '62118', '0.09', '1', '0', '1', '1');
INSERT INTO `creature_loot_template` VALUES ('59209', '55647', '0.09', '1', '0', '1', '1');
INSERT INTO `creature_loot_template` VALUES ('59209', '55584', '0.09', '1', '0', '1', '1');
INSERT INTO `creature_loot_template` VALUES ('59209', '3207', '0.09', '1', '0', '1', '1');
INSERT INTO `creature_loot_template` VALUES ('59209', '55763', '0.09', '1', '0', '1', '1');
INSERT INTO `creature_loot_template` VALUES ('59209', '2972', '0.09', '1', '0', '1', '1');
INSERT INTO `creature_loot_template` VALUES ('59209', '2975', '0.09', '1', '0', '1', '1');
INSERT INTO `creature_loot_template` VALUES ('59209', '62073', '0.09', '1', '0', '1', '1');
INSERT INTO `creature_loot_template` VALUES ('59209', '9764', '0.09', '1', '0', '1', '1');
INSERT INTO `creature_loot_template` VALUES ('59209', '55403', '0.09', '1', '0', '1', '1');
INSERT INTO `creature_loot_template` VALUES ('59209', '55674', '0.09', '1', '0', '1', '1');
INSERT INTO `creature_loot_template` VALUES ('59209', '62087', '0.09', '1', '0', '1', '1');
INSERT INTO `creature_loot_template` VALUES ('59209', '2973', '0.09', '1', '0', '1', '1');
INSERT INTO `creature_loot_template` VALUES ('59209', '6378', '0.09', '1', '0', '1', '1');
INSERT INTO `creature_loot_template` VALUES ('59209', '55368', '0.09', '1', '0', '1', '1');
INSERT INTO `creature_loot_template` VALUES ('59209', '62109', '0.09', '1', '0', '1', '1');
INSERT INTO `creature_loot_template` VALUES ('59209', '3643', '0.08', '1', '0', '1', '1');
INSERT INTO `creature_loot_template` VALUES ('59209', '62117', '0.08', '1', '0', '1', '1');
INSERT INTO `creature_loot_template` VALUES ('59209', '55738', '0.08', '1', '0', '1', '1');
INSERT INTO `creature_loot_template` VALUES ('59209', '9786', '0.08', '1', '0', '1', '1');
INSERT INTO `creature_loot_template` VALUES ('59209', '6547', '0.08', '1', '0', '1', '1');
INSERT INTO `creature_loot_template` VALUES ('59209', '62111', '0.08', '1', '0', '1', '1');
INSERT INTO `creature_loot_template` VALUES ('59209', '62114', '0.08', '1', '0', '1', '1');
INSERT INTO `creature_loot_template` VALUES ('59209', '55592', '0.08', '1', '0', '1', '1');
INSERT INTO `creature_loot_template` VALUES ('59209', '55612', '0.08', '1', '0', '1', '1');
INSERT INTO `creature_loot_template` VALUES ('59209', '55711', '0.08', '1', '0', '1', '1');
INSERT INTO `creature_loot_template` VALUES ('59209', '62099', '0.08', '1', '0', '1', '1');
INSERT INTO `creature_loot_template` VALUES ('59209', '62123', '0.08', '1', '0', '1', '1');
INSERT INTO `creature_loot_template` VALUES ('59209', '55521', '0.08', '1', '0', '1', '1');
INSERT INTO `creature_loot_template` VALUES ('59209', '55594', '0.08', '1', '0', '1', '1');
INSERT INTO `creature_loot_template` VALUES ('59209', '55729', '0.08', '1', '0', '1', '1');
INSERT INTO `creature_loot_template` VALUES ('59209', '4678', '0.08', '1', '0', '1', '1');
INSERT INTO `creature_loot_template` VALUES ('59209', '55718', '0.08', '1', '0', '1', '1');
INSERT INTO `creature_loot_template` VALUES ('59209', '55549', '0.08', '1', '0', '1', '1');
INSERT INTO `creature_loot_template` VALUES ('59209', '62107', '0.08', '1', '0', '1', '1');
INSERT INTO `creature_loot_template` VALUES ('59209', '4571', '0.08', '1', '0', '1', '1');
INSERT INTO `creature_loot_template` VALUES ('59209', '62084', '0.08', '1', '0', '1', '1');
INSERT INTO `creature_loot_template` VALUES ('59209', '62130', '0.08', '1', '0', '1', '1');
INSERT INTO `creature_loot_template` VALUES ('59209', '55656', '0.08', '1', '0', '1', '1');
INSERT INTO `creature_loot_template` VALUES ('59209', '2983', '0.08', '1', '0', '1', '1');
INSERT INTO `creature_loot_template` VALUES ('59209', '55673', '0.08', '1', '0', '1', '1');
INSERT INTO `creature_loot_template` VALUES ('59209', '55629', '0.08', '1', '0', '1', '1');
INSERT INTO `creature_loot_template` VALUES ('59209', '62129', '0.08', '1', '0', '1', '1');
INSERT INTO `creature_loot_template` VALUES ('59209', '5212', '0.08', '1', '0', '1', '1');
INSERT INTO `creature_loot_template` VALUES ('59209', '62108', '0.08', '1', '0', '1', '1');
INSERT INTO `creature_loot_template` VALUES ('59209', '62119', '0.08', '1', '0', '1', '1');
INSERT INTO `creature_loot_template` VALUES ('59209', '55646', '0.08', '1', '0', '1', '1');
INSERT INTO `creature_loot_template` VALUES ('59209', '55709', '0.08', '1', '0', '1', '1');
INSERT INTO `creature_loot_template` VALUES ('59209', '62116', '0.08', '1', '0', '1', '1');
INSERT INTO `creature_loot_template` VALUES ('59209', '55692', '0.08', '1', '0', '1', '1');
INSERT INTO `creature_loot_template` VALUES ('59209', '55611', '0.08', '1', '0', '1', '1');
INSERT INTO `creature_loot_template` VALUES ('59209', '55565', '0.07', '1', '0', '1', '1');
INSERT INTO `creature_loot_template` VALUES ('59209', '55530', '0.07', '1', '0', '1', '1');
INSERT INTO `creature_loot_template` VALUES ('59209', '55603', '0.07', '1', '0', '1', '1');
INSERT INTO `creature_loot_template` VALUES ('59209', '2979', '0.07', '1', '0', '1', '1');
INSERT INTO `creature_loot_template` VALUES ('59209', '62105', '0.07', '1', '0', '1', '1');
INSERT INTO `creature_loot_template` VALUES ('59209', '62112', '0.07', '1', '0', '1', '1');
INSERT INTO `creature_loot_template` VALUES ('59209', '55539', '0.07', '1', '0', '1', '1');
INSERT INTO `creature_loot_template` VALUES ('59209', '55710', '0.07', '1', '0', '1', '1');
INSERT INTO `creature_loot_template` VALUES ('59209', '55556', '0.07', '1', '0', '1', '1');
INSERT INTO `creature_loot_template` VALUES ('59209', '62133', '0.07', '1', '0', '1', '1');
INSERT INTO `creature_loot_template` VALUES ('59209', '55493', '0.07', '1', '0', '1', '1');
INSERT INTO `creature_loot_template` VALUES ('59209', '55583', '0.07', '1', '0', '1', '1');
INSERT INTO `creature_loot_template` VALUES ('59209', '55619', '0.07', '1', '0', '1', '1');
INSERT INTO `creature_loot_template` VALUES ('59209', '55369', '0.07', '1', '0', '1', '1');
INSERT INTO `creature_loot_template` VALUES ('59209', '6549', '0.07', '1', '0', '1', '1');
INSERT INTO `creature_loot_template` VALUES ('59209', '62135', '0.07', '1', '0', '1', '1');
INSERT INTO `creature_loot_template` VALUES ('59209', '55529', '0.07', '1', '0', '1', '1');
INSERT INTO `creature_loot_template` VALUES ('59209', '55701', '0.07', '1', '0', '1', '1');
INSERT INTO `creature_loot_template` VALUES ('59209', '55558', '0.07', '1', '0', '1', '1');
INSERT INTO `creature_loot_template` VALUES ('59209', '62132', '0.07', '1', '0', '1', '1');
INSERT INTO `creature_loot_template` VALUES ('59209', '55602', '0.07', '1', '0', '1', '1');
INSERT INTO `creature_loot_template` VALUES ('59209', '55504', '0.07', '1', '0', '1', '1');
INSERT INTO `creature_loot_template` VALUES ('59209', '62120', '0.07', '1', '0', '1', '1');
INSERT INTO `creature_loot_template` VALUES ('59209', '62134', '0.07', '1', '0', '1', '1');
INSERT INTO `creature_loot_template` VALUES ('59209', '55566', '0.07', '1', '0', '1', '1');
INSERT INTO `creature_loot_template` VALUES ('59209', '55495', '0.07', '1', '0', '1', '1');
INSERT INTO `creature_loot_template` VALUES ('59209', '55547', '0.07', '1', '0', '1', '1');
INSERT INTO `creature_loot_template` VALUES ('59209', '2079', '0.07', '1', '0', '1', '1');
INSERT INTO `creature_loot_template` VALUES ('59209', '62110', '0.07', '1', '0', '1', '1');
INSERT INTO `creature_loot_template` VALUES ('59209', '55655', '0.07', '1', '0', '1', '1');
INSERT INTO `creature_loot_template` VALUES ('59209', '55593', '0.07', '1', '0', '1', '1');
INSERT INTO `creature_loot_template` VALUES ('59209', '55513', '0.07', '1', '0', '1', '1');
INSERT INTO `creature_loot_template` VALUES ('59209', '55585', '0.07', '1', '0', '1', '1');
INSERT INTO `creature_loot_template` VALUES ('59209', '55666', '0.07', '1', '0', '1', '1');
INSERT INTO `creature_loot_template` VALUES ('59209', '55557', '0.07', '1', '0', '1', '1');
INSERT INTO `creature_loot_template` VALUES ('59209', '55367', '0.06', '1', '0', '1', '1');
INSERT INTO `creature_loot_template` VALUES ('59209', '55520', '0.06', '1', '0', '1', '1');
INSERT INTO `creature_loot_template` VALUES ('59209', '55538', '0.06', '1', '0', '1', '1');
INSERT INTO `creature_loot_template` VALUES ('59209', '55664', '0.06', '1', '0', '1', '1');
INSERT INTO `creature_loot_template` VALUES ('59209', '55575', '0.06', '1', '0', '1', '1');
INSERT INTO `creature_loot_template` VALUES ('59209', '55511', '0.06', '1', '0', '1', '1');
INSERT INTO `creature_loot_template` VALUES ('59209', '55675', '0.06', '1', '0', '1', '1');
INSERT INTO `creature_loot_template` VALUES ('59209', '62122', '0.06', '1', '0', '1', '1');
INSERT INTO `creature_loot_template` VALUES ('59209', '2078', '0.06', '1', '0', '1', '1');
INSERT INTO `creature_loot_template` VALUES ('59209', '55494', '0.06', '1', '0', '1', '1');
INSERT INTO `creature_loot_template` VALUES ('59209', '55620', '0.06', '1', '0', '1', '1');
INSERT INTO `creature_loot_template` VALUES ('59209', '55683', '0.06', '1', '0', '1', '1');
INSERT INTO `creature_loot_template` VALUES ('59209', '55621', '0.06', '1', '0', '1', '1');
INSERT INTO `creature_loot_template` VALUES ('59209', '55684', '0.06', '1', '0', '1', '1');
INSERT INTO `creature_loot_template` VALUES ('59209', '62124', '0.06', '1', '0', '1', '1');
INSERT INTO `creature_loot_template` VALUES ('59209', '55574', '0.06', '1', '0', '1', '1');
INSERT INTO `creature_loot_template` VALUES ('59209', '55682', '0.06', '1', '0', '1', '1');
INSERT INTO `creature_loot_template` VALUES ('59209', '55548', '0.06', '1', '0', '1', '1');
INSERT INTO `creature_loot_template` VALUES ('59209', '6554', '0.06', '1', '0', '1', '1');
INSERT INTO `creature_loot_template` VALUES ('59209', '55691', '0.06', '1', '0', '1', '1');
INSERT INTO `creature_loot_template` VALUES ('59209', '55567', '0.06', '1', '0', '1', '1');
INSERT INTO `creature_loot_template` VALUES ('59209', '55503', '0.06', '1', '0', '1', '1');
INSERT INTO `creature_loot_template` VALUES ('59209', '55638', '0.06', '1', '0', '1', '1');
INSERT INTO `creature_loot_template` VALUES ('59209', '55522', '0.06', '1', '0', '1', '1');
INSERT INTO `creature_loot_template` VALUES ('59209', '6379', '0.06', '1', '0', '1', '1');
INSERT INTO `creature_loot_template` VALUES ('59209', '55601', '0.06', '1', '0', '1', '1');
INSERT INTO `creature_loot_template` VALUES ('59209', '55610', '0.06', '1', '0', '1', '1');
INSERT INTO `creature_loot_template` VALUES ('59209', '6560', '0.06', '1', '0', '1', '1');
INSERT INTO `creature_loot_template` VALUES ('59209', '6546', '0.06', '1', '0', '1', '1');
INSERT INTO `creature_loot_template` VALUES ('59209', '55387', '0.06', '1', '0', '1', '1');
INSERT INTO `creature_loot_template` VALUES ('59209', '55540', '0.06', '1', '0', '1', '1');
INSERT INTO `creature_loot_template` VALUES ('59209', '62106', '0.06', '1', '0', '1', '1');
INSERT INTO `creature_loot_template` VALUES ('59209', '55313', '0.06', '1', '0', '1', '1');
INSERT INTO `creature_loot_template` VALUES ('59209', '55630', '0.06', '1', '0', '1', '1');
INSERT INTO `creature_loot_template` VALUES ('59209', '55702', '0.06', '1', '0', '1', '1');
INSERT INTO `creature_loot_template` VALUES ('59209', '55637', '0.05', '1', '0', '1', '1');
INSERT INTO `creature_loot_template` VALUES ('59209', '62115', '0.05', '1', '0', '1', '1');
INSERT INTO `creature_loot_template` VALUES ('59209', '9785', '0.05', '1', '0', '1', '1');
INSERT INTO `creature_loot_template` VALUES ('59209', '55628', '0.05', '1', '0', '1', '1');
INSERT INTO `creature_loot_template` VALUES ('59209', '4699', '0.05', '1', '0', '1', '1');
INSERT INTO `creature_loot_template` VALUES ('59209', '55700', '0.05', '1', '0', '1', '1');
INSERT INTO `creature_loot_template` VALUES ('59209', '55349', '0.05', '1', '0', '1', '1');
INSERT INTO `creature_loot_template` VALUES ('59209', '55502', '0.05', '1', '0', '1', '1');
INSERT INTO `creature_loot_template` VALUES ('59209', '55576', '0.05', '1', '0', '1', '1');
INSERT INTO `creature_loot_template` VALUES ('59209', '62136', '0.05', '1', '0', '1', '1');
INSERT INTO `creature_loot_template` VALUES ('59209', '2987', '0.05', '1', '0', '1', '1');
INSERT INTO `creature_loot_template` VALUES ('59209', '55385', '0.05', '1', '0', '1', '1');
INSERT INTO `creature_loot_template` VALUES ('59209', '55377', '0.05', '1', '0', '1', '1');
INSERT INTO `creature_loot_template` VALUES ('59209', '3645', '0.05', '1', '0', '1', '1');
INSERT INTO `creature_loot_template` VALUES ('59209', '3196', '0.05', '1', '0', '1', '1');
INSERT INTO `creature_loot_template` VALUES ('59209', '55378', '0.05', '1', '0', '1', '1');
INSERT INTO `creature_loot_template` VALUES ('59209', '2984', '0.05', '1', '0', '1', '1');
INSERT INTO `creature_loot_template` VALUES ('59209', '3195', '0.05', '1', '0', '1', '1');
INSERT INTO `creature_loot_template` VALUES ('59209', '6553', '0.05', '1', '0', '1', '1');
INSERT INTO `creature_loot_template` VALUES ('59209', '55412', '0.05', '1', '0', '1', '1');
INSERT INTO `creature_loot_template` VALUES ('59209', '6551', '0.05', '1', '0', '1', '1');
INSERT INTO `creature_loot_template` VALUES ('59209', '55639', '0.05', '1', '0', '1', '1');
INSERT INTO `creature_loot_template` VALUES ('59209', '55657', '0.05', '1', '0', '1', '1');
INSERT INTO `creature_loot_template` VALUES ('59209', '55693', '0.05', '1', '0', '1', '1');
INSERT INTO `creature_loot_template` VALUES ('59209', '55331', '0.05', '1', '0', '1', '1');
INSERT INTO `creature_loot_template` VALUES ('59209', '6540', '0.05', '1', '0', '1', '1');
INSERT INTO `creature_loot_template` VALUES ('59209', '9779', '0.05', '1', '0', '1', '1');
INSERT INTO `creature_loot_template` VALUES ('59209', '6380', '0.04', '1', '0', '1', '1');
INSERT INTO `creature_loot_template` VALUES ('59209', '55332', '0.04', '1', '0', '1', '1');
INSERT INTO `creature_loot_template` VALUES ('59209', '15926', '0.04', '1', '0', '1', '1');
INSERT INTO `creature_loot_template` VALUES ('59209', '55376', '0.04', '1', '0', '1', '1');
INSERT INTO `creature_loot_template` VALUES ('59209', '55314', '0.04', '1', '0', '1', '1');
INSERT INTO `creature_loot_template` VALUES ('59209', '55467', '0.04', '1', '0', '1', '1');
INSERT INTO `creature_loot_template` VALUES ('59209', '55315', '0.04', '1', '0', '1', '1');
INSERT INTO `creature_loot_template` VALUES ('59209', '55351', '0.04', '1', '0', '1', '1');
INSERT INTO `creature_loot_template` VALUES ('59209', '55431', '0.04', '1', '0', '1', '1');
INSERT INTO `creature_loot_template` VALUES ('59209', '55457', '0.04', '1', '0', '1', '1');
INSERT INTO `creature_loot_template` VALUES ('59209', '55432', '0.04', '1', '0', '1', '1');
INSERT INTO `creature_loot_template` VALUES ('59209', '6545', '0.04', '1', '0', '1', '1');
INSERT INTO `creature_loot_template` VALUES ('59209', '9788', '0.04', '1', '0', '1', '1');
INSERT INTO `creature_loot_template` VALUES ('59209', '6528', '0.04', '1', '0', '1', '1');
INSERT INTO `creature_loot_template` VALUES ('59209', '55648', '0.04', '1', '0', '1', '1');
INSERT INTO `creature_loot_template` VALUES ('59209', '3205', '0.04', '1', '0', '1', '1');
INSERT INTO `creature_loot_template` VALUES ('59209', '4695', '0.04', '1', '0', '1', '1');
INSERT INTO `creature_loot_template` VALUES ('59209', '55286', '0.04', '1', '0', '1', '1');
INSERT INTO `creature_loot_template` VALUES ('59209', '3609', '0.04', '1', '0', '1', '1');
INSERT INTO `creature_loot_template` VALUES ('59209', '55458', '0.04', '1', '0', '1', '1');
INSERT INTO `creature_loot_template` VALUES ('59209', '55430', '0.04', '1', '0', '1', '1');
INSERT INTO `creature_loot_template` VALUES ('59209', '6559', '0.04', '1', '0', '1', '1');
INSERT INTO `creature_loot_template` VALUES ('59209', '55295', '0.04', '1', '0', '1', '1');
INSERT INTO `creature_loot_template` VALUES ('59209', '55333', '0.04', '1', '0', '1', '1');
INSERT INTO `creature_loot_template` VALUES ('59209', '2598', '0.04', '1', '0', '1', '1');
INSERT INTO `creature_loot_template` VALUES ('59209', '55386', '0.04', '1', '0', '1', '1');
INSERT INTO `creature_loot_template` VALUES ('59209', '55296', '0.03', '1', '0', '1', '1');
INSERT INTO `creature_loot_template` VALUES ('59209', '55350', '0.03', '1', '0', '1', '1');
INSERT INTO `creature_loot_template` VALUES ('59209', '67539', '0.03', '1', '0', '1', '1');
INSERT INTO `creature_loot_template` VALUES ('59209', '55287', '0.03', '1', '0', '1', '1');
INSERT INTO `creature_loot_template` VALUES ('59209', '55459', '0.03', '1', '0', '1', '1');
INSERT INTO `creature_loot_template` VALUES ('59209', '2969', '0.03', '1', '0', '1', '1');
INSERT INTO `creature_loot_template` VALUES ('59209', '55288', '0.03', '1', '0', '1', '1');
INSERT INTO `creature_loot_template` VALUES ('59209', '2406', '0.03', '1', '0', '1', '1');
INSERT INTO `creature_loot_template` VALUES ('59209', '2408', '0.03', '1', '0', '1', '1');
INSERT INTO `creature_loot_template` VALUES ('59209', '55395', '0.03', '1', '0', '1', '1');
INSERT INTO `creature_loot_template` VALUES ('59209', '55414', '0.03', '1', '0', '1', '1');
INSERT INTO `creature_loot_template` VALUES ('59209', '55340', '0.03', '1', '0', '1', '1');
INSERT INTO `creature_loot_template` VALUES ('59209', '55394', '0.03', '1', '0', '1', '1');
INSERT INTO `creature_loot_template` VALUES ('59209', '55448', '0.03', '1', '0', '1', '1');
INSERT INTO `creature_loot_template` VALUES ('59209', '6271', '0.03', '1', '0', '1', '1');
INSERT INTO `creature_loot_template` VALUES ('59209', '55449', '0.03', '1', '0', '1', '1');
INSERT INTO `creature_loot_template` VALUES ('59209', '55396', '0.03', '1', '0', '1', '1');
INSERT INTO `creature_loot_template` VALUES ('59209', '4408', '0.02', '1', '0', '1', '1');
INSERT INTO `creature_loot_template` VALUES ('59209', '55297', '0.02', '1', '0', '1', '1');
INSERT INTO `creature_loot_template` VALUES ('59209', '7288', '0.02', '1', '0', '1', '1');
INSERT INTO `creature_loot_template` VALUES ('59209', '6342', '0.02', '1', '0', '1', '1');
INSERT INTO `creature_loot_template` VALUES ('59209', '55413', '0.02', '1', '0', '1', '1');
INSERT INTO `creature_loot_template` VALUES ('59209', '55468', '0.02', '1', '0', '1', '1');
INSERT INTO `creature_loot_template` VALUES ('59209', '55466', '0.02', '1', '0', '1', '1');
INSERT INTO `creature_loot_template` VALUES ('59209', '55450', '0.02', '1', '0', '1', '1');
INSERT INTO `creature_loot_template` VALUES ('59209', '856', '0.02', '1', '0', '1', '1');
INSERT INTO `creature_loot_template` VALUES ('59209', '55342', '0.02', '1', '0', '1', '1');
INSERT INTO `creature_loot_template` VALUES ('59209', '2657', '0.02', '1', '0', '1', '1');
INSERT INTO `creature_loot_template` VALUES ('59209', '3610', '0.02', '1', '0', '1', '1');
INSERT INTO `creature_loot_template` VALUES ('59209', '5574', '0.02', '1', '0', '1', '1');
INSERT INTO `creature_loot_template` VALUES ('59209', '2555', '0.02', '1', '0', '1', '1');
INSERT INTO `creature_loot_template` VALUES ('59209', '2553', '0.02', '1', '0', '1', '1');
INSERT INTO `creature_loot_template` VALUES ('59209', '2407', '0.02', '1', '0', '1', '1');
INSERT INTO `creature_loot_template` VALUES ('59209', '55341', '0.02', '1', '0', '1', '1');
INSERT INTO `creature_loot_template` VALUES ('59209', '2881', '0.01', '1', '0', '1', '1');
INSERT INTO `creature_loot_template` VALUES ('59209', '5573', '0.01', '1', '0', '1', '1');
INSERT INTO `creature_loot_template` VALUES ('59209', '55323', '0.01', '1', '0', '1', '1');
INSERT INTO `creature_loot_template` VALUES ('59209', '67122', '0.01', '1', '0', '1', '1');
INSERT INTO `creature_loot_template` VALUES ('59209', '52370', '0.01', '1', '0', '1', '1');
INSERT INTO `creature_loot_template` VALUES ('59209', '66970', '0.01', '1', '0', '1', '1');
INSERT INTO `creature_loot_template` VALUES ('59209', '55324', '0.01', '1', '0', '1', '1');
INSERT INTO `creature_loot_template` VALUES ('59209', '2409', '0.01', '1', '0', '1', '1');
INSERT INTO `creature_loot_template` VALUES ('59209', '67057', '0.01', '1', '0', '1', '1');
INSERT INTO `creature_loot_template` VALUES ('59209', '67125', '0.01', '1', '0', '1', '1');
INSERT INTO `creature_loot_template` VALUES ('59209', '4293', '0.01', '1', '0', '1', '1');
INSERT INTO `creature_loot_template` VALUES ('59209', '52377', '0.01', '1', '0', '1', '1');
INSERT INTO `creature_loot_template` VALUES ('59209', '55304', '0.01', '1', '0', '1', '1');
INSERT INTO `creature_loot_template` VALUES ('59209', '52385', '0.01', '1', '0', '1', '1');
INSERT INTO `creature_loot_template` VALUES ('59209', '55322', '0.01', '1', '0', '1', '1');
INSERT INTO `creature_loot_template` VALUES ('59209', '55358', '0.01', '1', '0', '1', '1');
INSERT INTO `creature_loot_template` VALUES ('59209', '66932', '0.01', '1', '0', '1', '1');
INSERT INTO `creature_loot_template` VALUES ('59209', '66990', '0.01', '1', '0', '1', '1');
INSERT INTO `creature_loot_template` VALUES ('59209', '67061', '0.01', '1', '0', '1', '1');
INSERT INTO `creature_loot_template` VALUES ('59209', '55360', '0.01', '1', '0', '1', '1');
INSERT INTO `creature_loot_template` VALUES ('59209', '66931', '0.01', '1', '0', '1', '1');
INSERT INTO `creature_loot_template` VALUES ('59209', '4345', '0.01', '1', '0', '1', '1');
INSERT INTO `creature_loot_template` VALUES ('59209', '52363', '0.01', '1', '0', '1', '1');
INSERT INTO `creature_loot_template` VALUES ('59209', '67135', '0.1', '1', '0', '1', '1');
INSERT INTO `creature_loot_template` VALUES ('59209', '67138', '0.1', '1', '0', '1', '1');
INSERT INTO `creature_loot_template` VALUES ('59209', '67067', '0.1', '1', '0', '1', '1');
INSERT INTO `creature_loot_template` VALUES ('59209', '67071', '0.1', '1', '0', '1', '1');
INSERT INTO `creature_loot_template` VALUES ('59209', '6344', '0.1', '1', '0', '1', '1');
INSERT INTO `creature_loot_template` VALUES ('59209', '55359', '0.1', '1', '0', '1', '1');
INSERT INTO `creature_loot_template` VALUES ('59209', '67141', '0.1', '1', '0', '1', '1');
INSERT INTO `creature_loot_template` VALUES ('59209', '67143', '0.1', '1', '0', '1', '1');
INSERT INTO `creature_loot_template` VALUES ('59209', '66971', '0.1', '1', '0', '1', '1');
INSERT INTO `creature_loot_template` VALUES ('59209', '66989', '0.1', '1', '0', '1', '1');
INSERT INTO `creature_loot_template` VALUES ('59209', '66991', '0.1', '1', '0', '1', '1');
INSERT INTO `creature_loot_template` VALUES ('59209', '4292', '0.1', '1', '0', '1', '1');
INSERT INTO `creature_loot_template` VALUES ('59209', '4346', '0.1', '1', '0', '1', '1');
INSERT INTO `creature_loot_template` VALUES ('59209', '52366', '0.1', '1', '0', '1', '1');
INSERT INTO `creature_loot_template` VALUES ('59209', '52369', '0.1', '1', '0', '1', '1');
INSERT INTO `creature_loot_template` VALUES ('59209', '55305', '0.1', '1', '0', '1', '1');
INSERT INTO `creature_loot_template` VALUES ('59209', '67129', '0.1', '1', '0', '1', '1');
INSERT INTO `creature_loot_template` VALUES ('59209', '67132', '0.1', '1', '0', '1', '1');
INSERT INTO `creature_loot_template` VALUES ('59209', '68789', '0.1', '1', '0', '1', '1');
INSERT INTO `creature_loot_template` VALUES ('59209', '67121', '0.1', '1', '0', '1', '1');
INSERT INTO `creature_loot_template` VALUES ('59209', '66941', '0.1', '1', '0', '1', '1');
INSERT INTO `creature_loot_template` VALUES ('59209', '66972', '0.1', '1', '0', '1', '1');
INSERT INTO `creature_loot_template` VALUES ('59209', '66993', '0.1', '1', '0', '1', '1');
INSERT INTO `creature_loot_template` VALUES ('59209', '66994', '0.1', '1', '0', '1', '1');
INSERT INTO `creature_loot_template` VALUES ('59209', '67069', '0.1', '1', '0', '1', '1');
INSERT INTO `creature_loot_template` VALUES ('59209', '67123', '0.1', '1', '0', '1', '1');
INSERT INTO `creature_loot_template` VALUES ('59209', '67124', '0.1', '1', '0', '1', '1');
INSERT INTO `creature_loot_template` VALUES ('59209', '67126', '0.1', '1', '0', '1', '1');
INSERT INTO `creature_loot_template` VALUES ('59209', '4409', '0.1', '1', '0', '1', '1');
INSERT INTO `creature_loot_template` VALUES ('59209', '6716', '0.1', '1', '0', '1', '1');
INSERT INTO `creature_loot_template` VALUES ('59209', '52364', '0.1', '1', '0', '1', '1');
INSERT INTO `creature_loot_template` VALUES ('59209', '52386', '0.1', '1', '0', '1', '1');
UPDATE `creature_template` SET lootid='59209' WHERE entry='59209';
DELETE FROM `pickpocketing_loot_template` WHERE entry='59209';
INSERT INTO `pickpocketing_loot_template` VALUES ('59209', '63273', '2.26', '1', '0', '1', '1');
INSERT INTO `pickpocketing_loot_template` VALUES ('59209', '63274', '2.05', '1', '0', '1', '1');
INSERT INTO `pickpocketing_loot_template` VALUES ('59209', '63275', '1.89', '1', '0', '1', '1');
INSERT INTO `pickpocketing_loot_template` VALUES ('59209', '63349', '1.85', '1', '0', '1', '1');
INSERT INTO `pickpocketing_loot_template` VALUES ('59209', '63272', '1.02', '1', '0', '1', '1');
INSERT INTO `pickpocketing_loot_template` VALUES ('59209', '63271', '0.9', '1', '0', '1', '1');
INSERT INTO `pickpocketing_loot_template` VALUES ('59209', '58259', '0.77', '1', '0', '1', '1');
INSERT INTO `pickpocketing_loot_template` VALUES ('59209', '58261', '0.61', '1', '0', '1', '1');
INSERT INTO `pickpocketing_loot_template` VALUES ('59209', '5368', '0.54', '1', '0', '1', '1');
INSERT INTO `pickpocketing_loot_template` VALUES ('59209', '63300', '0.46', '1', '0', '1', '1');
UPDATE `creature_template` SET pickpocketloot='59209' WHERE entry='59209';
INSERT INTO `creature` VALUES (405534, 59209, 36, 1581, 1581, 2, 1, 2448, 0, -138.802, -578.325, 18.572, 3.10669, 7200, 0, 0, 1140, 1580, 0, 0, 0, 0);
INSERT INTO `creature` VALUES (405535, 59209, 36, 1581, 1581, 2, 1, 36164, 0, -100.878, -676.349, 7.49962, 1.78024, 7200, 0, 0, 1140, 1580, 0, 0, 0, 0);
INSERT INTO `creature` VALUES (405536, 59209, 36, 1581, 1581, 2, 1, 36164, 0, -129.417, -633.34, 13.2763, 1.78024, 7200, 0, 0, 1140, 1580, 0, 0, 0, 0);
INSERT INTO `creature` VALUES (405537, 59209, 36, 1581, 1581, 2, 1, 36163, 0, -97.467, -675.726, 7.50242, 1.78024, 7200, 0, 0, 1140, 1580, 0, 0, 0, 0);
-- objects for heroic
DELETE FROM gameobject WHERE guid BETWEEN 5006145 AND 5006189;
INSERT INTO `gameobject` VALUES (5006145, 17153, 36, 1581, 1581, 2, 1, -168.514, -579.861, 19.3159, 3.12414, 0, 0, 0.999962, 0.008726, 43200, 100, 1);
INSERT INTO `gameobject` VALUES (5006146, 17153, 36, 1581, 1581, 2, 1, -262.714, -482.361, 49.4353, -0.017454, 0, 0, -0.008727, 0.999962, 43200, 100, 1);
INSERT INTO `gameobject` VALUES (5006147, 17154, 36, 1581, 1581, 2, 1, -242.965, -578.561, 51.1366, 3.12414, 0, 0, 0.999962, 0.008726, 43200, 100, 1);
INSERT INTO `gameobject` VALUES (5006148, 17153, 36, 1581, 1581, 2, 1, -290.294, -536.96, 49.4353, 1.55334, 0, 0, 0.700909, 0.71325, 43200, 100, 1);
INSERT INTO `gameobject` VALUES (5006149, 1731, 36, 1581, 1581, 2, 1, -81.0082, -394.329, 61.5258, 0.436332, 0, 0, 0.21644, 0.976296, 900, 100, 1);
INSERT INTO `gameobject` VALUES (5006150, 1732, 36, 1581, 1581, 2, 1, -127.872, -444.354, 57.161, 0.349066, 0, 0, 0.173648, 0.984808, 900, 100, 1);
INSERT INTO `gameobject` VALUES (5006151, 101831, 36, 1581, 1581, 2, 1, -188.136, -460.313, 54.5591, 1.72788, 0, 0, 0.760406, 0.649448, 43200, 100, 1);
INSERT INTO `gameobject` VALUES (5006152, 1732, 36, 1581, 1581, 2, 1, -211.943, -518.46, 52.8603, -2.33874, 0, 0, 0.920505, -0.390731, 900, 100, 1);
INSERT INTO `gameobject` VALUES (5006153, 19019, 36, 1581, 1581, 2, 1, -214.701, -545.259, 19.3065, -1.37881, 0, 0, 0.636078, -0.771625, 43200, 100, 1);
INSERT INTO `gameobject` VALUES (5006154, 123207, 36, 1581, 1581, 2, 1, -205.664, -574.581, 20.9987, 1.55334, 0, 0, 0.700909, 0.71325, 43200, 100, 1);
INSERT INTO `gameobject` VALUES (5006155, 101834, 36, 1581, 1581, 2, 1, -165.404, -576.924, 19.3064, -2.98451, 0, 0, 0.996917, -0.078458, 43200, 100, 1);
INSERT INTO `gameobject` VALUES (5006156, 123210, 36, 1581, 1581, 2, 1, -205.805, -583.964, 20.9987, -1.58825, 0, 0, -0.71325, 0.700909, 43200, 100, 1);
INSERT INTO `gameobject` VALUES (5006157, 123208, 36, 1581, 1581, 2, 1, -210.428, -579.201, 20.9987, 3.12414, 0, 0, 0.999962, 0.008726, 43200, 100, 1);
INSERT INTO `gameobject` VALUES (5006158, 123209, 36, 1581, 1581, 2, 1, -201.043, -579.374, 20.9987, -0.017454, 0, 0, -0.008727, 0.999962, 43200, 100, 1);
INSERT INTO `gameobject` VALUES (5006159, 19019, 36, 1581, 1581, 2, 1, -170.766, -588.508, 19.3276, 2.77507, 0, 0, 0.983255, 0.182236, 43200, 100, 1);
INSERT INTO `gameobject` VALUES (5006160, 101832, 36, 1581, 1581, 2, 1, -287.282, -539.877, 49.4321, 1.72788, 0, 0, 0.760406, 0.649448, 43200, 100, 1);
INSERT INTO `gameobject` VALUES (5006161, 1731, 36, 1581, 1581, 2, 1, -286.104, -577.582, 50.9829, -0.069813, 0, 0, 0.034899, -0.999391, 900, 100, 1);
INSERT INTO `gameobject` VALUES (5006162, 123211, 36, 1581, 1581, 2, 1, -205.973, -613.262, 19.4004, -0.104719, 0, 0, -0.052336, 0.99863, 43200, 100, 1);
INSERT INTO `gameobject` VALUES (5006163, 123213, 36, 1581, 1581, 2, 1, -196.491, -605.381, 19.4004, 1.64061, 0, 0, 0.731353, 0.681999, 43200, 100, 1);
INSERT INTO `gameobject` VALUES (5006164, 123212, 36, 1581, 1581, 2, 1, -196.417, -610.98, 19.4004, -2.02458, 0, 0, -0.848048, 0.529919, 43200, 100, 1);
INSERT INTO `gameobject` VALUES (5006165, 17155, 36, 1581, 1581, 2, 1, -106.409, -617.284, 13.8495, -0.767945, 0, 0, 0.374607, -0.927184, 180, 100, 1);
INSERT INTO `gameobject` VALUES (5006166, 1732, 36, 1581, 1581, 2, 1, -106.249, -611.118, 16.6945, 2.25148, 0, 0, 0.902585, 0.430511, 900, 100, 1);
INSERT INTO `gameobject` VALUES (5006167, 16398, 36, 1581, 1581, 2, 1, -107.562, -659.674, 7.21211, -0.890294, -0.002224, 0.0111, -0.430507, 0.902516, 180, 100, 1);
INSERT INTO `gameobject` VALUES (5006168, 101833, 36, 1581, 1581, 2, 1, -96.9278, -670.597, 7.40338, 1.90241, 0, 0, 0.814115, 0.580703, 43200, 100, 1);
INSERT INTO `gameobject` VALUES (5006169, 3705, 36, 1581, 1581, 2, 1, -89.3315, -682.574, 7.42373, -2.63545, 0, 0, 0.968148, -0.25038, 180, 100, 1);
INSERT INTO `gameobject` VALUES (5006170, 3705, 36, 1581, 1581, 2, 1, -43.7597, -733.648, 9.18536, 1.18682, 0, 0, 0.559193, 0.829038, 180, 100, 1);
INSERT INTO `gameobject` VALUES (5006171, 19019, 36, 1581, 1581, 2, 1, -141.933, -770.301, 2.44696, 0.017453, 0, 0, 0.008727, 0.999962, 43200, 100, 1);
INSERT INTO `gameobject` VALUES (5006172, 144111, 36, 1581, 1581, 1, 1, 2.69086, -781.633, 9.76985, 2.33874, 0, 0, 0.920505, 0.390731, 43200, 100, 1);
INSERT INTO `gameobject` VALUES (5006173, 3662, 36, 1581, 1581, 2, 1, -144.899, -891.56, 4.30954, 1.51844, 0, 0, 0.688355, 0.725374, 180, 100, 1);
INSERT INTO `gameobject` VALUES (5006174, 17153, 36, 1581, 1581, 2, 1, -191.414, -457.446, 54.4391, 1.69297, 0, 0, 0.748955, 0.66262, 180, 100, 1);
INSERT INTO `gameobject` VALUES (5006175, 17153, 36, 1581, 1581, 2, 1, -100.502, -668.771, 7.41049, 1.81514, 0, 0, 0.788011, 0.615662, 180, 100, 1);
INSERT INTO `gameobject` VALUES (5006176, 1732, 36, 1581, 1581, 2, 1, -146.761, -519.81, 55.0914, -0.628319, 0, 0, 0.309017, -0.951056, 900, 100, 1);
INSERT INTO `gameobject` VALUES (5006177, 19019, 36, 1581, 1581, 2, 1, -236.247, -560.498, 19.3065, -0.401426, 0, 0, 0.199368, -0.979925, 180, 100, 1);
INSERT INTO `gameobject` VALUES (5006178, 19019, 36, 1581, 1581, 2, 1, -123.418, -705.997, 8.44232, 0.802851, 0, 0, 0.390731, 0.920505, 180, 100, 1);
INSERT INTO `gameobject` VALUES (5006179, 3662, 36, 1581, 1581, 2, 1, -103.57, -723.359, 8.49449, 0.698132, 0, 0, 0.34202, 0.939693, 180, 100, 1);
INSERT INTO `gameobject` VALUES (5006180, 1731, 36, 1581, 1581, 2, 1, -56.9023, -349.056, 57.4095, -1.06465, 0, 0, 0.507538, -0.861629, 900, 100, 1);
INSERT INTO `gameobject` VALUES (5006181, 19019, 36, 1581, 1581, 2, 1, -200.774, -574.159, 20.9768, 0.767945, 0, 0, 0.374607, 0.927184, 180, 100, 1);
INSERT INTO `gameobject` VALUES (5006182, 1732, 36, 1581, 1581, 2, 1, -140.057, -602.209, 17.7757, -1.37881, 0, 0, 0.636078, -0.771625, 900, 100, 1);
INSERT INTO `gameobject` VALUES (5006183, 1731, 36, 1581, 1581, 2, 1, -314.51, -592.77, 51.2438, 0.959931, 0, 0, 0.461749, 0.887011, 900, 100, 1);
INSERT INTO `gameobject` VALUES (5006184, 19019, 36, 1581, 1581, 2, 1, -185.016, -692.186, 8.81941, -1.41372, 0, 0, 0.649448, -0.760406, 180, 100, 1);
INSERT INTO `gameobject` VALUES (5006185, 75293, 36, 1581, 1581, 2, 1, -300.887, -532.542, 49.4236, 0.226893, 0, 0, 0.113203, 0.993572, 120, 100, 1);
INSERT INTO `gameobject` VALUES (5006186, 75293, 36, 1581, 1581, 2, 1, -63.0889, -797.013, 39.0067, 1.55334, 0, 0, 0.700909, 0.71325, 120, 100, 1);
INSERT INTO `gameobject` VALUES (5006187, 75293, 36, 1581, 1581, 2, 1, -77.7409, -788.596, 26.1097, 1.16937, 0, 0, 0.551937, 0.833886, 120, 100, 1);
INSERT INTO `gameobject` VALUES (5006188, 75293, 36, 1581, 1581, 2, 1, -209.206, -602.72, 19.3065, -0.139626, 0, 0, 0.069756, -0.997564, 120, 100, 1);
INSERT INTO `gameobject` VALUES (5006189, 75293, 36, 1581, 1581, 2, 1, -312.046, -477.501, 49.5979, -1.55334, 0, 0, 0.700909, -0.71325, 120, 100, 1);
