-- Boss http://www.wowhead.com/npc=46753
UPDATE `creature_template` SET `minlevel`=85, `maxlevel`=85, `exp`=3, `mindmg`=6388, `maxdmg`=6860, `Health_mod`=679.244, `dmg_multiplier`=7.5 WHERE `entry`=46753;

-- Boss http://www.wowhead.com/npc=45870
UPDATE `creature_template` SET `minlevel`=85, `maxlevel`=85, `exp`=3, `mindmg`=4216, `maxdmg`=4377, `Health_mod`=411.139, `dmg_multiplier`=5.1 WHERE `entry`=45870;

-- Boss http://www.wowhead.com/npc=46753
UPDATE `creature_template` SET `minlevel`=85, `maxlevel`=85, `exp`=3, `mindmg`=4108, `maxdmg`=4304, `Health_mod`=407.233, `dmg_multiplier`=5.1 WHERE `entry`=45871;

-- Boss http://www.wowhead.com/npc=46753
UPDATE `creature_template` SET `minlevel`=85, `maxlevel`=85, `exp`=3, `mindmg`=4096, `maxdmg`=4319, `Health_mod`=409.104, `dmg_multiplier`=5.1 WHERE `entry`=45872;

-- cleanup to high guid from creature and replace with lower guid 
DELETE FROM creature WHERE guid IN (7350712,7354942,7354940,7352694,7358904,7358862,7351718,7351717,7351192,7352693,7349746,7247841,7352198,7356972,7236441,7353194,7351212,7351216);
DELETE FROM creature WHERE guid IN (7236439,7236438,7236437,7236436,7236435,7236434,7356405,7352696,7351203,7351204,7351205,7351206,7351207,7351208,7351209,7351210,7351211);
DELETE FROM creature WHERE guid IN (7249484,7247793,7247537,7247536,7247148,7247790,7247842,7247797,7247791);

DELETE FROM creature WHERE guid IN (323423,323424,323425,323426,323427,323428,323429);
DELETE FROM creature WHERE guid IN (323388,323389,323390,323391,323392,323393,323394,323395,323396,323397,323398,323399,323400,323401,323402,323403,323404,323405);
DELETE FROM creature WHERE guid IN (323406,323407,323408,323409,323410,323411,323412,323413,323414,323415,323416,323417,323418,323419,323420,323421,323422);
INSERT INTO `creature` VALUES ('323388', '1767', '0', '130', '927', '1', '1', '0', '1767', '1234.38', '885.278', '33.3333', '5.67711', '300', '0', '0', '247', '0', '0', '0', '0', '0');
INSERT INTO `creature` VALUES ('323389', '43687', '671', '5334', '5334', '1', '1', '0', '0', '-1050.34', '-565.428', '835.219', '5.91304', '300', '0', '0', '4934480', '4075651', '0', '0', '0', '0');
INSERT INTO `creature` VALUES ('323390', '43686', '671', '5334', '5334', '1', '1', '0', '0', '-1050', '-599.921', '835.227', '0.352424', '300', '0', '0', '4934480', '4075651', '0', '0', '0', '0');
INSERT INTO `creature` VALUES ('323391', '50245', '1', '357', '5706', '1', '1', '0', '0', '-5738.64', '589.793', '168.918', '1.56903', '300', '0', '0', '147', '0', '0', '0', '0', '0');
INSERT INTO `creature` VALUES ('323392', '36461', '654', '4714', '4714', '1', '1', '0', '36461', '-2111.77', '2332.58', '7.2584', '0.0878148', '300', '0', '0', '343', '0', '0', '0', '0', '0');
INSERT INTO `creature` VALUES ('323393', '35627', '638', '4755', '4761', '1', '1032', '0', '0', '-1601.5', '1516.4', '29.2495', '4.17163', '300', '0', '0', '86', '0', '0', '0', '0', '0');
INSERT INTO `creature` VALUES ('323394', '45434', '0', '139', '2619', '1', '1', '0', '0', '1918.22', '-2642.17', '59.5187', '5.98928', '300', '0', '0', '1848', '0', '0', '0', '0', '0');
INSERT INTO `creature` VALUES ('323395', '45433', '0', '139', '2619', '1', '1', '0', '0', '1917.87', '-2643.58', '59.5426', '6.05451', '300', '0', '0', '1848', '0', '0', '0', '0', '0');
INSERT INTO `creature` VALUES ('323396', '44987', '0', '130', '235', '1', '1', '0', '0', '964.032', '687.892', '59.7374', '1.66177', '300', '0', '0', '683', '0', '0', '0', '0', '0');
INSERT INTO `creature` VALUES ('323397', '50005', '0', '5145', '4974', '1', '1', '0', '0', '-6979.26', '6586.6', '-949.452', '0.189003', '300', '0', '0', '47927', '0', '0', '0', '0', '0');
INSERT INTO `creature` VALUES ('323398', '51335', '0', '4922', '5594', '1', '1', '0', '0', '-4706.32', '-5510.11', '75.1401', '4.83101', '300', '0', '0', '42', '0', '0', '0', '0', '0');
INSERT INTO `creature` VALUES ('323399', '5446', '0', '2037', '2037', '1', '1', '0', '0', '4164.44', '-2751.01', '45.7562', '0.449506', '300', '0', '0', '1', '0', '0', '0', '0', '0');
INSERT INTO `creature` VALUES ('323400', '43982', '1', '17', '5117', '1', '1', '0', '0', '1163.54', '-3380.38', '91.667', '4.3304', '300', '0', '0', '344', '0', '0', '0', '0', '0');
INSERT INTO `creature` VALUES ('323401', '29110', '609', '4298', '4356', '1', '128', '0', '0', '2310.16', '-5742.48', '161.147', '3.77119', '300', '0', '0', '27890000', '0', '0', '0', '0', '0');
INSERT INTO `creature` VALUES ('323402', '34851', '638', '0', '0', '1', '1', '0', '0', '-1453.01', '1437.08', '35.9449', '5.09636', '300', '0', '0', '42', '0', '0', '0', '0', '0');
INSERT INTO `creature` VALUES ('323403', '46647', '1', '1637', '5170', '1', '3969', '0', '0', '1618.67', '-4235.6', '52.196', '2.90692', '300', '0', '0', '74819', '0', '0', '0', '0', '0');
INSERT INTO `creature` VALUES ('323404', '34851', '638', '0', '0', '1', '1', '0', '0', '-1559', '1419.45', '35.7986', '5.53269', '300', '0', '0', '42', '0', '0', '0', '0', '0');
INSERT INTO `creature` VALUES ('323405', '34851', '638', '0', '0', '1', '1', '0', '0', '-1521.51', '1403.05', '35.6393', '4.5204', '300', '0', '0', '42', '0', '0', '0', '0', '0');
INSERT INTO `creature` VALUES ('323406', '34851', '638', '0', '0', '1', '1', '0', '0', '-1510.83', '1437.73', '35.9495', '5.53269', '300', '0', '0', '42', '0', '0', '0', '0', '0');
INSERT INTO `creature` VALUES ('323407', '34851', '638', '0', '0', '1', '1', '0', '0', '-1470.29', '1384.36', '36.0872', '1.09956', '300', '0', '0', '42', '0', '0', '0', '0', '0');
INSERT INTO `creature` VALUES ('323408', '34851', '638', '0', '0', '1', '1', '0', '0', '-1511.78', '1382.74', '35.9547', '1.09956', '300', '0', '0', '42', '0', '0', '0', '0', '0');
INSERT INTO `creature` VALUES ('323409', '34851', '638', '0', '0', '1', '1', '0', '0', '-1559.5', '1384.31', '36.2494', '0.575959', '300', '0', '0', '42', '0', '0', '0', '0', '0');
INSERT INTO `creature` VALUES ('323410', '37953', '654', '4714', '4868', '1', '1032', '0', '0', '-2289.68', '1417.52', '-2.98874', '0.161763', '300', '0', '0', '176', '0', '0', '0', '0', '0');
INSERT INTO `creature` VALUES ('323411', '50062', '646', '5042', '5294', '1', '1', '0', '0', '753.796', '1286.07', '30.9369', '0.148589', '300', '0', '0', '586810', '0', '0', '0', '0', '0');
INSERT INTO `creature` VALUES ('323412', '5894', '0', '130', '305', '1', '1', '0', '0', '427.603', '1820.42', '10.384', '1.62029', '300', '0', '0', '508', '545', '0', '0', '0', '0');
INSERT INTO `creature` VALUES ('323413', '5895', '0', '130', '305', '1', '1', '0', '0', '435.371', '1828.84', '12.2944', '2.19342', '300', '0', '0', '573', '0', '0', '0', '0', '0');
INSERT INTO `creature` VALUES ('323414', '5895', '0', '130', '305', '1', '1', '0', '0', '443.009', '1834.41', '12.6388', '0.888788', '300', '0', '0', '573', '0', '0', '0', '0', '0');
INSERT INTO `creature` VALUES ('323415', '5895', '0', '130', '305', '1', '1', '0', '0', '443.808', '1846.61', '11.7478', '1.84719', '300', '0', '0', '573', '0', '0', '0', '0', '0');
INSERT INTO `creature` VALUES ('323416', '5895', '0', '130', '305', '1', '1', '0', '0', '429.603', '1849.93', '12.7599', '2.23858', '300', '0', '0', '573', '0', '0', '0', '0', '0');
INSERT INTO `creature` VALUES ('323417', '5895', '0', '130', '305', '1', '1', '0', '0', '413.177', '1844.69', '12.6955', '2.17335', '300', '0', '0', '573', '0', '0', '0', '0', '0');
INSERT INTO `creature` VALUES ('323418', '5895', '0', '130', '305', '1', '1', '0', '0', '407.073', '1850.37', '13.875', '1.88232', '300', '0', '0', '573', '0', '0', '0', '0', '0');
INSERT INTO `creature` VALUES ('323419', '5895', '0', '130', '305', '1', '1', '0', '0', '394.127', '1851.58', '12.2783', '3.55827', '300', '0', '0', '573', '0', '0', '0', '0', '0');
INSERT INTO `creature` VALUES ('323420', '5895', '0', '130', '305', '1', '1', '0', '0', '391.737', '1833.81', '12.9214', '4.91308', '300', '0', '0', '573', '0', '0', '0', '0', '0');
INSERT INTO `creature` VALUES ('323421', '5895', '0', '130', '305', '1', '1', '0', '0', '405.071', '1820.67', '10.3844', '6.12237', '300', '0', '0', '573', '0', '0', '0', '0', '0');
INSERT INTO `creature` VALUES ('323422', '46846', '0', '130', '233', '1', '1', '0', '0', '-119.691', '969.909', '67.3689', '0.159961', '300', '0', '0', '210', '0', '0', '0', '0', '0');
INSERT INTO `creature` VALUES ('323423', '50324', '0', '5144', '5005', '1', '65535', '0', '0', '-6134.57', '4288.28', '-348.512', '0.209058', '300', '0', '0', '5492', '0', '0', '0', '0', '0');
INSERT INTO `creature` VALUES ('323424', '2110', '0', '2037', '2037', '1', '1', '0', '0', '4261.23', '-2840.51', '38.4569', '2.89734', '300', '0', '0', '0', '0', '0', '0', '0', '0');
INSERT INTO `creature` VALUES ('323425', '2110', '0', '2037', '2037', '1', '1', '0', '0', '4259.5', '-2838.72', '38.5238', '3.31284', '300', '0', '0', '0', '0', '0', '0', '0', '0');
INSERT INTO `creature` VALUES ('323426', '2110', '0', '2037', '2037', '1', '1', '0', '0', '4254.34', '-2840.19', '38.4632', '0.24979', '300', '0', '0', '0', '0', '0', '0', '0', '0');
INSERT INTO `creature` VALUES ('323427', '2110', '0', '2037', '2037', '1', '1', '0', '0', '4257.18', '-2840.79', '38.4765', '1.4251', '300', '0', '0', '0', '0', '0', '0', '0', '0');
INSERT INTO `creature` VALUES ('323428', '2110', '0', '2037', '2037', '1', '1', '0', '0', '4255.35', '-2840.56', '38.4464', '0.753201', '300', '0', '0', '0', '0', '0', '0', '0', '0');
INSERT INTO `creature` VALUES ('323429', '4415', '0', '2037', '2037', '1', '1', '0', '0', '4168.82', '-2748.33', '46.8952', '0.645856', '300', '0', '0', '1', '0', '0', '0', '0', '0');

-- delete some  mop mobs spawn
DELETE FROM creature WHERE guid IN (7241556,7241555,7241554,7241553,7241552,7241551,7241550,7241549,7241548,7241547,7241546,7241545,7241544,7241543,7241542,7241541,7241540,7241539);
DELETE FROM creature WHERE guid IN (7241538,7241537,7241536,7241535,7241534,7241533,7241532,7241531,7241530,7241529,7241528,7241527,7241526,7241525,7241524,7241523,7241522,7241521);
DELETE FROM creature WHERE guid IN (7241520
,7241519
,7241518
,7241517
,7241516
,7241515
,7241514
,7241513
,7241512
,7241511
,7241510
,7241509
,7241508
,7241507
,7241506
,7241505
,7241504
,7241503
,7241502
,7241501
,7241500
,7241499
,7241498
,7241497
,7241496
,7241495
,7241494
,7241493
,7241492
,7241491
,7241490
,7241489
,7241488
,7241487
,7241486
,7241485
,7241484
,7241483
,7241482
,7241481
,7241480
,7241479
,7241478
,7241477
,7241476
,7241475
,7241474
,7241473
,7241472
,7241471
,7241470
,7241469
,7241468
,7241467
,7241466
,7241465
,7241464
,7241463
,7241462
,7241461
,7241460
,7241459
,7241458
,7241457
,7241456
,7241455
,7241454
,7241453
,7241452
,7241451
,7241450
,7241449
,7241448
,7241447
,7241446
,7241445
,7241444
,7241443
,7241442
,7241441
,7241440
,7241439
,7241438
,7241437
,7241436
,7241435
,7241434
,7241433
,7241432
,7241431
,7241430
,7241429
,7241428
,7241427
,7241426
,7241425
,7241424
,7241423
,7241422
,7241421
,7241420
,7241419
,7241418
,7241417
,7241416
,7241415
,7241414
,7241413
,7241412
,7241411
,7241410
,7241409
,7241408
,7241407
,7241406
,7241405
,7241404
,7241403
,7241557
,7241558
,7241559
,7241560
,7241561
,7241562
,7241563
,7241564
,7241565
,7241566
,7241567
,7241568
,7241569
,7241570
,7241571
,7241572
,7241573
,7241574
,7241575
,7241576
,7241577
,7241578
,7241579
,7241580
,7241581
,7241582
,7241583);

DELETE FROM creature WHERE guid IN (7239124
,7239117
,7239114
,7239113
,7239112
,7238585
,7239109
,7236463
,7236462
,7236461
,7236460
,7236459
,7236458
,7236457
,7236456
,7236455
,7236454
,7236453
,7236452
,7236451
,7236450
,7236449
,7236448
,7236447
,7236446
,7236445
,7236444
,7236443
,7236442
,7235807
,7235827
,7235826
,7235879
,7235878
,7235877
,7235806
,7235825
,7235824
,7235823
,7235822
,7235805
,7235804
,7235803
,7235802
,7235801
,7235800
,7235797
,7235936
,7235799
,7235935
,7235934
,7235933
,7235932
,7235931
,7235929
,7235798
,7235945
,7235941
,7235909
,7235908
,7235907
,7235944
,7235937
,7235940
,7235939
,7235938
,7235927
,7235875
,7235876
,7235874
,7235873
,7235872
,7235871
,7235870
,7235869
,7235868
,7235867
,7235866
,7235865
,7235864
,7235861
,7235863
,7235821
,7235820
,7235819
,7235818
,7235862
,7235860
,7235859
,7235858
,7235857
,7235856
,7235855
,7235854
,4408600
,600401
,600402
,600403
,600404
,600400
,407502
,407501
,407500
,407585
,407584
,407583
,407586
,407587);

DELETE FROM creature WHERE guid IN (323431
,323432
,323433
,323434
,323435
,323436
,323437
,323438
,323439
,323440
,323441
,323442
,323443
,323444
,323445
,323446
,323447
,323448
,323449
,323450
,323451
,323452
,323453
,323454
,323455
,323456
,323457
,323458
,323459
,323460
,323461
,323462
,323463
,323464
,323465
,323466
,323467
,323468
,323469
,323470
,323471
,323472
,323473
,323474
,323475
,323476
,323477
,323478
,323479
,323480
,323481
,323482
,323483
,323484
,323485
,323486
,323487
,323488
,323489
,323490
,323491
,323492
,323493
,323494
,323495
,323496
,323497
,323498
,323499
,323500
,323501
,323502
,323503
,323504
,323505
,323506
,323507
,323508
,323509
,323510
,323511
,323512
,323513
,323514
,323515
,323516
,323517
,323518
,323519
,323520
,323521
,323522
,323523
,323524
,323525
,323526
,323527
,323528
,323529
,323530
,323531
,323532
,323533
,323534
,323535
,323536
,323537
,323538);

INSERT INTO `creature` VALUES ('323431', '35627', '638', '0', '0', '1', '1', '0', '0', '-1587.34', '1532.76', '29.2273', '5.0854', '300', '0', '0', '86', '0', '0', '0', '0', '0');
INSERT INTO `creature` VALUES ('323432', '35627', '638', '0', '0', '1', '1', '0', '0', '-1608.65', '1523.72', '29.2357', '0.931657', '300', '0', '0', '102', '0', '0', '0', '0', '0');
INSERT INTO `creature` VALUES ('323433', '35627', '638', '0', '0', '1', '1', '0', '0', '-1594.44', '1521', '29.2395', '4.25782', '300', '0', '0', '102', '0', '0', '0', '0', '0');
INSERT INTO `creature` VALUES ('323434', '35627', '638', '0', '0', '1', '1', '0', '0', '-1577.14', '1529.68', '29.2263', '3.57845', '300', '0', '0', '86', '0', '0', '0', '0', '0');
INSERT INTO `creature` VALUES ('323435', '35627', '638', '0', '0', '1', '1', '0', '0', '-1587.16', '1544.03', '29.7076', '5.32204', '300', '0', '0', '86', '0', '0', '0', '0', '0');
INSERT INTO `creature` VALUES ('323436', '1753', '0', '0', '0', '1', '1', '0', '0', '2901.64', '383.492', '31.1771', '2.67998', '300', '0', '0', '156', '0', '0', '0', '0', '0');
INSERT INTO `creature` VALUES ('323437', '35627', '638', '0', '0', '1', '1', '0', '0', '-1607.19', '1511.9', '29.2489', '3.97741', '300', '0', '0', '102', '0', '0', '0', '0', '0');
INSERT INTO `creature` VALUES ('323438', '44086', '638', '0', '0', '1', '1', '0', '0', '-1777.36', '1337.95', '19.9556', '3.83972', '300', '0', '0', '42', '0', '0', '0', '0', '0');
INSERT INTO `creature` VALUES ('323439', '44086', '638', '0', '0', '1', '1', '0', '0', '-1776.27', '1339.79', '19.9285', '3.94444', '300', '0', '0', '42', '0', '0', '0', '0', '0');
INSERT INTO `creature` VALUES ('323440', '44086', '638', '0', '0', '1', '1', '0', '0', '-1778.8', '1339.37', '19.881', '3.83972', '300', '0', '0', '42', '0', '0', '0', '0', '0');
INSERT INTO `creature` VALUES ('323441', '44086', '638', '0', '0', '1', '1', '0', '0', '-1776.7', '1343.02', '19.8651', '2.14675', '300', '0', '0', '42', '0', '0', '0', '0', '0');
INSERT INTO `creature` VALUES ('323442', '44086', '638', '0', '0', '1', '1', '0', '0', '-1777.4', '1344.69', '19.9339', '5.06145', '300', '0', '0', '42', '0', '0', '0', '0', '0');
INSERT INTO `creature` VALUES ('323443', '44086', '638', '0', '0', '1', '1', '0', '0', '-1774.7', '1337.94', '20.0473', '3.9968', '300', '0', '0', '42', '0', '0', '0', '0', '0');
INSERT INTO `creature` VALUES ('323444', '44086', '638', '0', '0', '1', '1', '0', '0', '-1774.83', '1333.91', '19.9612', '5.49779', '300', '0', '0', '42', '0', '0', '0', '0', '0');
INSERT INTO `creature` VALUES ('323445', '44086', '638', '0', '0', '1', '1', '0', '0', '-1771.85', '1339.88', '20.0422', '6.14356', '300', '0', '0', '42', '0', '0', '0', '0', '0');
INSERT INTO `creature` VALUES ('323446', '44086', '638', '0', '0', '1', '1', '0', '0', '-1773.59', '1332.55', '19.9617', '2.14675', '300', '0', '0', '42', '0', '0', '0', '0', '0');
INSERT INTO `creature` VALUES ('323447', '44086', '638', '0', '0', '1', '1', '0', '0', '-1770.6', '1337.48', '20.0394', '1.43117', '300', '0', '0', '42', '0', '0', '0', '0', '0');
INSERT INTO `creature` VALUES ('323448', '44086', '638', '0', '0', '1', '1', '0', '0', '-1769.48', '1339.98', '20.0368', '3.76991', '300', '0', '0', '42', '0', '0', '0', '0', '0');
INSERT INTO `creature` VALUES ('323449', '44086', '638', '0', '0', '1', '1', '0', '0', '-1673.36', '1348.91', '15.3263', '5.09636', '300', '0', '0', '42', '0', '0', '0', '0', '0');
INSERT INTO `creature` VALUES ('323450', '44086', '638', '0', '0', '1', '1', '0', '0', '-1438.47', '1353.14', '35.6392', '5.42797', '300', '0', '0', '42', '0', '0', '0', '0', '0');
INSERT INTO `creature` VALUES ('323451', '44086', '638', '0', '0', '1', '1', '0', '0', '-1437.52', '1350.65', '35.6392', '5.41052', '300', '0', '0', '42', '0', '0', '0', '0', '0');
INSERT INTO `creature` VALUES ('323452', '44086', '638', '0', '0', '1', '1', '0', '0', '-1427.55', '1354.11', '35.6392', '4.5204', '300', '0', '0', '42', '0', '0', '0', '0', '0');
INSERT INTO `creature` VALUES ('323453', '44086', '638', '0', '0', '1', '1', '0', '0', '-1430.37', '1353.85', '35.6392', '4.76475', '300', '0', '0', '42', '0', '0', '0', '0', '0');
INSERT INTO `creature` VALUES ('323454', '44086', '638', '0', '0', '1', '1', '0', '0', '-1428.64', '1356.64', '35.6392', '4.62512', '300', '0', '0', '42', '0', '0', '0', '0', '0');
INSERT INTO `creature` VALUES ('323455', '44086', '638', '0', '0', '1', '1', '0', '0', '-1435.15', '1352.44', '35.6392', '5.21853', '300', '0', '0', '42', '0', '0', '0', '0', '0');
INSERT INTO `creature` VALUES ('323456', '44086', '638', '0', '0', '1', '1', '0', '0', '-1435.73', '1355.46', '35.6392', '5.14872', '300', '0', '0', '42', '0', '0', '0', '0', '0');
INSERT INTO `creature` VALUES ('323457', '44086', '638', '0', '0', '1', '1', '0', '0', '-1432.97', '1352.17', '35.6392', '5.06145', '300', '0', '0', '42', '0', '0', '0', '0', '0');
INSERT INTO `creature` VALUES ('323458', '44086', '638', '0', '0', '1', '1', '0', '0', '-1432.83', '1354.98', '35.6392', '4.95674', '300', '0', '0', '42', '0', '0', '0', '0', '0');
INSERT INTO `creature` VALUES ('323459', '44086', '638', '0', '0', '1', '1', '0', '0', '-1431.38', '1356.77', '35.6392', '4.83456', '300', '0', '0', '42', '0', '0', '0', '0', '0');
INSERT INTO `creature` VALUES ('323460', '41410', '0', '11', '11', '1', '1', '0', '0', '-3111.33', '-2268.17', '10.1493', '0', '500', '0', '0', '573', '0', '0', '0', '0', '0');
INSERT INTO `creature` VALUES ('323461', '46447', '0', '1', '5495', '1', '1', '35090', '0', '-4972.16', '862.335', '274.392', '2.37365', '500', '0', '0', '11', '0', '0', '0', '0', '0');
INSERT INTO `creature` VALUES ('323462', '46447', '0', '1', '5495', '1', '1', '35090', '0', '-4975.26', '877.03', '275.012', '5.98648', '500', '0', '0', '11', '0', '0', '0', '0', '0');
INSERT INTO `creature` VALUES ('323463', '47292', '1', '0', '0', '1', '1', '35374', '0', '-10471.4', '1226.74', '61.943', '2.33874', '300', '0', '0', '53681', '0', '0', '0', '0', '0');
INSERT INTO `creature` VALUES ('323464', '47292', '1', '0', '0', '1', '1', '35375', '0', '-10477.2', '1181.94', '48.2449', '4.20624', '300', '0', '0', '53681', '0', '0', '0', '0', '0');
INSERT INTO `creature` VALUES ('323465', '47292', '1', '0', '0', '1', '1', '34893', '0', '-10671.4', '875.599', '25.3699', '6.0912', '300', '0', '0', '53681', '0', '0', '0', '0', '0');
INSERT INTO `creature` VALUES ('323466', '41410', '0', '11', '11', '1', '1', '0', '0', '-3097.89', '-2263.9', '10.1073', '0', '500', '0', '0', '573', '0', '0', '0', '0', '0');
INSERT INTO `creature` VALUES ('323467', '46447', '0', '1', '5495', '1', '1', '35090', '0', '-4976.79', '870.87', '274.392', '3.82227', '500', '0', '0', '11', '0', '0', '0', '0', '0');
INSERT INTO `creature` VALUES ('323468', '46447', '0', '1', '5495', '1', '1', '35088', '0', '-4981.81', '881.387', '276.315', '5.25344', '500', '0', '0', '11', '0', '0', '0', '0', '0');
INSERT INTO `creature` VALUES ('323469', '46447', '0', '1', '5495', '1', '1', '35087', '0', '-4972.77', '865.45', '274.392', '2.61799', '500', '0', '0', '11', '0', '0', '0', '0', '0');
INSERT INTO `creature` VALUES ('323470', '46447', '0', '1', '5495', '1', '1', '35089', '0', '-4979.75', '864.957', '274.392', '4.43314', '500', '0', '0', '11', '0', '0', '0', '0', '0');
INSERT INTO `creature` VALUES ('323471', '41410', '0', '11', '11', '1', '1', '0', '0', '-3045.67', '-2168.97', '8.85725', '0', '500', '0', '0', '573', '0', '0', '0', '0', '0');
INSERT INTO `creature` VALUES ('323472', '41410', '0', '11', '11', '1', '1', '0', '0', '-3096.02', '-2191.63', '8.81507', '0', '500', '0', '0', '573', '0', '0', '0', '0', '0');
INSERT INTO `creature` VALUES ('323473', '41410', '0', '11', '11', '1', '1', '0', '0', '-3108.63', '-2202.35', '8.53629', '0', '500', '0', '0', '573', '0', '0', '0', '0', '0');
INSERT INTO `creature` VALUES ('323474', '41410', '0', '11', '11', '1', '1', '0', '0', '-3020.52', '-2257.39', '8.79876', '0', '500', '0', '0', '573', '0', '0', '0', '0', '0');
INSERT INTO `creature` VALUES ('323475', '41410', '0', '11', '11', '1', '1', '0', '0', '-3091.94', '-2281.11', '9.31829', '0', '500', '0', '0', '573', '0', '0', '0', '0', '0');
INSERT INTO `creature` VALUES ('323476', '41410', '0', '11', '11', '1', '1', '0', '0', '-3042.25', '-2154.6', '9.90689', '0', '500', '0', '0', '573', '0', '0', '0', '0', '0');
INSERT INTO `creature` VALUES ('323477', '39964', '0', '4815', '5071', '1', '1', '0', '0', '-4677.99', '3455.24', '-58.5016', '2.22577', '120', '0', '0', '1', '0', '0', '0', '0', '0');
INSERT INTO `creature` VALUES ('323478', '52844', '1', '616', '5781', '1', '1', '20628', '0', '4654.8', '-2074.81', '1230.96', '3.52556', '300', '0', '0', '3874500', '0', '0', '0', '0', '0');
INSERT INTO `creature` VALUES ('323479', '41410', '0', '11', '11', '1', '1', '0', '0', '-3021.5', '-2230.51', '10.2774', '0', '500', '0', '0', '573', '0', '0', '0', '0', '0');
INSERT INTO `creature` VALUES ('323480', '52844', '1', '616', '5019', '1', '1', '20628', '0', '4436.07', '-2067', '1206.67', '6.26573', '300', '0', '0', '3874500', '0', '0', '0', '0', '0');
INSERT INTO `creature` VALUES ('323481', '52897', '1', '616', '5019', '1', '1', '32253', '0', '4456.57', '-2065.92', '1207.17', '4.90438', '300', '0', '0', '387450', '17816', '0', '0', '0', '0');
INSERT INTO `creature` VALUES ('323482', '52899', '1', '616', '5019', '1', '1', '31801', '0', '4456.59', '-2070.21', '1206.95', '1.51844', '300', '0', '0', '774900', '44540', '0', '0', '0', '0');
INSERT INTO `creature` VALUES ('323483', '43551', '1', '616', '5019', '1', '1', '0', '0', '4424.9', '-2100.33', '1205.66', '0.18917', '500', '0', '0', '42', '0', '0', '0', '0', '0');
INSERT INTO `creature` VALUES ('323484', '52901', '1', '616', '5019', '1', '1', '32251', '0', '4454.75', '-2120.96', '1197.54', '4.93928', '300', '0', '0', '387450', '17816', '0', '0', '0', '0');
INSERT INTO `creature` VALUES ('323485', '52898', '1', '616', '5019', '1', '1', '37942', '0', '4408.18', '-2100.35', '1205.66', '5.74867', '300', '0', '0', '774900', '0', '0', '0', '0', '0');
INSERT INTO `creature` VALUES ('323486', '41410', '0', '11', '11', '1', '1', '0', '0', '-3033.42', '-2250.34', '9.19548', '0', '500', '0', '0', '573', '0', '0', '0', '0', '0');
INSERT INTO `creature` VALUES ('323487', '52845', '1', '616', '5019', '1', '1', '35095', '0', '4420.84', '-2076.3', '1210.4', '5.55015', '120', '0', '0', '42946000', '4735000', '0', '0', '0', '0');
INSERT INTO `creature` VALUES ('323488', '52669', '1', '616', '5019', '1', '1', '31626', '0', '4424.42', '-2082.76', '1210.75', '5.60251', '300', '0', '0', '77490', '8908', '0', '0', '0', '0');
INSERT INTO `creature` VALUES ('323489', '52838', '1', '616', '4989', '1', '1', '31605', '0', '5125.25', '-1758.53', '1334.55', '3.42085', '300', '0', '0', '17178400', '473500', '0', '0', '0', '0');
INSERT INTO `creature` VALUES ('323490', '52838', '1', '616', '5019', '1', '1', '31605', '0', '4417.22', '-2080.25', '1210.4', '5.68977', '300', '0', '0', '17178400', '473500', '0', '0', '0', '0');
INSERT INTO `creature` VALUES ('323491', '52838', '1', '616', '5781', '1', '1', '31605', '0', '4653', '-2078.98', '1231.42', '3.44762', '300', '0', '0', '17178400', '473500', '0', '0', '0', '0');
INSERT INTO `creature` VALUES ('323492', '52845', '1', '616', '5781', '1', '1', '35095', '0', '4653.62', '-2082.89', '1230.56', '3.49066', '120', '0', '0', '42946000', '4735000', '0', '0', '0', '0');
INSERT INTO `creature` VALUES ('323493', '52904', '1', '616', '4861', '1', '1', '29213', '0', '4600.87', '-2697.97', '1140.14', '5.96903', '300', '0', '0', '154755', '15976', '0', '0', '0', '0');
INSERT INTO `creature` VALUES ('323494', '52903', '1', '616', '5019', '1', '1', '31777', '0', '4428', '-2107.91', '1205.31', '0.20944', '120', '0', '0', '774900', '44540', '0', '0', '0', '0');
INSERT INTO `creature` VALUES ('323495', '52903', '1', '616', '4861', '1', '1', '31777', '0', '4600.27', '-2697.88', '1139.54', '2.82743', '120', '0', '0', '774900', '44540', '0', '0', '0', '0');
INSERT INTO `creature` VALUES ('323496', '52904', '1', '616', '5019', '1', '1', '29213', '0', '4431.54', '-2107.01', '1205.26', '3.40339', '300', '0', '0', '154755', '15976', '0', '0', '0', '0');
INSERT INTO `creature` VALUES ('323497', '52671', '1', '616', '5019', '1', '1', '25082', '0', '4439.89', '-2079.85', '1206.1', '5.39307', '300', '0', '0', '77490', '0', '0', '0', '0', '0');
INSERT INTO `creature` VALUES ('323498', '47292', '1', '0', '0', '1', '1', '35375', '0', '-10660.6', '845.981', '25.305', '0', '300', '0', '0', '53681', '0', '0', '0', '0', '0');
INSERT INTO `creature` VALUES ('323499', '47292', '1', '0', '0', '1', '1', '34895', '0', '-10450.4', '1230.71', '68.4081', '3.52556', '300', '0', '0', '53681', '0', '0', '0', '0', '0');
INSERT INTO `creature` VALUES ('323500', '47292', '1', '0', '0', '1', '1', '35375', '0', '-10750.8', '853.922', '1.20066', '5.41052', '300', '0', '0', '53681', '0', '0', '0', '0', '0');
INSERT INTO `creature` VALUES ('323501', '47292', '1', '0', '0', '1', '1', '35374', '0', '-10539.6', '1209.62', '37.16', '3.9619', '300', '0', '0', '53681', '0', '0', '0', '0', '0');
INSERT INTO `creature` VALUES ('323502', '47292', '1', '0', '0', '1', '1', '35375', '0', '-10566.3', '1134.34', '32.7455', '2.80998', '300', '0', '0', '53681', '0', '0', '0', '0', '0');
INSERT INTO `creature` VALUES ('323503', '47292', '1', '0', '0', '1', '1', '34893', '0', '-10354.3', '1075.71', '66.6797', '2.77507', '300', '0', '0', '53681', '0', '0', '0', '0', '0');
INSERT INTO `creature` VALUES ('323504', '47292', '1', '0', '0', '1', '1', '34895', '0', '-10476.1', '1142.17', '43.9434', '2.54818', '300', '0', '0', '53681', '0', '0', '0', '0', '0');
INSERT INTO `creature` VALUES ('323505', '47292', '1', '0', '0', '1', '1', '34895', '0', '-10516.9', '987.859', '43.929', '1.50098', '300', '0', '0', '53681', '0', '0', '0', '0', '0');
INSERT INTO `creature` VALUES ('323506', '47292', '1', '0', '0', '1', '1', '34893', '0', '-10515.4', '1032.32', '43.6322', '5.07891', '300', '0', '0', '53681', '0', '0', '0', '0', '0');
INSERT INTO `creature` VALUES ('323507', '47292', '1', '0', '0', '1', '1', '35375', '0', '-10523.1', '943.073', '44.241', '3.80482', '300', '0', '0', '53681', '0', '0', '0', '0', '0');
INSERT INTO `creature` VALUES ('323508', '47292', '1', '0', '0', '1', '1', '34893', '0', '-10490.6', '1157.75', '43.7246', '0.191986', '300', '0', '0', '53681', '0', '0', '0', '0', '0');
INSERT INTO `creature` VALUES ('323509', '47292', '1', '0', '0', '1', '1', '35374', '0', '-10578.3', '1153.32', '22.7274', '1.74533', '300', '0', '0', '53681', '0', '0', '0', '0', '0');
INSERT INTO `creature` VALUES ('323510', '47292', '1', '0', '0', '1', '1', '35374', '0', '-10546.6', '1206.74', '36.6968', '3.80482', '300', '0', '0', '53681', '0', '0', '0', '0', '0');
INSERT INTO `creature` VALUES ('323511', '47292', '1', '0', '0', '1', '1', '35375', '0', '-10379.8', '1064', '66.0869', '0.558505', '300', '0', '0', '53681', '0', '0', '0', '0', '0');
INSERT INTO `creature` VALUES ('323512', '47292', '1', '0', '0', '1', '1', '35374', '0', '-10536.7', '1195.49', '36.9994', '4.64258', '300', '0', '0', '53681', '0', '0', '0', '0', '0');
INSERT INTO `creature` VALUES ('323513', '46447', '0', '1', '5495', '1', '1', '35089', '0', '-4989.72', '870.495', '274.947', '1.91986', '500', '0', '0', '11', '0', '0', '0', '0', '0');
INSERT INTO `creature` VALUES ('323514', '46447', '0', '1', '5495', '1', '1', '35090', '0', '-4992.99', '863.118', '274.392', '0.471239', '500', '0', '0', '11', '0', '0', '0', '0', '0');
INSERT INTO `creature` VALUES ('323515', '46447', '0', '1', '5495', '1', '1', '35090', '0', '-4993.42', '868.823', '274.392', '0.401426', '500', '0', '0', '11', '0', '0', '0', '0', '0');
INSERT INTO `creature` VALUES ('323516', '1449500', '1', '0', '0', '1', '1', '0', '0', '5273.44', '-2350.3', '1432.56', '0.858561', '300', '0', '0', '64', '0', '0', '0', '33554432', '0');
INSERT INTO `creature` VALUES ('323517', '47292', '1', '0', '0', '1', '1', '34893', '0', '-10595', '1162.07', '24.9589', '5.34071', '300', '0', '0', '53681', '0', '0', '0', '0', '0');
INSERT INTO `creature` VALUES ('323518', '47292', '1', '0', '0', '1', '1', '34893', '0', '-10358.9', '1087.05', '66.8214', '3.66519', '300', '0', '0', '53681', '0', '0', '0', '0', '0');
INSERT INTO `creature` VALUES ('323519', '47292', '1', '0', '0', '1', '1', '34893', '0', '-10458.2', '1016.51', '43.6071', '2.87979', '300', '0', '0', '53681', '0', '0', '0', '0', '0');
INSERT INTO `creature` VALUES ('323520', '47292', '1', '0', '0', '1', '1', '35374', '0', '-10574.9', '1123.05', '31.2949', '4.90438', '300', '0', '0', '53681', '0', '0', '0', '0', '0');
INSERT INTO `creature` VALUES ('323521', '47292', '1', '0', '0', '1', '1', '35374', '0', '-10473.8', '937.125', '41.8182', '2.61799', '300', '0', '0', '53681', '0', '0', '0', '0', '0');
INSERT INTO `creature` VALUES ('323522', '47292', '1', '0', '0', '1', '1', '34893', '0', '-10467.7', '970.101', '42.456', '3.31613', '300', '0', '0', '53681', '0', '0', '0', '0', '0');
INSERT INTO `creature` VALUES ('323523', '47292', '1', '0', '0', '1', '1', '34893', '0', '-10531.1', '928.894', '44.3456', '1.06465', '300', '0', '0', '53681', '0', '0', '0', '0', '0');
INSERT INTO `creature` VALUES ('323524', '47292', '1', '0', '0', '1', '1', '35375', '0', '-10338.6', '885.014', '60.1188', '3.07178', '300', '0', '0', '53681', '0', '0', '0', '0', '0');
INSERT INTO `creature` VALUES ('323525', '44086', '638', '0', '0', '1', '1', '0', '0', '-1633.72', '1315.79', '19.7603', '1.55008', '300', '0', '0', '42', '0', '0', '2', '0', '0');
INSERT INTO `creature` VALUES ('323526', '25026', '571', '0', '0', '1', '1', '0', '0', '114.658', '-3698.49', '0.853066', '2.13244', '120', '0', '0', '8982', '0', '0', '0', '0', '0');
INSERT INTO `creature` VALUES ('323527', '25026', '571', '0', '0', '1', '1', '0', '0', '120.775', '-3708.47', '2.22592', '5.68243', '120', '0', '0', '8982', '0', '0', '0', '0', '0');
INSERT INTO `creature` VALUES ('323528', '24277', '571', '0', '0', '1', '1', '0', '0', '2709.43', '-3039.89', '96.8052', '5.37224', '120', '0', '0', '13937', '0', '0', '0', '0', '0');
INSERT INTO `creature` VALUES ('323529', '24019', '571', '0', '0', '1', '1', '0', '0', '2824.08', '-3603.34', '245.716', '4.05206', '120', '0', '0', '18582', '0', '0', '0', '0', '0');
INSERT INTO `creature` VALUES ('323530', '24029', '571', '0', '0', '1', '1', '0', '0', '2628.38', '-3539.61', '162.148', '2.17273', '120', '0', '0', '9291', '3231', '0', '0', '0', '0');
INSERT INTO `creature` VALUES ('323531', '4075', '638', '0', '0', '1', '1', '0', '0', '-1430.29', '1439.38', '35.9533', '3.48294', '300', '0', '21', '0', '0', '2', '0', '0', '0');
INSERT INTO `creature` VALUES ('323532', '4075', '638', '0', '0', '1', '1', '0', '0', '-1527.87', '1362.03', '36.005', '4.17488', '300', '0', '21', '0', '0', '2', '0', '0', '0');
INSERT INTO `creature` VALUES ('323533', '4075', '638', '0', '0', '1', '1', '0', '0', '-1402.63', '1419.77', '35.5561', '3.22454', '300', '0', '21', '0', '0', '2', '0', '0', '0');
INSERT INTO `creature` VALUES ('323534', '42045', '669', '0', '0', '15', '1', '0', '0', '-69.2103', '-433.842', '74.8494', '0', '604800', '0', '0', '57', '0', '0', '0', '0', '0');
INSERT INTO `creature` VALUES ('323535', '42045', '669', '0', '0', '15', '1', '0', '0', '-68.7473', '-447.177', '74.8494', '0', '604800', '0', '0', '57', '0', '0', '0', '0', '0');
INSERT INTO `creature` VALUES ('323536', '41505', '669', '0', '0', '15', '1', '0', '0', '-105.904', '-485.135', '81.3487', '1.55', '604800', '0', '0', '57', '0', '0', '0', '0', '0');
INSERT INTO `creature` VALUES ('323537', '42045', '669', '0', '0', '15', '1', '0', '0', '-144.928', '-438.317', '73.324', '0', '604800', '0', '0', '57', '0', '0', '0', '0', '0');
INSERT INTO `creature` VALUES ('323538', '41378', '669', '0', '0', '3', '1', '0', '0', '-106.296', '-460.505', '73.4552', '1.67146', '604800', '0', '0', '3150', '0', '0', '0', '0', '0');

DELETE FROM creature_addon WHERE guid IN (4408600,407500,407501,407502,4408600);
DELETE FROM creature_addon WHERE guid IN (323531,323532,323533);
INSERT INTO `creature_addon` VALUES ('323533', '323533', '0', '0', '0', '0', '');
INSERT INTO `creature_addon` VALUES ('323532', '323532', '0', '0', '0', '0', '');
INSERT INTO `creature_addon` VALUES ('323531', '323531', '0', '0', '0', '0', '');

DELETE FROM waypoint_data WHERE id IN (4075000,4075010,4075020);
DELETE FROM waypoint_data WHERE id IN (323531,323532,323533);
INSERT INTO `waypoint_data` VALUES ('323533', '1', '-1433.89', '1421.07', '35.5559', '0', '0', '1', '0', '100', '0', '0');
INSERT INTO `waypoint_data` VALUES ('323533', '2', '-1484.9', '1425.92', '35.5559', '0', '0', '1', '0', '100', '0', '0');
INSERT INTO `waypoint_data` VALUES ('323533', '3', '-1492', '1424.62', '35.5559', '0', '0', '1', '0', '100', '0', '0');
INSERT INTO `waypoint_data` VALUES ('323533', '4', '-1496.78', '1418.42', '35.5559', '0', '0', '1', '0', '100', '0', '0');
INSERT INTO `waypoint_data` VALUES ('323533', '5', '-1501.61', '1395.67', '35.5563', '0', '0', '1', '0', '100', '0', '0');
INSERT INTO `waypoint_data` VALUES ('323533', '6', '-1502.72', '1352.37', '35.5563', '0', '0', '1', '0', '100', '0', '0');
INSERT INTO `waypoint_data` VALUES ('323533', '7', '-1500.34', '1347.83', '35.5563', '0', '0', '1', '0', '100', '0', '0');
INSERT INTO `waypoint_data` VALUES ('323533', '8', '-1493.42', '1345.02', '35.5563', '0', '0', '1', '0', '100', '0', '0');
INSERT INTO `waypoint_data` VALUES ('323533', '9', '-1408.42', '1370.55', '35.5563', '0', '0', '1', '0', '100', '0', '0');
INSERT INTO `waypoint_data` VALUES ('323533', '10', '-1403.66', '1373.63', '35.5563', '0', '0', '1', '0', '100', '0', '0');
INSERT INTO `waypoint_data` VALUES ('323533', '11', '-1400.05', '1414.78', '35.5563', '0', '0', '1', '0', '100', '0', '0');
INSERT INTO `waypoint_data` VALUES ('323533', '12', '-1402.41', '1419.83', '35.5563', '0', '0', '1', '0', '100', '0', '0');
INSERT INTO `waypoint_data` VALUES ('323532', '1', '-1543.97', '1339.3', '35.5566', '0', '0', '1', '0', '100', '0', '0');
INSERT INTO `waypoint_data` VALUES ('323532', '2', '-1575.49', '1315.81', '35.6644', '0', '0', '1', '0', '100', '0', '0');
INSERT INTO `waypoint_data` VALUES ('323532', '3', '-1603.6', '1310.05', '18.2702', '0', '0', '1', '0', '100', '0', '0');
INSERT INTO `waypoint_data` VALUES ('323532', '4', '-1630.91', '1306.01', '19.6642', '0', '0', '1', '0', '100', '0', '0');
INSERT INTO `waypoint_data` VALUES ('323532', '5', '-1680.47', '1306.06', '19.7822', '0', '0', '1', '0', '100', '0', '0');
INSERT INTO `waypoint_data` VALUES ('323532', '6', '-1687.3', '1308.68', '19.7822', '0', '0', '1', '0', '100', '0', '0');
INSERT INTO `waypoint_data` VALUES ('323532', '7', '-1689.37', '1313.61', '19.7822', '0', '0', '1', '0', '100', '0', '0');
INSERT INTO `waypoint_data` VALUES ('323532', '8', '-1689.67', '1318.43', '19.8998', '0', '0', '1', '0', '100', '0', '0');
INSERT INTO `waypoint_data` VALUES ('323532', '9', '-1690.76', '1314.84', '19.7823', '0', '0', '1', '0', '100', '0', '0');
INSERT INTO `waypoint_data` VALUES ('323532', '10', '-1689.08', '1310.52', '19.7823', '0', '0', '1', '0', '100', '0', '0');
INSERT INTO `waypoint_data` VALUES ('323532', '11', '-1682.82', '1305.83', '19.7823', '0', '0', '1', '0', '100', '0', '0');
INSERT INTO `waypoint_data` VALUES ('323532', '12', '-1630.72', '1304.82', '19.663', '0', '0', '1', '0', '100', '0', '0');
INSERT INTO `waypoint_data` VALUES ('323532', '13', '-1603.36', '1309.06', '18.2764', '0', '0', '1', '0', '100', '0', '0');
INSERT INTO `waypoint_data` VALUES ('323532', '14', '-1575.83', '1315.44', '35.6622', '0', '0', '1', '0', '100', '0', '0');
INSERT INTO `waypoint_data` VALUES ('323532', '15', '-1544.38', '1339.52', '35.556', '0', '0', '1', '0', '100', '0', '0');
INSERT INTO `waypoint_data` VALUES ('323532', '16', '-1535.73', '1362.11', '36.0049', '0', '0', '1', '0', '100', '0', '0');
INSERT INTO `waypoint_data` VALUES ('323532', '17', '-1528.51', '1361.75', '36.0052', '0', '0', '1', '0', '100', '0', '0');
INSERT INTO `waypoint_data` VALUES ('323531', '1', '-1442.48', '1437.52', '35.8841', '0', '0', '1', '0', '100', '0', '0');
INSERT INTO `waypoint_data` VALUES ('323531', '2', '-1448.95', '1439.34', '35.9533', '0', '0', '1', '0', '100', '0', '0');
INSERT INTO `waypoint_data` VALUES ('323531', '3', '-1472.77', '1440.34', '35.9766', '0', '0', '1', '0', '100', '0', '0');
INSERT INTO `waypoint_data` VALUES ('323531', '4', '-1487.13', '1437.07', '35.8374', '0', '0', '1', '0', '100', '0', '0');
INSERT INTO `waypoint_data` VALUES ('323531', '5', '-1505.39', '1437.3', '35.8491', '0', '0', '1', '0', '100', '0', '0');
INSERT INTO `waypoint_data` VALUES ('323531', '6', '-1511.07', '1442.2', '35.9948', '0', '0', '1', '0', '100', '0', '0');
INSERT INTO `waypoint_data` VALUES ('323531', '7', '-1525.7', '1442.89', '36.0012', '0', '0', '1', '0', '100', '0', '0');
INSERT INTO `waypoint_data` VALUES ('323531', '8', '-1551.64', '1435.29', '35.7656', '0', '0', '1', '0', '100', '0', '0');
INSERT INTO `waypoint_data` VALUES ('323531', '9', '-1556.61', '1431.64', '35.7314', '0', '0', '1', '0', '100', '0', '0');
INSERT INTO `waypoint_data` VALUES ('323531', '10', '-1560.33', '1424.26', '35.7231', '0', '0', '1', '0', '100', '0', '0');
INSERT INTO `waypoint_data` VALUES ('323531', '11', '-1560.25', '1400.16', '35.7565', '0', '0', '1', '0', '100', '0', '0');
INSERT INTO `waypoint_data` VALUES ('323531', '12', '-1573.95', '1401.09', '36.6264', '0', '0', '1', '0', '100', '0', '0');
INSERT INTO `waypoint_data` VALUES ('323531', '13', '-1559', '1400.37', '35.9364', '0', '0', '1', '0', '100', '0', '0');
INSERT INTO `waypoint_data` VALUES ('323531', '14', '-1560.23', '1426.14', '35.7563', '0', '0', '1', '0', '100', '0', '0');
INSERT INTO `waypoint_data` VALUES ('323531', '15', '-1554.55', '1433.96', '35.8007', '0', '0', '1', '0', '100', '0', '0');
INSERT INTO `waypoint_data` VALUES ('323531', '16', '-1521.94', '1442.72', '35.9994', '0', '0', '1', '0', '100', '0', '0');
INSERT INTO `waypoint_data` VALUES ('323531', '17', '-1511.05', '1442.16', '35.9964', '0', '0', '1', '0', '100', '0', '0');
INSERT INTO `waypoint_data` VALUES ('323531', '18', '-1503.64', '1436.9', '35.8283', '0', '0', '1', '0', '100', '0', '0');
INSERT INTO `waypoint_data` VALUES ('323531', '19', '-1486.8', '1437.28', '35.8457', '0', '0', '1', '0', '100', '0', '0');
INSERT INTO `waypoint_data` VALUES ('323531', '20', '-1471.96', '1440.4', '35.9752', '0', '0', '1', '0', '100', '0', '0');
INSERT INTO `waypoint_data` VALUES ('323531', '21', '-1440.7', '1438.21', '35.9115', '0', '0', '1', '0', '100', '0', '0');
INSERT INTO `waypoint_data` VALUES ('323531', '22', '-1430.61', '1439.22', '35.9444', '0', '0', '1', '0', '100', '0', '0');
