-- http://www.wowhead.com/npc=54660
DELETE FROM npc_vendor  WHERE  entry =54660;
INSERT INTO `npc_vendor` VALUES ('54660', '0', '73412', '0', '0', '3680', '1');
INSERT INTO `npc_vendor` VALUES ('54660', '0', '73413', '0', '0', '3676', '1');
INSERT INTO `npc_vendor` VALUES ('54660', '0', '73414', '0', '0', '3683', '1');
INSERT INTO `npc_vendor` VALUES ('54660', '0', '73415', '0', '0', '3684', '1');
INSERT INTO `npc_vendor` VALUES ('54660', '0', '73416', '0', '0', '3685', '1');
INSERT INTO `npc_vendor` VALUES ('54660', '0', '73417', '0', '0', '3672', '1');
INSERT INTO `npc_vendor` VALUES ('54660', '0', '73418', '0', '0', '3669', '1');
INSERT INTO `npc_vendor` VALUES ('54660', '0', '73419', '0', '0', '3664', '1');
INSERT INTO `npc_vendor` VALUES ('54660', '0', '73420', '0', '0', '3670', '1');
INSERT INTO `npc_vendor` VALUES ('54660', '0', '73421', '0', '0', '3665', '1');
INSERT INTO `npc_vendor` VALUES ('54660', '0', '73422', '0', '0', '3687', '1');
INSERT INTO `npc_vendor` VALUES ('54660', '0', '73423', '0', '0', '3657', '1');
INSERT INTO `npc_vendor` VALUES ('54660', '0', '73424', '0', '0', '3658', '1');
INSERT INTO `npc_vendor` VALUES ('54660', '0', '73425', '0', '0', '3678', '1');
INSERT INTO `npc_vendor` VALUES ('54660', '0', '73426', '0', '0', '3666', '1');
INSERT INTO `npc_vendor` VALUES ('54660', '0', '73427', '0', '0', '3673', '1');
INSERT INTO `npc_vendor` VALUES ('54660', '0', '73428', '0', '0', '3668', '1');
INSERT INTO `npc_vendor` VALUES ('54660', '0', '73429', '0', '0', '3659', '1');
INSERT INTO `npc_vendor` VALUES ('54660', '0', '73430', '0', '0', '3674', '1');
INSERT INTO `npc_vendor` VALUES ('54660', '0', '73431', '0', '0', '3675', '1');
INSERT INTO `npc_vendor` VALUES ('54660', '0', '73432', '0', '0', '3662', '1');
INSERT INTO `npc_vendor` VALUES ('54660', '0', '73433', '0', '0', '3655', '1');
INSERT INTO `npc_vendor` VALUES ('54660', '0', '73434', '0', '0', '3667', '1');
INSERT INTO `npc_vendor` VALUES ('54660', '0', '73435', '0', '0', '3677', '1');
INSERT INTO `npc_vendor` VALUES ('54660', '0', '73436', '0', '0', '3663', '1');
INSERT INTO `npc_vendor` VALUES ('54660', '0', '73437', '0', '0', '3671', '1');
INSERT INTO `npc_vendor` VALUES ('54660', '0', '73438', '0', '0', '3679', '1');
INSERT INTO `npc_vendor` VALUES ('54660', '0', '73439', '0', '0', '3681', '1');
INSERT INTO `npc_vendor` VALUES ('54660', '0', '73440', '0', '0', '3682', '1');
INSERT INTO `npc_vendor` VALUES ('54660', '0', '73441', '0', '0', '3686', '1');
INSERT INTO `npc_vendor` VALUES ('54660', '0', '73442', '0', '0', '3661', '1');
INSERT INTO `npc_vendor` VALUES ('54660', '0', '73443', '0', '0', '3656', '1');
INSERT INTO `npc_vendor` VALUES ('54660', '0', '73444', '0', '0', '3660', '1');
INSERT INTO `npc_vendor` VALUES ('54660', '0', '73651', '0', '0', '3721', '1');
INSERT INTO `npc_vendor` VALUES ('54660', '0', '73652', '0', '0', '3720', '1');
INSERT INTO `npc_vendor` VALUES ('54660', '0', '73653', '0', '0', '3719', '1');
INSERT INTO `npc_vendor` VALUES ('54660', '0', '73654', '0', '0', '3718', '1');
INSERT INTO `npc_vendor` VALUES ('54660', '0', '73655', '0', '0', '3717', '1');
INSERT INTO `npc_vendor` VALUES ('54660', '0', '73656', '0', '0', '3799', '1');
INSERT INTO `npc_vendor` VALUES ('54660', '0', '73657', '0', '0', '3798', '1');
INSERT INTO `npc_vendor` VALUES ('54660', '0', '73658', '0', '0', '3797', '1');
INSERT INTO `npc_vendor` VALUES ('54660', '0', '73659', '0', '0', '3796', '1');
INSERT INTO `npc_vendor` VALUES ('54660', '0', '73660', '0', '0', '3795', '1');
INSERT INTO `npc_vendor` VALUES ('54660', '0', '73661', '0', '0', '3752', '1');
INSERT INTO `npc_vendor` VALUES ('54660', '0', '73662', '0', '0', '3751', '1');
INSERT INTO `npc_vendor` VALUES ('54660', '0', '73663', '0', '0', '3750', '1');
INSERT INTO `npc_vendor` VALUES ('54660', '0', '73664', '0', '0', '3749', '1');
INSERT INTO `npc_vendor` VALUES ('54660', '0', '73665', '0', '0', '3748', '1');
INSERT INTO `npc_vendor` VALUES ('54660', '0', '73666', '0', '0', '3747', '1');
INSERT INTO `npc_vendor` VALUES ('54660', '0', '73667', '0', '0', '3746', '1');
INSERT INTO `npc_vendor` VALUES ('54660', '0', '73668', '0', '0', '3745', '1');
INSERT INTO `npc_vendor` VALUES ('54660', '0', '73669', '0', '0', '3744', '1');
INSERT INTO `npc_vendor` VALUES ('54660', '0', '73670', '0', '0', '3743', '1');
INSERT INTO `npc_vendor` VALUES ('54660', '0', '73671', '0', '0', '3742', '1');
INSERT INTO `npc_vendor` VALUES ('54660', '0', '73672', '0', '0', '3741', '1');
INSERT INTO `npc_vendor` VALUES ('54660', '0', '73673', '0', '0', '3740', '1');
INSERT INTO `npc_vendor` VALUES ('54660', '0', '73674', '0', '0', '3739', '1');
INSERT INTO `npc_vendor` VALUES ('54660', '0', '73675', '0', '0', '3738', '1');
INSERT INTO `npc_vendor` VALUES ('54660', '0', '73676', '0', '0', '3737', '1');
INSERT INTO `npc_vendor` VALUES ('54660', '0', '73677', '0', '0', '3736', '1');
INSERT INTO `npc_vendor` VALUES ('54660', '0', '73678', '0', '0', '3776', '1');
INSERT INTO `npc_vendor` VALUES ('54660', '0', '73679', '0', '0', '3775', '1');
INSERT INTO `npc_vendor` VALUES ('54660', '0', '73680', '0', '0', '3774', '1');
INSERT INTO `npc_vendor` VALUES ('54660', '0', '73681', '0', '0', '3773', '1');
INSERT INTO `npc_vendor` VALUES ('54660', '0', '73682', '0', '0', '3772', '1');
INSERT INTO `npc_vendor` VALUES ('54660', '0', '73683', '0', '0', '3771', '1');
INSERT INTO `npc_vendor` VALUES ('54660', '0', '73684', '0', '0', '3770', '1');
INSERT INTO `npc_vendor` VALUES ('54660', '0', '73685', '0', '0', '3794', '1');
INSERT INTO `npc_vendor` VALUES ('54660', '0', '73686', '0', '0', '3793', '1');
INSERT INTO `npc_vendor` VALUES ('54660', '0', '73687', '0', '0', '3792', '1');
INSERT INTO `npc_vendor` VALUES ('54660', '0', '73688', '0', '0', '3791', '1');
INSERT INTO `npc_vendor` VALUES ('54660', '0', '73689', '0', '0', '3790', '1');
INSERT INTO `npc_vendor` VALUES ('54660', '0', '73690', '0', '0', '3789', '1');
INSERT INTO `npc_vendor` VALUES ('54660', '0', '73691', '0', '0', '3788', '1');
INSERT INTO `npc_vendor` VALUES ('54660', '0', '73692', '0', '0', '3787', '1');
INSERT INTO `npc_vendor` VALUES ('54660', '0', '73693', '0', '0', '3786', '1');
INSERT INTO `npc_vendor` VALUES ('54660', '0', '73694', '0', '0', '3785', '1');
INSERT INTO `npc_vendor` VALUES ('54660', '0', '73695', '0', '0', '3727', '1');
INSERT INTO `npc_vendor` VALUES ('54660', '0', '73696', '0', '0', '3728', '1');
INSERT INTO `npc_vendor` VALUES ('54660', '0', '73697', '0', '0', '3716', '1');
INSERT INTO `npc_vendor` VALUES ('54660', '0', '73698', '0', '0', '3715', '1');
INSERT INTO `npc_vendor` VALUES ('54660', '0', '73699', '0', '0', '3714', '1');
INSERT INTO `npc_vendor` VALUES ('54660', '0', '73700', '0', '0', '3713', '1');
INSERT INTO `npc_vendor` VALUES ('54660', '0', '73701', '0', '0', '3712', '1');
INSERT INTO `npc_vendor` VALUES ('54660', '0', '73702', '0', '0', '3711', '1');
INSERT INTO `npc_vendor` VALUES ('54660', '0', '73703', '0', '0', '3710', '1');
INSERT INTO `npc_vendor` VALUES ('54660', '0', '73704', '0', '0', '3726', '1');
INSERT INTO `npc_vendor` VALUES ('54660', '0', '73705', '0', '0', '3725', '1');
INSERT INTO `npc_vendor` VALUES ('54660', '0', '73706', '0', '0', '3724', '1');
INSERT INTO `npc_vendor` VALUES ('54660', '0', '73707', '0', '0', '3723', '1');
INSERT INTO `npc_vendor` VALUES ('54660', '0', '73708', '0', '0', '3722', '1');
INSERT INTO `npc_vendor` VALUES ('54660', '0', '73709', '0', '0', '3784', '1');
INSERT INTO `npc_vendor` VALUES ('54660', '0', '73710', '0', '0', '3783', '1');
INSERT INTO `npc_vendor` VALUES ('54660', '0', '73711', '0', '0', '3782', '1');
INSERT INTO `npc_vendor` VALUES ('54660', '0', '73712', '0', '0', '3781', '1');
INSERT INTO `npc_vendor` VALUES ('54660', '0', '73713', '0', '0', '3780', '1');
INSERT INTO `npc_vendor` VALUES ('54660', '0', '73714', '0', '0', '3735', '1');
INSERT INTO `npc_vendor` VALUES ('54660', '0', '73715', '0', '0', '3734', '1');
INSERT INTO `npc_vendor` VALUES ('54660', '0', '73716', '0', '0', '3733', '1');
INSERT INTO `npc_vendor` VALUES ('54660', '0', '73717', '0', '0', '3732', '1');
INSERT INTO `npc_vendor` VALUES ('54660', '0', '73718', '0', '0', '3731', '1');
INSERT INTO `npc_vendor` VALUES ('54660', '0', '73719', '0', '0', '3730', '1');
INSERT INTO `npc_vendor` VALUES ('54660', '0', '73720', '0', '0', '3729', '1');
INSERT INTO `npc_vendor` VALUES ('54660', '0', '73721', '0', '0', '3769', '1');
INSERT INTO `npc_vendor` VALUES ('54660', '0', '73722', '0', '0', '3768', '1');
INSERT INTO `npc_vendor` VALUES ('54660', '0', '73723', '0', '0', '3767', '1');
INSERT INTO `npc_vendor` VALUES ('54660', '0', '73724', '0', '0', '3766', '1');
INSERT INTO `npc_vendor` VALUES ('54660', '0', '73725', '0', '0', '3765', '1');
INSERT INTO `npc_vendor` VALUES ('54660', '0', '73726', '0', '0', '3759', '1');
INSERT INTO `npc_vendor` VALUES ('54660', '0', '73727', '0', '0', '3764', '1');
INSERT INTO `npc_vendor` VALUES ('54660', '0', '73728', '0', '0', '3763', '1');
INSERT INTO `npc_vendor` VALUES ('54660', '0', '73729', '0', '0', '3762', '1');
INSERT INTO `npc_vendor` VALUES ('54660', '0', '73730', '0', '0', '3761', '1');
INSERT INTO `npc_vendor` VALUES ('54660', '0', '73731', '0', '0', '3760', '1');
INSERT INTO `npc_vendor` VALUES ('54660', '0', '73732', '0', '0', '3758', '1');
INSERT INTO `npc_vendor` VALUES ('54660', '0', '73733', '0', '0', '3757', '1');
INSERT INTO `npc_vendor` VALUES ('54660', '0', '73734', '0', '0', '3756', '1');
INSERT INTO `npc_vendor` VALUES ('54660', '0', '73735', '0', '0', '3755', '1');
INSERT INTO `npc_vendor` VALUES ('54660', '0', '73736', '0', '0', '3754', '1');
INSERT INTO `npc_vendor` VALUES ('54660', '0', '73737', '0', '0', '3753', '1');
INSERT INTO `npc_vendor` VALUES ('54660', '0', '73738', '0', '0', '3709', '1');
INSERT INTO `npc_vendor` VALUES ('54660', '0', '73739', '0', '0', '3708', '1');
INSERT INTO `npc_vendor` VALUES ('54660', '0', '73740', '0', '0', '3707', '1');
INSERT INTO `npc_vendor` VALUES ('54660', '0', '73741', '0', '0', '3706', '1');
INSERT INTO `npc_vendor` VALUES ('54660', '0', '73742', '0', '0', '3705', '1');
INSERT INTO `npc_vendor` VALUES ('54660', '0', '73743', '0', '0', '3779', '1');
INSERT INTO `npc_vendor` VALUES ('54660', '0', '73744', '0', '0', '3778', '1');
INSERT INTO `npc_vendor` VALUES ('54660', '0', '73745', '0', '0', '3777', '1');
INSERT INTO `npc_vendor` VALUES ('54660', '0', '74783', '0', '0', '3695', '1');
INSERT INTO `npc_vendor` VALUES ('54660', '0', '74784', '0', '0', '3696', '1');
INSERT INTO `npc_vendor` VALUES ('54660', '0', '74785', '0', '0', '3697', '1');
INSERT INTO `npc_vendor` VALUES ('54660', '0', '74786', '0', '0', '3698', '1');


-- http://www.wowhead.com/npc=54661
DELETE FROM npc_vendor  WHERE  entry =54661;
INSERT INTO `npc_vendor` VALUES ('54661', '0', '77154', '0', '0', '3872', '1');
INSERT INTO `npc_vendor` VALUES ('54661', '0', '77144', '0', '0', '3872', '1');
INSERT INTO `npc_vendor` VALUES ('54661', '0', '77143', '0', '0', '3872', '1');
INSERT INTO `npc_vendor` VALUES ('54661', '0', '77142', '0', '0', '3872', '1');
INSERT INTO `npc_vendor` VALUES ('54661', '0', '77141', '0', '0', '3872', '1');
INSERT INTO `npc_vendor` VALUES ('54661', '0', '77140', '0', '0', '3872', '1');
INSERT INTO `npc_vendor` VALUES ('54661', '0', '77139', '0', '0', '3872', '1');
INSERT INTO `npc_vendor` VALUES ('54661', '0', '77138', '0', '0', '3872', '1');
INSERT INTO `npc_vendor` VALUES ('54661', '0', '77137', '0', '0', '3872', '1');
INSERT INTO `npc_vendor` VALUES ('54661', '0', '77136', '0', '0', '3872', '1');
INSERT INTO `npc_vendor` VALUES ('54661', '0', '77134', '0', '0', '3872', '1');
INSERT INTO `npc_vendor` VALUES ('54661', '0', '77133', '0', '0', '3872', '1');
INSERT INTO `npc_vendor` VALUES ('54661', '0', '77132', '0', '0', '3872', '1');
INSERT INTO `npc_vendor` VALUES ('54661', '0', '77131', '0', '0', '3872', '1');
INSERT INTO `npc_vendor` VALUES ('54661', '0', '77130', '0', '0', '3872', '1');
INSERT INTO `npc_vendor` VALUES ('54661', '0', '73648', '0', '0', '3169', '1');
INSERT INTO `npc_vendor` VALUES ('54661', '0', '73647', '0', '0', '3168', '1');
INSERT INTO `npc_vendor` VALUES ('54661', '0', '73646', '0', '0', '3168', '1');
INSERT INTO `npc_vendor` VALUES ('54661', '0', '73645', '0', '0', '3168', '1');
INSERT INTO `npc_vendor` VALUES ('54661', '0', '73644', '0', '0', '3168', '1');
INSERT INTO `npc_vendor` VALUES ('54661', '0', '73643', '0', '0', '3169', '1');
INSERT INTO `npc_vendor` VALUES ('54661', '0', '73642', '0', '0', '3652', '1');
INSERT INTO `npc_vendor` VALUES ('54661', '0', '73641', '0', '0', '3168', '1');
INSERT INTO `npc_vendor` VALUES ('54661', '0', '73640', '0', '0', '3168', '1');
INSERT INTO `npc_vendor` VALUES ('54661', '0', '73639', '0', '0', '3169', '1');
INSERT INTO `npc_vendor` VALUES ('54661', '0', '73638', '0', '0', '3169', '1');
INSERT INTO `npc_vendor` VALUES ('54661', '0', '73637', '0', '0', '3169', '1');
INSERT INTO `npc_vendor` VALUES ('54661', '0', '73636', '0', '0', '3169', '1');
INSERT INTO `npc_vendor` VALUES ('54661', '0', '73635', '0', '0', '3169', '1');
INSERT INTO `npc_vendor` VALUES ('54661', '0', '73634', '0', '0', '3169', '1');
INSERT INTO `npc_vendor` VALUES ('54661', '0', '73633', '0', '0', '3168', '1');
INSERT INTO `npc_vendor` VALUES ('54661', '0', '73632', '0', '0', '3168', '1');
INSERT INTO `npc_vendor` VALUES ('54661', '0', '73631', '0', '0', '3168', '1');
INSERT INTO `npc_vendor` VALUES ('54661', '0', '73630', '0', '0', '3168', '1');
INSERT INTO `npc_vendor` VALUES ('54661', '0', '73629', '0', '0', '3168', '1');
INSERT INTO `npc_vendor` VALUES ('54661', '0', '73628', '0', '0', '3168', '1');
INSERT INTO `npc_vendor` VALUES ('54661', '0', '73627', '0', '0', '3168', '1');
INSERT INTO `npc_vendor` VALUES ('54661', '0', '73626', '0', '0', '3168', '1');
INSERT INTO `npc_vendor` VALUES ('54661', '0', '73625', '0', '0', '3168', '1');
INSERT INTO `npc_vendor` VALUES ('54661', '0', '73624', '0', '0', '3652', '1');
INSERT INTO `npc_vendor` VALUES ('54661', '0', '73623', '0', '0', '3168', '1');
INSERT INTO `npc_vendor` VALUES ('54661', '0', '73622', '0', '0', '3168', '1');
INSERT INTO `npc_vendor` VALUES ('54661', '0', '73621', '0', '0', '3168', '1');
INSERT INTO `npc_vendor` VALUES ('54661', '0', '73620', '0', '0', '3170', '1');
INSERT INTO `npc_vendor` VALUES ('54661', '0', '73619', '0', '0', '3169', '1');
INSERT INTO `npc_vendor` VALUES ('54661', '0', '73618', '0', '0', '3170', '1');
INSERT INTO `npc_vendor` VALUES ('54661', '0', '73617', '0', '0', '3170', '1');
INSERT INTO `npc_vendor` VALUES ('54661', '0', '73616', '0', '0', '3169', '1');
INSERT INTO `npc_vendor` VALUES ('54661', '0', '73615', '0', '0', '3169', '1');
INSERT INTO `npc_vendor` VALUES ('54661', '0', '73614', '0', '0', '3170', '1');
INSERT INTO `npc_vendor` VALUES ('54661', '0', '73613', '0', '0', '3170', '1');
INSERT INTO `npc_vendor` VALUES ('54661', '0', '73612', '0', '0', '3170', '1');
INSERT INTO `npc_vendor` VALUES ('54661', '0', '73611', '0', '0', '3169', '1');
INSERT INTO `npc_vendor` VALUES ('54661', '0', '73610', '0', '0', '3169', '1');
INSERT INTO `npc_vendor` VALUES ('54661', '0', '73609', '0', '0', '3169', '1');
INSERT INTO `npc_vendor` VALUES ('54661', '0', '73608', '0', '0', '3168', '1');
INSERT INTO `npc_vendor` VALUES ('54661', '0', '73607', '0', '0', '3169', '1');
INSERT INTO `npc_vendor` VALUES ('54661', '0', '73606', '0', '0', '3170', '1');
INSERT INTO `npc_vendor` VALUES ('54661', '0', '73605', '0', '0', '3170', '1');
INSERT INTO `npc_vendor` VALUES ('54661', '0', '73604', '0', '0', '3170', '1');
INSERT INTO `npc_vendor` VALUES ('54661', '0', '73603', '0', '0', '3169', '1');
INSERT INTO `npc_vendor` VALUES ('54661', '0', '73602', '0', '0', '3169', '1');
INSERT INTO `npc_vendor` VALUES ('54661', '0', '73601', '0', '0', '3169', '1');
INSERT INTO `npc_vendor` VALUES ('54661', '0', '73600', '0', '0', '3168', '1');
INSERT INTO `npc_vendor` VALUES ('54661', '0', '73599', '0', '0', '3169', '1');
INSERT INTO `npc_vendor` VALUES ('54661', '0', '73598', '0', '0', '3170', '1');
INSERT INTO `npc_vendor` VALUES ('54661', '0', '73597', '0', '0', '3170', '1');
INSERT INTO `npc_vendor` VALUES ('54661', '0', '73596', '0', '0', '3170', '1');
INSERT INTO `npc_vendor` VALUES ('54661', '0', '73595', '0', '0', '3169', '1');
INSERT INTO `npc_vendor` VALUES ('54661', '0', '73594', '0', '0', '3652', '1');
INSERT INTO `npc_vendor` VALUES ('54661', '0', '73593', '0', '0', '3169', '1');
INSERT INTO `npc_vendor` VALUES ('54661', '0', '73592', '0', '0', '3169', '1');
INSERT INTO `npc_vendor` VALUES ('54661', '0', '73591', '0', '0', '3169', '1');
INSERT INTO `npc_vendor` VALUES ('54661', '0', '73590', '0', '0', '3169', '1');
INSERT INTO `npc_vendor` VALUES ('54661', '0', '73589', '0', '0', '3169', '1');
INSERT INTO `npc_vendor` VALUES ('54661', '0', '73588', '0', '0', '3169', '1');
INSERT INTO `npc_vendor` VALUES ('54661', '0', '73587', '0', '0', '3169', '1');
INSERT INTO `npc_vendor` VALUES ('54661', '0', '73586', '0', '0', '3168', '1');
INSERT INTO `npc_vendor` VALUES ('54661', '0', '73585', '0', '0', '3168', '1');
INSERT INTO `npc_vendor` VALUES ('54661', '0', '73584', '0', '0', '3170', '1');
INSERT INTO `npc_vendor` VALUES ('54661', '0', '73583', '0', '0', '3169', '1');
INSERT INTO `npc_vendor` VALUES ('54661', '0', '73582', '0', '0', '3170', '1');
INSERT INTO `npc_vendor` VALUES ('54661', '0', '73581', '0', '0', '3170', '1');
INSERT INTO `npc_vendor` VALUES ('54661', '0', '73580', '0', '0', '3169', '1');
INSERT INTO `npc_vendor` VALUES ('54661', '0', '73576', '0', '0', '3169', '1');
INSERT INTO `npc_vendor` VALUES ('54661', '0', '73575', '0', '0', '3170', '1');
INSERT INTO `npc_vendor` VALUES ('54661', '0', '73574', '0', '0', '3170', '1');
INSERT INTO `npc_vendor` VALUES ('54661', '0', '73573', '0', '0', '3170', '1');
INSERT INTO `npc_vendor` VALUES ('54661', '0', '73572', '0', '0', '3169', '1');
INSERT INTO `npc_vendor` VALUES ('54661', '0', '73571', '0', '0', '3170', '1');
INSERT INTO `npc_vendor` VALUES ('54661', '0', '73570', '0', '0', '3169', '1');
INSERT INTO `npc_vendor` VALUES ('54661', '0', '73569', '0', '0', '3170', '1');
INSERT INTO `npc_vendor` VALUES ('54661', '0', '73568', '0', '0', '3170', '1');
INSERT INTO `npc_vendor` VALUES ('54661', '0', '73567', '0', '0', '3169', '1');
INSERT INTO `npc_vendor` VALUES ('54661', '0', '73566', '0', '0', '3169', '1');
INSERT INTO `npc_vendor` VALUES ('54661', '0', '73565', '0', '0', '3169', '1');
INSERT INTO `npc_vendor` VALUES ('54661', '0', '73564', '0', '0', '3169', '1');
INSERT INTO `npc_vendor` VALUES ('54661', '0', '73563', '0', '0', '3169', '1');
INSERT INTO `npc_vendor` VALUES ('54661', '0', '73562', '0', '0', '3168', '1');
INSERT INTO `npc_vendor` VALUES ('54661', '0', '73561', '0', '0', '3168', '1');
INSERT INTO `npc_vendor` VALUES ('54661', '0', '73560', '0', '0', '3170', '1');
INSERT INTO `npc_vendor` VALUES ('54661', '0', '73559', '0', '0', '3169', '1');
INSERT INTO `npc_vendor` VALUES ('54661', '0', '73558', '0', '0', '3170', '1');
INSERT INTO `npc_vendor` VALUES ('54661', '0', '73557', '0', '0', '3170', '1');
INSERT INTO `npc_vendor` VALUES ('54661', '0', '73556', '0', '0', '3169', '1');
INSERT INTO `npc_vendor` VALUES ('54661', '0', '73555', '0', '0', '3169', '1');
INSERT INTO `npc_vendor` VALUES ('54661', '0', '73554', '0', '0', '3169', '1');
INSERT INTO `npc_vendor` VALUES ('54661', '0', '73553', '0', '0', '3169', '1');
INSERT INTO `npc_vendor` VALUES ('54661', '0', '73552', '0', '0', '3169', '1');
INSERT INTO `npc_vendor` VALUES ('54661', '0', '73551', '0', '0', '3168', '1');
INSERT INTO `npc_vendor` VALUES ('54661', '0', '73550', '0', '0', '3168', '1');
INSERT INTO `npc_vendor` VALUES ('54661', '0', '73549', '0', '0', '3169', '1');
INSERT INTO `npc_vendor` VALUES ('54661', '0', '73548', '0', '0', '3170', '1');
INSERT INTO `npc_vendor` VALUES ('54661', '0', '73547', '0', '0', '3170', '1');
INSERT INTO `npc_vendor` VALUES ('54661', '0', '73546', '0', '0', '3170', '1');
INSERT INTO `npc_vendor` VALUES ('54661', '0', '73545', '0', '0', '3169', '1');
INSERT INTO `npc_vendor` VALUES ('54661', '0', '73544', '0', '0', '3169', '1');
INSERT INTO `npc_vendor` VALUES ('54661', '0', '73543', '0', '0', '3170', '1');
INSERT INTO `npc_vendor` VALUES ('54661', '0', '73542', '0', '0', '3170', '1');
INSERT INTO `npc_vendor` VALUES ('54661', '0', '73541', '0', '0', '3170', '1');
INSERT INTO `npc_vendor` VALUES ('54661', '0', '73540', '0', '0', '3169', '1');
INSERT INTO `npc_vendor` VALUES ('54661', '0', '73539', '0', '0', '3169', '1');
INSERT INTO `npc_vendor` VALUES ('54661', '0', '73536', '0', '0', '3169', '1');
INSERT INTO `npc_vendor` VALUES ('54661', '0', '73535', '0', '0', '3169', '1');
INSERT INTO `npc_vendor` VALUES ('54661', '0', '73533', '0', '0', '3169', '1');
INSERT INTO `npc_vendor` VALUES ('54661', '0', '73532', '0', '0', '3169', '1');
INSERT INTO `npc_vendor` VALUES ('54661', '0', '73531', '0', '0', '3169', '1');
INSERT INTO `npc_vendor` VALUES ('54661', '0', '73530', '0', '0', '3169', '1');
INSERT INTO `npc_vendor` VALUES ('54661', '0', '73529', '0', '0', '3168', '1');
INSERT INTO `npc_vendor` VALUES ('54661', '0', '73528', '0', '0', '3168', '1');
INSERT INTO `npc_vendor` VALUES ('54661', '0', '73527', '0', '0', '3170', '1');
INSERT INTO `npc_vendor` VALUES ('54661', '0', '73526', '0', '0', '3169', '1');
INSERT INTO `npc_vendor` VALUES ('54661', '0', '73525', '0', '0', '3170', '1');
INSERT INTO `npc_vendor` VALUES ('54661', '0', '73524', '0', '0', '3170', '1');
INSERT INTO `npc_vendor` VALUES ('54661', '0', '73523', '0', '0', '3169', '1');
INSERT INTO `npc_vendor` VALUES ('54661', '0', '73522', '0', '0', '3169', '1');
INSERT INTO `npc_vendor` VALUES ('54661', '0', '73521', '0', '0', '3169', '1');
INSERT INTO `npc_vendor` VALUES ('54661', '0', '73520', '0', '0', '3169', '1');
INSERT INTO `npc_vendor` VALUES ('54661', '0', '73519', '0', '0', '3168', '1');
INSERT INTO `npc_vendor` VALUES ('54661', '0', '73518', '0', '0', '3168', '1');
INSERT INTO `npc_vendor` VALUES ('54661', '0', '73517', '0', '0', '3170', '1');
INSERT INTO `npc_vendor` VALUES ('54661', '0', '73516', '0', '0', '3169', '1');
INSERT INTO `npc_vendor` VALUES ('54661', '0', '73515', '0', '0', '3170', '1');
INSERT INTO `npc_vendor` VALUES ('54661', '0', '73514', '0', '0', '3170', '1');
INSERT INTO `npc_vendor` VALUES ('54661', '0', '73513', '0', '0', '3169', '1');
INSERT INTO `npc_vendor` VALUES ('54661', '0', '73512', '0', '0', '3170', '1');
INSERT INTO `npc_vendor` VALUES ('54661', '0', '73511', '0', '0', '3169', '1');
INSERT INTO `npc_vendor` VALUES ('54661', '0', '73510', '0', '0', '3170', '1');
INSERT INTO `npc_vendor` VALUES ('54661', '0', '73509', '0', '0', '3170', '1');
INSERT INTO `npc_vendor` VALUES ('54661', '0', '73508', '0', '0', '3169', '1');
INSERT INTO `npc_vendor` VALUES ('54661', '0', '73507', '0', '0', '3169', '1');
INSERT INTO `npc_vendor` VALUES ('54661', '0', '73506', '0', '0', '3170', '1');
INSERT INTO `npc_vendor` VALUES ('54661', '0', '73505', '0', '0', '3169', '1');
INSERT INTO `npc_vendor` VALUES ('54661', '0', '73504', '0', '0', '3170', '1');
INSERT INTO `npc_vendor` VALUES ('54661', '0', '73503', '0', '0', '3170', '1');
INSERT INTO `npc_vendor` VALUES ('54661', '0', '73502', '0', '0', '3169', '1');
INSERT INTO `npc_vendor` VALUES ('54661', '0', '73498', '0', '0', '3169', '1');
INSERT INTO `npc_vendor` VALUES ('54661', '0', '73497', '0', '0', '3169', '1');
INSERT INTO `npc_vendor` VALUES ('54661', '0', '73496', '0', '0', '3169', '1');
INSERT INTO `npc_vendor` VALUES ('54661', '0', '73495', '0', '0', '3168', '1');
INSERT INTO `npc_vendor` VALUES ('54661', '0', '73494', '0', '0', '3168', '1');
INSERT INTO `npc_vendor` VALUES ('54661', '0', '73493', '0', '0', '3168', '1');
INSERT INTO `npc_vendor` VALUES ('54661', '0', '73492', '0', '0', '3168', '1');
INSERT INTO `npc_vendor` VALUES ('54661', '0', '73491', '0', '0', '3169', '1');
INSERT INTO `npc_vendor` VALUES ('54661', '0', '73490', '0', '0', '3652', '1');
INSERT INTO `npc_vendor` VALUES ('54661', '0', '73489', '0', '0', '3168', '1');
INSERT INTO `npc_vendor` VALUES ('54661', '0', '73488', '0', '0', '3168', '1');
INSERT INTO `npc_vendor` VALUES ('54661', '0', '73487', '0', '0', '3169', '1');
INSERT INTO `npc_vendor` VALUES ('54661', '0', '73486', '0', '0', '3170', '1');
INSERT INTO `npc_vendor` VALUES ('54661', '0', '73485', '0', '0', '3170', '1');
INSERT INTO `npc_vendor` VALUES ('54661', '0', '73484', '0', '0', '3170', '1');
INSERT INTO `npc_vendor` VALUES ('54661', '0', '73483', '0', '0', '3169', '1');
INSERT INTO `npc_vendor` VALUES ('54661', '0', '73482', '0', '0', '3170', '1');
INSERT INTO `npc_vendor` VALUES ('54661', '0', '73481', '0', '0', '3169', '1');
INSERT INTO `npc_vendor` VALUES ('54661', '0', '73480', '0', '0', '3170', '1');
INSERT INTO `npc_vendor` VALUES ('54661', '0', '73479', '0', '0', '3170', '1');
INSERT INTO `npc_vendor` VALUES ('54661', '0', '73478', '0', '0', '3169', '1');
INSERT INTO `npc_vendor` VALUES ('54661', '0', '73477', '0', '0', '3415', '1');
INSERT INTO `npc_vendor` VALUES ('54661', '0', '73476', '0', '0', '3415', '1');
INSERT INTO `npc_vendor` VALUES ('54661', '0', '73475', '0', '0', '3415', '1');
INSERT INTO `npc_vendor` VALUES ('54661', '0', '73474', '0', '0', '3416', '1');
INSERT INTO `npc_vendor` VALUES ('54661', '0', '73473', '0', '0', '3416', '1');
INSERT INTO `npc_vendor` VALUES ('54661', '0', '73472', '0', '0', '3416', '1');
INSERT INTO `npc_vendor` VALUES ('54661', '0', '73471', '0', '0', '3652', '1');
INSERT INTO `npc_vendor` VALUES ('54661', '0', '73470', '0', '0', '3415', '1');
INSERT INTO `npc_vendor` VALUES ('54661', '0', '73469', '0', '0', '3417', '1');
INSERT INTO `npc_vendor` VALUES ('54661', '0', '73468', '0', '0', '3417', '1');
INSERT INTO `npc_vendor` VALUES ('54661', '0', '73467', '0', '0', '3416', '1');
INSERT INTO `npc_vendor` VALUES ('54661', '0', '73466', '0', '0', '3415', '1');
INSERT INTO `npc_vendor` VALUES ('54661', '0', '73465', '0', '0', '3417', '1');
INSERT INTO `npc_vendor` VALUES ('54661', '0', '73464', '0', '0', '3652', '1');
INSERT INTO `npc_vendor` VALUES ('54661', '0', '73463', '0', '0', '3415', '1');
INSERT INTO `npc_vendor` VALUES ('54661', '0', '73462', '0', '0', '3415', '1');
INSERT INTO `npc_vendor` VALUES ('54661', '0', '73461', '0', '0', '3417', '1');
INSERT INTO `npc_vendor` VALUES ('54661', '0', '73460', '0', '0', '3415', '1');
INSERT INTO `npc_vendor` VALUES ('54661', '0', '73459', '0', '0', '3416', '1');
INSERT INTO `npc_vendor` VALUES ('54661', '0', '73458', '0', '0', '3417', '1');
INSERT INTO `npc_vendor` VALUES ('54661', '0', '73457', '0', '0', '3415', '1');
INSERT INTO `npc_vendor` VALUES ('54661', '0', '73456', '0', '0', '3415', '1');
INSERT INTO `npc_vendor` VALUES ('54661', '0', '73455', '0', '0', '3416', '1');
INSERT INTO `npc_vendor` VALUES ('54661', '0', '73454', '0', '0', '3416', '1');
INSERT INTO `npc_vendor` VALUES ('54661', '0', '73453', '0', '0', '3417', '1');
INSERT INTO `npc_vendor` VALUES ('54661', '0', '73452', '0', '0', '3416', '1');
INSERT INTO `npc_vendor` VALUES ('54661', '0', '73451', '0', '0', '3417', '1');
INSERT INTO `npc_vendor` VALUES ('54661', '0', '73450', '0', '0', '3652', '1');
INSERT INTO `npc_vendor` VALUES ('54661', '0', '73449', '0', '0', '3416', '1');
INSERT INTO `npc_vendor` VALUES ('54661', '0', '73448', '0', '0', '3416', '1');
INSERT INTO `npc_vendor` VALUES ('54661', '0', '73447', '0', '0', '3416', '1');
INSERT INTO `npc_vendor` VALUES ('54661', '0', '73446', '0', '0', '3417', '1');
INSERT INTO `npc_vendor` VALUES ('54661', '0', '73445', '0', '0', '3652', '1');

-- http://www.wowhead.com/npc=12784
DELETE FROM npc_vendor  WHERE  entry =12784;
INSERT INTO `npc_vendor` VALUES ('12784', '7', '12584', '0', '0', '2291', '1');
INSERT INTO `npc_vendor` VALUES ('12784', '14', '18825', '0', '0', '2291', '1');
INSERT INTO `npc_vendor` VALUES ('12784', '6', '18827', '0', '0', '2291', '1');
INSERT INTO `npc_vendor` VALUES ('12784', '2', '18830', '0', '0', '2257', '1');
INSERT INTO `npc_vendor` VALUES ('12784', '15', '18833', '0', '0', '2291', '1');
INSERT INTO `npc_vendor` VALUES ('12784', '16', '18836', '0', '0', '2291', '1');
INSERT INTO `npc_vendor` VALUES ('12784', '13', '18838', '0', '0', '2291', '1');
INSERT INTO `npc_vendor` VALUES ('12784', '11', '18843', '0', '0', '2291', '1');
INSERT INTO `npc_vendor` VALUES ('12784', '12', '18847', '0', '0', '2291', '1');
INSERT INTO `npc_vendor` VALUES ('12784', '17', '18855', '0', '0', '2291', '1');
INSERT INTO `npc_vendor` VALUES ('12784', '9', '18865', '0', '0', '2291', '1');
INSERT INTO `npc_vendor` VALUES ('12784', '3', '18867', '0', '0', '2257', '1');
INSERT INTO `npc_vendor` VALUES ('12784', '5', '18869', '0', '0', '2257', '1');
INSERT INTO `npc_vendor` VALUES ('12784', '18', '18873', '0', '0', '2257', '1');
INSERT INTO `npc_vendor` VALUES ('12784', '1', '18876', '0', '0', '2257', '1');
INSERT INTO `npc_vendor` VALUES ('12784', '19', '23451', '0', '0', '2291', '1');
INSERT INTO `npc_vendor` VALUES ('12784', '20', '23452', '0', '0', '2291', '1');
INSERT INTO `npc_vendor` VALUES ('12784', '21', '23453', '0', '0', '2291', '1');
INSERT INTO `npc_vendor` VALUES ('12784', '10', '23454', '0', '0', '2291', '1');
INSERT INTO `npc_vendor` VALUES ('12784', '4', '23455', '0', '0', '2257', '1');
INSERT INTO `npc_vendor` VALUES ('12784', '8', '23456', '0', '0', '2291', '1');
INSERT INTO `npc_vendor` VALUES ('12784', '50', '34985', '0', '0', '1758', '1');
INSERT INTO `npc_vendor` VALUES ('12784', '66', '34986', '0', '0', '2285', '1');
INSERT INTO `npc_vendor` VALUES ('12784', '46', '34987', '0', '0', '1664', '1');
INSERT INTO `npc_vendor` VALUES ('12784', '35', '34988', '0', '0', '2283', '1');
INSERT INTO `npc_vendor` VALUES ('12784', '23', '34989', '0', '0', '1664', '1');
INSERT INTO `npc_vendor` VALUES ('12784', '31', '34995', '0', '0', '2283', '1');
INSERT INTO `npc_vendor` VALUES ('12784', '32', '34996', '0', '0', '2287', '1');
INSERT INTO `npc_vendor` VALUES ('12784', '24', '34997', '0', '0', '1664', '1');
INSERT INTO `npc_vendor` VALUES ('12784', '52', '35008', '0', '0', '2283', '1');
INSERT INTO `npc_vendor` VALUES ('12784', '42', '35014', '0', '0', '2284', '1');
INSERT INTO `npc_vendor` VALUES ('12784', '22', '35015', '0', '0', '1664', '1');
INSERT INTO `npc_vendor` VALUES ('12784', '53', '35016', '0', '0', '2283', '1');
INSERT INTO `npc_vendor` VALUES ('12784', '33', '35017', '0', '0', '2283', '1');
INSERT INTO `npc_vendor` VALUES ('12784', '39', '35018', '0', '0', '1664', '1');
INSERT INTO `npc_vendor` VALUES ('12784', '30', '35037', '0', '0', '2283', '1');
INSERT INTO `npc_vendor` VALUES ('12784', '29', '35038', '0', '0', '2283', '1');
INSERT INTO `npc_vendor` VALUES ('12784', '41', '35047', '0', '0', '1664', '1');
INSERT INTO `npc_vendor` VALUES ('12784', '38', '35058', '0', '0', '2283', '1');
INSERT INTO `npc_vendor` VALUES ('12784', '25', '35064', '0', '0', '1664', '1');
INSERT INTO `npc_vendor` VALUES ('12784', '49', '35065', '0', '0', '1758', '1');
INSERT INTO `npc_vendor` VALUES ('12784', '34', '35071', '0', '0', '2287', '1');
INSERT INTO `npc_vendor` VALUES ('12784', '27', '35072', '0', '0', '2283', '1');
INSERT INTO `npc_vendor` VALUES ('12784', '67', '35073', '0', '0', '2285', '1');
INSERT INTO `npc_vendor` VALUES ('12784', '54', '35074', '0', '0', '2283', '1');
INSERT INTO `npc_vendor` VALUES ('12784', '40', '35075', '0', '0', '1664', '1');
INSERT INTO `npc_vendor` VALUES ('12784', '28', '35076', '0', '0', '2287', '1');
INSERT INTO `npc_vendor` VALUES ('12784', '43', '35082', '0', '0', '2284', '1');
INSERT INTO `npc_vendor` VALUES ('12784', '36', '35093', '0', '0', '2287', '1');
INSERT INTO `npc_vendor` VALUES ('12784', '68', '35094', '0', '0', '2285', '1');
INSERT INTO `npc_vendor` VALUES ('12784', '37', '35095', '0', '0', '2283', '1');
INSERT INTO `npc_vendor` VALUES ('12784', '26', '35101', '0', '0', '2287', '1');
INSERT INTO `npc_vendor` VALUES ('12784', '44', '35102', '0', '0', '2284', '1');
INSERT INTO `npc_vendor` VALUES ('12784', '47', '35103', '0', '0', '1664', '1');
INSERT INTO `npc_vendor` VALUES ('12784', '48', '35107', '0', '0', '1758', '1');
INSERT INTO `npc_vendor` VALUES ('12784', '51', '35108', '0', '0', '1758', '1');
INSERT INTO `npc_vendor` VALUES ('12784', '45', '35109', '0', '0', '1664', '1');
INSERT INTO `npc_vendor` VALUES ('12784', '69', '51388', '0', '0', '2936', '1');
INSERT INTO `npc_vendor` VALUES ('12784', '70', '51390', '0', '0', '2936', '1');
INSERT INTO `npc_vendor` VALUES ('12784', '71', '51392', '0', '0', '2936', '1');
INSERT INTO `npc_vendor` VALUES ('12784', '72', '51394', '0', '0', '2936', '1');
INSERT INTO `npc_vendor` VALUES ('12784', '105', '51396', '0', '0', '2950', '1');
INSERT INTO `npc_vendor` VALUES ('12784', '73', '51397', '0', '0', '2943', '1');
INSERT INTO `npc_vendor` VALUES ('12784', '74', '51400', '0', '0', '2936', '1');
INSERT INTO `npc_vendor` VALUES ('12784', '75', '51402', '0', '0', '2936', '1');
INSERT INTO `npc_vendor` VALUES ('12784', '76', '51404', '0', '0', '2936', '1');
INSERT INTO `npc_vendor` VALUES ('12784', '77', '51406', '0', '0', '2943', '1');
INSERT INTO `npc_vendor` VALUES ('12784', '106', '51407', '0', '0', '2950', '1');
INSERT INTO `npc_vendor` VALUES ('12784', '107', '51408', '0', '0', '2950', '1');
INSERT INTO `npc_vendor` VALUES ('12784', '108', '51409', '0', '0', '2950', '1');
INSERT INTO `npc_vendor` VALUES ('12784', '97', '51410', '0', '0', '2951', '1');
INSERT INTO `npc_vendor` VALUES ('12784', '78', '51411', '0', '0', '2936', '1');
INSERT INTO `npc_vendor` VALUES ('12784', '80', '51439', '0', '0', '2946', '1');
INSERT INTO `npc_vendor` VALUES ('12784', '81', '51441', '0', '0', '2946', '1');
INSERT INTO `npc_vendor` VALUES ('12784', '82', '51443', '0', '0', '2946', '1');
INSERT INTO `npc_vendor` VALUES ('12784', '83', '51445', '0', '0', '2946', '1');
INSERT INTO `npc_vendor` VALUES ('12784', '84', '51447', '0', '0', '2946', '1');
INSERT INTO `npc_vendor` VALUES ('12784', '85', '51449', '0', '0', '2936', '1');
INSERT INTO `npc_vendor` VALUES ('12784', '98', '51451', '0', '0', '2951', '1');
INSERT INTO `npc_vendor` VALUES ('12784', '102', '51452', '0', '0', '2950', '1');
INSERT INTO `npc_vendor` VALUES ('12784', '86', '51453', '0', '0', '2943', '1');
INSERT INTO `npc_vendor` VALUES ('12784', '103', '51455', '0', '0', '2950', '1');
INSERT INTO `npc_vendor` VALUES ('12784', '87', '51456', '0', '0', '2936', '1');
INSERT INTO `npc_vendor` VALUES ('12784', '88', '51480', '0', '0', '2936', '1');
INSERT INTO `npc_vendor` VALUES ('12784', '89', '51515', '0', '0', '2945', '1');
INSERT INTO `npc_vendor` VALUES ('12784', '90', '51517', '0', '0', '2945', '1');
INSERT INTO `npc_vendor` VALUES ('12784', '91', '51519', '0', '0', '2945', '1');
INSERT INTO `npc_vendor` VALUES ('12784', '92', '51521', '0', '0', '2945', '1');
INSERT INTO `npc_vendor` VALUES ('12784', '93', '51523', '0', '0', '2945', '1');
INSERT INTO `npc_vendor` VALUES ('12784', '94', '51525', '0', '0', '2946', '1');
INSERT INTO `npc_vendor` VALUES ('12784', '95', '51527', '0', '0', '2946', '1');
INSERT INTO `npc_vendor` VALUES ('12784', '96', '51530', '0', '0', '2946', '1');
INSERT INTO `npc_vendor` VALUES ('12784', '99', '51531', '0', '0', '2951', '1');
INSERT INTO `npc_vendor` VALUES ('12784', '100', '51532', '0', '0', '2951', '1');
INSERT INTO `npc_vendor` VALUES ('12784', '104', '51533', '0', '0', '2950', '1');
INSERT INTO `npc_vendor` VALUES ('12784', '101', '51535', '0', '0', '2951', '1');

-- http://www.wowhead.com/npc=12785
DELETE FROM npc_vendor  WHERE  entry =12785;
INSERT INTO `npc_vendor` VALUES ('12785', '111', '16342', '0', '0', '774', '1');
INSERT INTO `npc_vendor` VALUES ('12785', '101', '16477', '0', '0', '463', '1');
INSERT INTO `npc_vendor` VALUES ('12785', '103', '16478', '0', '0', '464', '1');
INSERT INTO `npc_vendor` VALUES ('12785', '102', '16479', '0', '0', '542', '1');
INSERT INTO `npc_vendor` VALUES ('12785', '104', '16480', '0', '0', '465', '1');
INSERT INTO `npc_vendor` VALUES ('12785', '97', '16483', '0', '0', '465', '1');
INSERT INTO `npc_vendor` VALUES ('12785', '98', '16484', '0', '0', '541', '1');
INSERT INTO `npc_vendor` VALUES ('12785', '109', '18440', '0', '0', '1050', '1');
INSERT INTO `npc_vendor` VALUES ('12785', '110', '18441', '0', '0', '986', '1');
INSERT INTO `npc_vendor` VALUES ('12785', '112', '18442', '0', '0', '838', '1');
INSERT INTO `npc_vendor` VALUES ('12785', '114', '18443', '0', '0', '491', '1');
INSERT INTO `npc_vendor` VALUES ('12785', '113', '18444', '0', '0', '930', '1');
INSERT INTO `npc_vendor` VALUES ('12785', '122', '18445', '0', '0', '492', '1');
INSERT INTO `npc_vendor` VALUES ('12785', '121', '18447', '0', '0', '931', '1');
INSERT INTO `npc_vendor` VALUES ('12785', '126', '18854', '0', '0', '634', '1');
INSERT INTO `npc_vendor` VALUES ('12785', '87', '23286', '0', '0', '428', '1');
INSERT INTO `npc_vendor` VALUES ('12785', '88', '23287', '0', '0', '2549', '1');
INSERT INTO `npc_vendor` VALUES ('12785', '91', '23300', '0', '0', '652', '1');
INSERT INTO `npc_vendor` VALUES ('12785', '92', '23301', '0', '0', '653', '1');
INSERT INTO `npc_vendor` VALUES ('12785', '95', '23314', '0', '0', '444', '1');
INSERT INTO `npc_vendor` VALUES ('12785', '96', '23315', '0', '0', '2549', '1');
INSERT INTO `npc_vendor` VALUES ('12785', '446', '25829', '0', '0', '125', '1');
INSERT INTO `npc_vendor` VALUES ('12785', '218', '34986', '0', '0', '2285', '1');
INSERT INTO `npc_vendor` VALUES ('12785', '180', '35008', '0', '0', '2283', '1');
INSERT INTO `npc_vendor` VALUES ('12785', '182', '35016', '0', '0', '2283', '1');
INSERT INTO `npc_vendor` VALUES ('12785', '134', '35066', '0', '0', '2285', '1');
INSERT INTO `npc_vendor` VALUES ('12785', '144', '35067', '0', '0', '2342', '1');
INSERT INTO `npc_vendor` VALUES ('12785', '162', '35068', '0', '0', '2285', '1');
INSERT INTO `npc_vendor` VALUES ('12785', '183', '35069', '0', '0', '2285', '1');
INSERT INTO `npc_vendor` VALUES ('12785', '221', '35070', '0', '0', '2288', '1');
INSERT INTO `npc_vendor` VALUES ('12785', '219', '35073', '0', '0', '2285', '1');
INSERT INTO `npc_vendor` VALUES ('12785', '181', '35074', '0', '0', '2283', '1');
INSERT INTO `npc_vendor` VALUES ('12785', '220', '35094', '0', '0', '2285', '1');
INSERT INTO `npc_vendor` VALUES ('12785', '442', '35129', '0', '0', '2028', '1');
INSERT INTO `npc_vendor` VALUES ('12785', '443', '35130', '0', '0', '2028', '1');
INSERT INTO `npc_vendor` VALUES ('12785', '444', '35131', '0', '0', '2028', '1');
INSERT INTO `npc_vendor` VALUES ('12785', '437', '35132', '0', '0', '127', '1');
INSERT INTO `npc_vendor` VALUES ('12785', '436', '35133', '0', '0', '127', '1');
INSERT INTO `npc_vendor` VALUES ('12785', '435', '35134', '0', '0', '127', '1');
INSERT INTO `npc_vendor` VALUES ('12785', '434', '35135', '0', '0', '127', '1');
INSERT INTO `npc_vendor` VALUES ('12785', '420', '35140', '0', '0', '1911', '1');
INSERT INTO `npc_vendor` VALUES ('12785', '423', '35145', '0', '0', '1911', '1');
INSERT INTO `npc_vendor` VALUES ('12785', '429', '35146', '0', '0', '1911', '1');
INSERT INTO `npc_vendor` VALUES ('12785', '426', '35148', '0', '0', '1911', '1');
INSERT INTO `npc_vendor` VALUES ('12785', '421', '35155', '0', '0', '1923', '1');
INSERT INTO `npc_vendor` VALUES ('12785', '424', '35160', '0', '0', '1923', '1');
INSERT INTO `npc_vendor` VALUES ('12785', '430', '35161', '0', '0', '1923', '1');
INSERT INTO `npc_vendor` VALUES ('12785', '427', '35163', '0', '0', '1923', '1');
INSERT INTO `npc_vendor` VALUES ('12785', '422', '35170', '0', '0', '1935', '1');
INSERT INTO `npc_vendor` VALUES ('12785', '425', '35175', '0', '0', '1935', '1');
INSERT INTO `npc_vendor` VALUES ('12785', '431', '35176', '0', '0', '1935', '1');
INSERT INTO `npc_vendor` VALUES ('12785', '428', '35178', '0', '0', '1935', '1');
INSERT INTO `npc_vendor` VALUES ('12785', '445', '37927', '0', '0', '2028', '1');
INSERT INTO `npc_vendor` VALUES ('12785', '433', '37928', '0', '0', '127', '1');
INSERT INTO `npc_vendor` VALUES ('12785', '432', '37929', '0', '0', '127', '1');
INSERT INTO `npc_vendor` VALUES ('12785', '439', '41591', '0', '0', '2428', '1');
INSERT INTO `npc_vendor` VALUES ('12785', '438', '41592', '0', '0', '2428', '1');
INSERT INTO `npc_vendor` VALUES ('12785', '441', '44429', '0', '0', '2428', '1');
INSERT INTO `npc_vendor` VALUES ('12785', '440', '44431', '0', '0', '2428', '1');
INSERT INTO `npc_vendor` VALUES ('12785', '335', '51330', '0', '0', '2964', '1');
INSERT INTO `npc_vendor` VALUES ('12785', '355', '51331', '0', '0', '2964', '1');
INSERT INTO `npc_vendor` VALUES ('12785', '336', '51332', '0', '0', '2964', '1');
INSERT INTO `npc_vendor` VALUES ('12785', '356', '51333', '0', '0', '2964', '1');
INSERT INTO `npc_vendor` VALUES ('12785', '337', '51334', '0', '0', '2964', '1');
INSERT INTO `npc_vendor` VALUES ('12785', '357', '51335', '0', '0', '2964', '1');
INSERT INTO `npc_vendor` VALUES ('12785', '354', '51336', '0', '0', '2964', '1');
INSERT INTO `npc_vendor` VALUES ('12785', '338', '51346', '0', '0', '2964', '1');
INSERT INTO `npc_vendor` VALUES ('12785', '358', '51347', '0', '0', '2964', '1');
INSERT INTO `npc_vendor` VALUES ('12785', '339', '51348', '0', '0', '2964', '1');
INSERT INTO `npc_vendor` VALUES ('12785', '360', '51349', '0', '0', '2964', '1');
INSERT INTO `npc_vendor` VALUES ('12785', '361', '51353', '0', '0', '2964', '1');
INSERT INTO `npc_vendor` VALUES ('12785', '340', '51354', '0', '0', '2964', '1');
INSERT INTO `npc_vendor` VALUES ('12785', '362', '51355', '0', '0', '2964', '1');
INSERT INTO `npc_vendor` VALUES ('12785', '341', '51356', '0', '0', '2964', '1');
INSERT INTO `npc_vendor` VALUES ('12785', '359', '51357', '0', '0', '2964', '1');
INSERT INTO `npc_vendor` VALUES ('12785', '353', '51358', '0', '0', '2964', '1');
INSERT INTO `npc_vendor` VALUES ('12785', '368', '51359', '0', '0', '2962', '1');
INSERT INTO `npc_vendor` VALUES ('12785', '346', '51360', '0', '0', '2961', '1');
INSERT INTO `npc_vendor` VALUES ('12785', '381', '51361', '0', '0', '2963', '1');
INSERT INTO `npc_vendor` VALUES ('12785', '370', '51362', '0', '0', '2962', '1');
INSERT INTO `npc_vendor` VALUES ('12785', '349', '51363', '0', '0', '2961', '1');
INSERT INTO `npc_vendor` VALUES ('12785', '382', '51364', '0', '0', '2963', '1');
INSERT INTO `npc_vendor` VALUES ('12785', '363', '51377', '0', '0', '2965', '1');
INSERT INTO `npc_vendor` VALUES ('12785', '280', '51396', '0', '0', '2950', '1');
INSERT INTO `npc_vendor` VALUES ('12785', '277', '51407', '0', '0', '2950', '1');
INSERT INTO `npc_vendor` VALUES ('12785', '278', '51408', '0', '0', '2950', '1');
INSERT INTO `npc_vendor` VALUES ('12785', '279', '51409', '0', '0', '2950', '1');
INSERT INTO `npc_vendor` VALUES ('12785', '318', '51452', '0', '0', '2950', '1');
INSERT INTO `npc_vendor` VALUES ('12785', '317', '51455', '0', '0', '2950', '1');
INSERT INTO `npc_vendor` VALUES ('12785', '316', '51533', '0', '0', '2950', '1');
INSERT INTO `npc_vendor` VALUES ('12785', '244', '51541', '0', '0', '2952', '1');
INSERT INTO `npc_vendor` VALUES ('12785', '257', '51542', '0', '0', '2954', '1');
INSERT INTO `npc_vendor` VALUES ('12785', '272', '51543', '0', '0', '2949', '1');
INSERT INTO `npc_vendor` VALUES ('12785', '293', '51544', '0', '0', '2953', '1');
INSERT INTO `npc_vendor` VALUES ('12785', '328', '51545', '0', '0', '2948', '1');
INSERT INTO `npc_vendor` VALUES ('12785', '449', '69861', '0', '0', '821', '1');

-- http://www.wowhead.com/npc=12781
DELETE FROM npc_vendor  WHERE  entry =12781;
INSERT INTO `npc_vendor` VALUES ('12781', '8', '15196', '0', '0', '1007', '1');
INSERT INTO `npc_vendor` VALUES ('12781', '9', '15198', '0', '0', '1006', '1');
INSERT INTO `npc_vendor` VALUES ('12781', '10', '18606', '0', '0', '3327', '1');
INSERT INTO `npc_vendor` VALUES ('12781', '2', '18839', '0', '0', '460', '1');
INSERT INTO `npc_vendor` VALUES ('12781', '3', '18841', '0', '0', '460', '1');
INSERT INTO `npc_vendor` VALUES ('12781', '4', '31853', '0', '0', '1653', '1');
INSERT INTO `npc_vendor` VALUES ('12781', '5', '31855', '0', '0', '1653', '1');
INSERT INTO `npc_vendor` VALUES ('12781', '7', '32453', '0', '0', '1564', '1');
INSERT INTO `npc_vendor` VALUES ('12781', '6', '32455', '0', '0', '460', '1');
INSERT INTO `npc_vendor` VALUES ('12781', '1', '44957', '0', '0', '2588', '1');

-- http://www.wowhead.com/npc=44245
DELETE FROM npc_vendor  WHERE  entry =44245;
INSERT INTO `npc_vendor` VALUES ('44245', '0', '58180', '0', '0', '3034', '1');
INSERT INTO `npc_vendor` VALUES ('44245', '0', '58181', '0', '0', '3034', '1');
INSERT INTO `npc_vendor` VALUES ('44245', '0', '58182', '0', '0', '3034', '1');
INSERT INTO `npc_vendor` VALUES ('44245', '0', '58183', '0', '0', '3034', '1');
INSERT INTO `npc_vendor` VALUES ('44245', '0', '58184', '0', '0', '3034', '1');
INSERT INTO `npc_vendor` VALUES ('44245', '0', '58185', '0', '0', '3035', '1');
INSERT INTO `npc_vendor` VALUES ('44245', '0', '58187', '0', '0', '3035', '1');
INSERT INTO `npc_vendor` VALUES ('44245', '0', '58188', '0', '0', '3035', '1');
INSERT INTO `npc_vendor` VALUES ('44245', '0', '58189', '0', '0', '3035', '1');
INSERT INTO `npc_vendor` VALUES ('44245', '0', '58190', '0', '0', '3035', '1');
INSERT INTO `npc_vendor` VALUES ('44245', '0', '58191', '0', '0', '3035', '1');
INSERT INTO `npc_vendor` VALUES ('44245', '0', '58192', '0', '0', '3035', '1');
INSERT INTO `npc_vendor` VALUES ('44245', '0', '58193', '0', '0', '3035', '1');
INSERT INTO `npc_vendor` VALUES ('44245', '0', '58194', '0', '0', '3035', '1');
INSERT INTO `npc_vendor` VALUES ('44245', '0', '58195', '0', '0', '3034', '1');
INSERT INTO `npc_vendor` VALUES ('44245', '0', '58197', '0', '0', '3034', '1');
INSERT INTO `npc_vendor` VALUES ('44245', '0', '58198', '0', '0', '3034', '1');
INSERT INTO `npc_vendor` VALUES ('44245', '0', '58199', '0', '0', '3034', '1');
INSERT INTO `npc_vendor` VALUES ('44245', '0', '58481', '0', '0', '3034', '1');
INSERT INTO `npc_vendor` VALUES ('44245', '0', '58482', '0', '0', '3034', '1');
INSERT INTO `npc_vendor` VALUES ('44245', '0', '58484', '0', '0', '3034', '1');
INSERT INTO `npc_vendor` VALUES ('44245', '0', '58485', '0', '0', '3034', '1');
INSERT INTO `npc_vendor` VALUES ('44245', '0', '58486', '0', '0', '3034', '1');
INSERT INTO `npc_vendor` VALUES ('44245', '0', '60243', '0', '0', '3049', '1');
INSERT INTO `npc_vendor` VALUES ('44245', '0', '60244', '0', '0', '3033', '1');
INSERT INTO `npc_vendor` VALUES ('44245', '0', '60245', '0', '0', '3033', '1');
INSERT INTO `npc_vendor` VALUES ('44245', '0', '60246', '0', '0', '3043', '1');
INSERT INTO `npc_vendor` VALUES ('44245', '0', '60247', '0', '0', '3034', '1');
INSERT INTO `npc_vendor` VALUES ('44245', '0', '60248', '0', '0', '3034', '1');
INSERT INTO `npc_vendor` VALUES ('44245', '0', '60249', '0', '0', '3050', '1');
INSERT INTO `npc_vendor` VALUES ('44245', '0', '60250', '0', '0', '3033', '1');
INSERT INTO `npc_vendor` VALUES ('44245', '0', '60251', '0', '0', '3033', '1');
INSERT INTO `npc_vendor` VALUES ('44245', '0', '60252', '0', '0', '3044', '1');
INSERT INTO `npc_vendor` VALUES ('44245', '0', '60253', '0', '0', '3044', '1');
INSERT INTO `npc_vendor` VALUES ('44245', '0', '60254', '0', '0', '3033', '1');
INSERT INTO `npc_vendor` VALUES ('44245', '0', '60255', '0', '0', '3033', '1');
INSERT INTO `npc_vendor` VALUES ('44245', '0', '60256', '0', '0', '3050', '1');
INSERT INTO `npc_vendor` VALUES ('44245', '0', '60257', '0', '0', '3034', '1');
INSERT INTO `npc_vendor` VALUES ('44245', '0', '60258', '0', '0', '3050', '1');
INSERT INTO `npc_vendor` VALUES ('44245', '0', '60259', '0', '0', '3033', '1');
INSERT INTO `npc_vendor` VALUES ('44245', '0', '60261', '0', '0', '3033', '1');
INSERT INTO `npc_vendor` VALUES ('44245', '0', '60262', '0', '0', '3044', '1');
INSERT INTO `npc_vendor` VALUES ('44245', '0', '60275', '0', '0', '3034', '1');
INSERT INTO `npc_vendor` VALUES ('44245', '0', '60276', '0', '0', '3033', '1');
INSERT INTO `npc_vendor` VALUES ('44245', '0', '60277', '0', '0', '3049', '1');
INSERT INTO `npc_vendor` VALUES ('44245', '0', '60278', '0', '0', '3033', '1');
INSERT INTO `npc_vendor` VALUES ('44245', '0', '60279', '0', '0', '3043', '1');
INSERT INTO `npc_vendor` VALUES ('44245', '0', '60280', '0', '0', '3034', '1');
INSERT INTO `npc_vendor` VALUES ('44245', '0', '60281', '0', '0', '3033', '1');
INSERT INTO `npc_vendor` VALUES ('44245', '0', '60282', '0', '0', '3049', '1');
INSERT INTO `npc_vendor` VALUES ('44245', '0', '60283', '0', '0', '3033', '1');
INSERT INTO `npc_vendor` VALUES ('44245', '0', '60284', '0', '0', '3043', '1');
INSERT INTO `npc_vendor` VALUES ('44245', '0', '60285', '0', '0', '3034', '1');
INSERT INTO `npc_vendor` VALUES ('44245', '0', '60286', '0', '0', '3049', '1');
INSERT INTO `npc_vendor` VALUES ('44245', '0', '60286', '0', '0', '3051', '1');
INSERT INTO `npc_vendor` VALUES ('44245', '0', '60287', '0', '0', '3033', '1');
INSERT INTO `npc_vendor` VALUES ('44245', '0', '60288', '0', '0', '3033', '1');
INSERT INTO `npc_vendor` VALUES ('44245', '0', '60289', '0', '0', '3043', '1');
INSERT INTO `npc_vendor` VALUES ('44245', '0', '60290', '0', '0', '3034', '1');
INSERT INTO `npc_vendor` VALUES ('44245', '0', '60298', '0', '0', '3034', '1');
INSERT INTO `npc_vendor` VALUES ('44245', '0', '60299', '0', '0', '3049', '1');
INSERT INTO `npc_vendor` VALUES ('44245', '0', '60300', '0', '0', '3033', '1');
INSERT INTO `npc_vendor` VALUES ('44245', '0', '60301', '0', '0', '3033', '1');
INSERT INTO `npc_vendor` VALUES ('44245', '0', '60302', '0', '0', '3043', '1');
INSERT INTO `npc_vendor` VALUES ('44245', '0', '60303', '0', '0', '3051', '1');
INSERT INTO `npc_vendor` VALUES ('44245', '0', '60304', '0', '0', '3033', '1');
INSERT INTO `npc_vendor` VALUES ('44245', '0', '60305', '0', '0', '3033', '1');
INSERT INTO `npc_vendor` VALUES ('44245', '0', '60306', '0', '0', '3045', '1');
INSERT INTO `npc_vendor` VALUES ('44245', '0', '60307', '0', '0', '3034', '1');
INSERT INTO `npc_vendor` VALUES ('44245', '0', '60308', '0', '0', '3051', '1');
INSERT INTO `npc_vendor` VALUES ('44245', '0', '60309', '0', '0', '3033', '1');
INSERT INTO `npc_vendor` VALUES ('44245', '0', '60310', '0', '0', '3033', '1');
INSERT INTO `npc_vendor` VALUES ('44245', '0', '60311', '0', '0', '3045', '1');
INSERT INTO `npc_vendor` VALUES ('44245', '0', '60312', '0', '0', '3034', '1');
INSERT INTO `npc_vendor` VALUES ('44245', '0', '60313', '0', '0', '3033', '1');
INSERT INTO `npc_vendor` VALUES ('44245', '0', '60314', '0', '0', '3034', '1');
INSERT INTO `npc_vendor` VALUES ('44245', '0', '60315', '0', '0', '3051', '1');
INSERT INTO `npc_vendor` VALUES ('44245', '0', '60316', '0', '0', '3033', '1');
INSERT INTO `npc_vendor` VALUES ('44245', '0', '60317', '0', '0', '3045', '1');
INSERT INTO `npc_vendor` VALUES ('44245', '0', '60318', '0', '0', '3033', '1');
INSERT INTO `npc_vendor` VALUES ('44245', '0', '60319', '0', '0', '3034', '1');
INSERT INTO `npc_vendor` VALUES ('44245', '0', '60320', '0', '0', '3051', '1');
INSERT INTO `npc_vendor` VALUES ('44245', '0', '60321', '0', '0', '3033', '1');
INSERT INTO `npc_vendor` VALUES ('44245', '0', '60322', '0', '0', '3045', '1');
INSERT INTO `npc_vendor` VALUES ('44245', '0', '60323', '0', '0', '3033', '1');
INSERT INTO `npc_vendor` VALUES ('44245', '0', '60324', '0', '0', '3033', '1');
INSERT INTO `npc_vendor` VALUES ('44245', '0', '60325', '0', '0', '3051', '1');
INSERT INTO `npc_vendor` VALUES ('44245', '0', '60326', '0', '0', '3034', '1');
INSERT INTO `npc_vendor` VALUES ('44245', '0', '60327', '0', '0', '3045', '1');
INSERT INTO `npc_vendor` VALUES ('44245', '0', '60328', '0', '0', '3051', '1');
INSERT INTO `npc_vendor` VALUES ('44245', '0', '60329', '0', '0', '3033', '1');
INSERT INTO `npc_vendor` VALUES ('44245', '0', '60330', '0', '0', '3033', '1');
INSERT INTO `npc_vendor` VALUES ('44245', '0', '60331', '0', '0', '3045', '1');
INSERT INTO `npc_vendor` VALUES ('44245', '0', '60332', '0', '0', '3034', '1');
INSERT INTO `npc_vendor` VALUES ('44245', '0', '60339', '0', '0', '3033', '1');
INSERT INTO `npc_vendor` VALUES ('44245', '0', '60340', '0', '0', '3034', '1');
INSERT INTO `npc_vendor` VALUES ('44245', '0', '60341', '0', '0', '3049', '1');
INSERT INTO `npc_vendor` VALUES ('44245', '0', '60342', '0', '0', '3033', '1');
INSERT INTO `npc_vendor` VALUES ('44245', '0', '60343', '0', '0', '3043', '1');
INSERT INTO `npc_vendor` VALUES ('44245', '0', '60344', '0', '0', '3033', '1');
INSERT INTO `npc_vendor` VALUES ('44245', '0', '60345', '0', '0', '3034', '1');
INSERT INTO `npc_vendor` VALUES ('44245', '0', '60346', '0', '0', '3050', '1');
INSERT INTO `npc_vendor` VALUES ('44245', '0', '60347', '0', '0', '3033', '1');
INSERT INTO `npc_vendor` VALUES ('44245', '0', '60348', '0', '0', '3044', '1');
INSERT INTO `npc_vendor` VALUES ('44245', '0', '60349', '0', '0', '3033', '1');
INSERT INTO `npc_vendor` VALUES ('44245', '0', '60350', '0', '0', '3034', '1');
INSERT INTO `npc_vendor` VALUES ('44245', '0', '60351', '0', '0', '3049', '1');
INSERT INTO `npc_vendor` VALUES ('44245', '0', '60351', '0', '0', '3051', '1');
INSERT INTO `npc_vendor` VALUES ('44245', '0', '60352', '0', '0', '3033', '1');
INSERT INTO `npc_vendor` VALUES ('44245', '0', '60353', '0', '0', '3043', '1');
INSERT INTO `npc_vendor` VALUES ('44245', '0', '60354', '0', '0', '3033', '1');
INSERT INTO `npc_vendor` VALUES ('44245', '0', '60355', '0', '0', '3034', '1');
INSERT INTO `npc_vendor` VALUES ('44245', '0', '60356', '0', '0', '3050', '1');
INSERT INTO `npc_vendor` VALUES ('44245', '0', '60357', '0', '0', '3033', '1');
INSERT INTO `npc_vendor` VALUES ('44245', '0', '60358', '0', '0', '3044', '1');
INSERT INTO `npc_vendor` VALUES ('44245', '0', '60359', '0', '0', '3050', '1');
INSERT INTO `npc_vendor` VALUES ('44245', '0', '60360', '0', '0', '3033', '1');
INSERT INTO `npc_vendor` VALUES ('44245', '0', '60361', '0', '0', '3033', '1');
INSERT INTO `npc_vendor` VALUES ('44245', '0', '60362', '0', '0', '3044', '1');
INSERT INTO `npc_vendor` VALUES ('44245', '0', '60363', '0', '0', '3034', '1');
INSERT INTO `npc_vendor` VALUES ('44245', '0', '64671', '0', '0', '3037', '1');
INSERT INTO `npc_vendor` VALUES ('44245', '0', '64672', '0', '0', '3037', '1');
INSERT INTO `npc_vendor` VALUES ('44245', '0', '64673', '0', '0', '3037', '1');
INSERT INTO `npc_vendor` VALUES ('44245', '0', '64674', '0', '0', '3037', '1');
INSERT INTO `npc_vendor` VALUES ('44245', '0', '64676', '0', '0', '3037', '1');
INSERT INTO `npc_vendor` VALUES ('44245', '0', '65000', '0', '0', '3329', '1');
INSERT INTO `npc_vendor` VALUES ('44245', '0', '65001', '0', '0', '3329', '1');
INSERT INTO `npc_vendor` VALUES ('44245', '0', '65002', '0', '0', '3329', '1');
INSERT INTO `npc_vendor` VALUES ('44245', '0', '65087', '0', '0', '3329', '1');
INSERT INTO `npc_vendor` VALUES ('44245', '0', '65088', '0', '0', '3329', '1');
INSERT INTO `npc_vendor` VALUES ('44245', '0', '65089', '0', '0', '3329', '1');
INSERT INTO `npc_vendor` VALUES ('44245', '0', '65179', '0', '0', '3085', '1');
INSERT INTO `npc_vendor` VALUES ('44245', '0', '65180', '0', '0', '3145', '1');
INSERT INTO `npc_vendor` VALUES ('44245', '0', '65181', '0', '0', '3054', '1');
INSERT INTO `npc_vendor` VALUES ('44245', '0', '65182', '0', '0', '3113', '1');
INSERT INTO `npc_vendor` VALUES ('44245', '0', '65183', '0', '0', '3046', '1');
INSERT INTO `npc_vendor` VALUES ('44245', '0', '65184', '0', '0', '3084', '1');
INSERT INTO `npc_vendor` VALUES ('44245', '0', '65185', '0', '0', '3146', '1');
INSERT INTO `npc_vendor` VALUES ('44245', '0', '65186', '0', '0', '3054', '1');
INSERT INTO `npc_vendor` VALUES ('44245', '0', '65187', '0', '0', '3112', '1');
INSERT INTO `npc_vendor` VALUES ('44245', '0', '65188', '0', '0', '3046', '1');
INSERT INTO `npc_vendor` VALUES ('44245', '0', '65189', '0', '0', '3147', '1');
INSERT INTO `npc_vendor` VALUES ('44245', '0', '65190', '0', '0', '3054', '1');
INSERT INTO `npc_vendor` VALUES ('44245', '0', '65190', '0', '0', '3067', '1');
INSERT INTO `npc_vendor` VALUES ('44245', '0', '65191', '0', '0', '3111', '1');
INSERT INTO `npc_vendor` VALUES ('44245', '0', '65192', '0', '0', '3093', '1');
INSERT INTO `npc_vendor` VALUES ('44245', '0', '65193', '0', '0', '3088', '1');
INSERT INTO `npc_vendor` VALUES ('44245', '0', '65193', '0', '0', '3134', '1');
INSERT INTO `npc_vendor` VALUES ('44245', '0', '65194', '0', '0', '3148', '1');
INSERT INTO `npc_vendor` VALUES ('44245', '0', '65195', '0', '0', '3054', '1');
INSERT INTO `npc_vendor` VALUES ('44245', '0', '65195', '0', '0', '3066', '1');
INSERT INTO `npc_vendor` VALUES ('44245', '0', '65196', '0', '0', '3110', '1');
INSERT INTO `npc_vendor` VALUES ('44245', '0', '65197', '0', '0', '3092', '1');
INSERT INTO `npc_vendor` VALUES ('44245', '0', '65198', '0', '0', '3046', '1');
INSERT INTO `npc_vendor` VALUES ('44245', '0', '65198', '0', '0', '3133', '1');
INSERT INTO `npc_vendor` VALUES ('44245', '0', '65199', '0', '0', '3149', '1');
INSERT INTO `npc_vendor` VALUES ('44245', '0', '65200', '0', '0', '3054', '1');
INSERT INTO `npc_vendor` VALUES ('44245', '0', '65201', '0', '0', '3109', '1');
INSERT INTO `npc_vendor` VALUES ('44245', '0', '65202', '0', '0', '3091', '1');
INSERT INTO `npc_vendor` VALUES ('44245', '0', '65203', '0', '0', '3046', '1');
INSERT INTO `npc_vendor` VALUES ('44245', '0', '65203', '0', '0', '3132', '1');
INSERT INTO `npc_vendor` VALUES ('44245', '0', '65204', '0', '0', '3083', '1');
INSERT INTO `npc_vendor` VALUES ('44245', '0', '65205', '0', '0', '3150', '1');
INSERT INTO `npc_vendor` VALUES ('44245', '0', '65206', '0', '0', '3056', '1');
INSERT INTO `npc_vendor` VALUES ('44245', '0', '65207', '0', '0', '3108', '1');
INSERT INTO `npc_vendor` VALUES ('44245', '0', '65207', '0', '0', '3150', '1');
INSERT INTO `npc_vendor` VALUES ('44245', '0', '65208', '0', '0', '3048', '1');
INSERT INTO `npc_vendor` VALUES ('44245', '0', '65209', '0', '0', '3151', '1');
INSERT INTO `npc_vendor` VALUES ('44245', '0', '65210', '0', '0', '3054', '1');
INSERT INTO `npc_vendor` VALUES ('44245', '0', '65210', '0', '0', '3063', '1');
INSERT INTO `npc_vendor` VALUES ('44245', '0', '65211', '0', '0', '3107', '1');
INSERT INTO `npc_vendor` VALUES ('44245', '0', '65212', '0', '0', '3090', '1');
INSERT INTO `npc_vendor` VALUES ('44245', '0', '65213', '0', '0', '3046', '1');
INSERT INTO `npc_vendor` VALUES ('44245', '0', '65213', '0', '0', '3130', '1');
INSERT INTO `npc_vendor` VALUES ('44245', '0', '65214', '0', '0', '3082', '1');
INSERT INTO `npc_vendor` VALUES ('44245', '0', '65215', '0', '0', '3152', '1');
INSERT INTO `npc_vendor` VALUES ('44245', '0', '65216', '0', '0', '3055', '1');
INSERT INTO `npc_vendor` VALUES ('44245', '0', '65217', '0', '0', '3106', '1');
INSERT INTO `npc_vendor` VALUES ('44245', '0', '65218', '0', '0', '3047', '1');
INSERT INTO `npc_vendor` VALUES ('44245', '0', '65219', '0', '0', '3081', '1');
INSERT INTO `npc_vendor` VALUES ('44245', '0', '65220', '0', '0', '3153', '1');
INSERT INTO `npc_vendor` VALUES ('44245', '0', '65221', '0', '0', '3055', '1');
INSERT INTO `npc_vendor` VALUES ('44245', '0', '65222', '0', '0', '3105', '1');
INSERT INTO `npc_vendor` VALUES ('44245', '0', '65223', '0', '0', '3047', '1');
INSERT INTO `npc_vendor` VALUES ('44245', '0', '65224', '0', '0', '3080', '1');
INSERT INTO `npc_vendor` VALUES ('44245', '0', '65225', '0', '0', '3154', '1');
INSERT INTO `npc_vendor` VALUES ('44245', '0', '65226', '0', '0', '3055', '1');
INSERT INTO `npc_vendor` VALUES ('44245', '0', '65227', '0', '0', '3104', '1');
INSERT INTO `npc_vendor` VALUES ('44245', '0', '65228', '0', '0', '3047', '1');
INSERT INTO `npc_vendor` VALUES ('44245', '0', '65229', '0', '0', '3155', '1');
INSERT INTO `npc_vendor` VALUES ('44245', '0', '65230', '0', '0', '3055', '1');
INSERT INTO `npc_vendor` VALUES ('44245', '0', '65231', '0', '0', '3103', '1');
INSERT INTO `npc_vendor` VALUES ('44245', '0', '65232', '0', '0', '3089', '1');
INSERT INTO `npc_vendor` VALUES ('44245', '0', '65233', '0', '0', '3047', '1');
INSERT INTO `npc_vendor` VALUES ('44245', '0', '65233', '0', '0', '3048', '1');
INSERT INTO `npc_vendor` VALUES ('44245', '0', '65234', '0', '0', '3156', '1');
INSERT INTO `npc_vendor` VALUES ('44245', '0', '65235', '0', '0', '3055', '1');
INSERT INTO `npc_vendor` VALUES ('44245', '0', '65236', '0', '0', '3102', '1');
INSERT INTO `npc_vendor` VALUES ('44245', '0', '65237', '0', '0', '3088', '1');
INSERT INTO `npc_vendor` VALUES ('44245', '0', '65238', '0', '0', '3047', '1');
INSERT INTO `npc_vendor` VALUES ('44245', '0', '65238', '0', '0', '3048', '1');
INSERT INTO `npc_vendor` VALUES ('44245', '0', '65239', '0', '0', '3079', '1');
INSERT INTO `npc_vendor` VALUES ('44245', '0', '65240', '0', '0', '3157', '1');
INSERT INTO `npc_vendor` VALUES ('44245', '0', '65241', '0', '0', '3054', '1');
INSERT INTO `npc_vendor` VALUES ('44245', '0', '65241', '0', '0', '3058', '1');
INSERT INTO `npc_vendor` VALUES ('44245', '0', '65242', '0', '0', '3101', '1');
INSERT INTO `npc_vendor` VALUES ('44245', '0', '65243', '0', '0', '3046', '1');
INSERT INTO `npc_vendor` VALUES ('44245', '0', '65243', '0', '0', '3124', '1');
INSERT INTO `npc_vendor` VALUES ('44245', '0', '65244', '0', '0', '3078', '1');
INSERT INTO `npc_vendor` VALUES ('44245', '0', '65245', '0', '0', '3158', '1');
INSERT INTO `npc_vendor` VALUES ('44245', '0', '65246', '0', '0', '3056', '1');
INSERT INTO `npc_vendor` VALUES ('44245', '0', '65247', '0', '0', '3100', '1');
INSERT INTO `npc_vendor` VALUES ('44245', '0', '65248', '0', '0', '3048', '1');
INSERT INTO `npc_vendor` VALUES ('44245', '0', '65249', '0', '0', '3077', '1');
INSERT INTO `npc_vendor` VALUES ('44245', '0', '65250', '0', '0', '3159', '1');
INSERT INTO `npc_vendor` VALUES ('44245', '0', '65251', '0', '0', '3056', '1');
INSERT INTO `npc_vendor` VALUES ('44245', '0', '65252', '0', '0', '3099', '1');
INSERT INTO `npc_vendor` VALUES ('44245', '0', '65253', '0', '0', '3048', '1');
INSERT INTO `npc_vendor` VALUES ('44245', '0', '65253', '0', '0', '3120', '1');
INSERT INTO `npc_vendor` VALUES ('44245', '0', '65254', '0', '0', '3076', '1');
INSERT INTO `npc_vendor` VALUES ('44245', '0', '65255', '0', '0', '3144', '1');
INSERT INTO `npc_vendor` VALUES ('44245', '0', '65256', '0', '0', '3056', '1');
INSERT INTO `npc_vendor` VALUES ('44245', '0', '65257', '0', '0', '3098', '1');
INSERT INTO `npc_vendor` VALUES ('44245', '0', '65258', '0', '0', '3048', '1');
INSERT INTO `npc_vendor` VALUES ('44245', '0', '65258', '0', '0', '3120', '1');
INSERT INTO `npc_vendor` VALUES ('44245', '0', '65259', '0', '0', '3143', '1');
INSERT INTO `npc_vendor` VALUES ('44245', '0', '65260', '0', '0', '3055', '1');
INSERT INTO `npc_vendor` VALUES ('44245', '0', '65260', '0', '0', '3072', '1');
INSERT INTO `npc_vendor` VALUES ('44245', '0', '65261', '0', '0', '3116', '1');
INSERT INTO `npc_vendor` VALUES ('44245', '0', '65262', '0', '0', '3094', '1');
INSERT INTO `npc_vendor` VALUES ('44245', '0', '65263', '0', '0', '3047', '1');
INSERT INTO `npc_vendor` VALUES ('44245', '0', '65263', '0', '0', '3139', '1');
INSERT INTO `npc_vendor` VALUES ('44245', '0', '65264', '0', '0', '3087', '1');
INSERT INTO `npc_vendor` VALUES ('44245', '0', '65265', '0', '0', '3160', '1');
INSERT INTO `npc_vendor` VALUES ('44245', '0', '65266', '0', '0', '3056', '1');
INSERT INTO `npc_vendor` VALUES ('44245', '0', '65266', '0', '0', '3071', '1');
INSERT INTO `npc_vendor` VALUES ('44245', '0', '65267', '0', '0', '3115', '1');
INSERT INTO `npc_vendor` VALUES ('44245', '0', '65268', '0', '0', '3048', '1');
INSERT INTO `npc_vendor` VALUES ('44245', '0', '65268', '0', '0', '3138', '1');
INSERT INTO `npc_vendor` VALUES ('44245', '0', '65269', '0', '0', '3086', '1');
INSERT INTO `npc_vendor` VALUES ('44245', '0', '65270', '0', '0', '3161', '1');
INSERT INTO `npc_vendor` VALUES ('44245', '0', '65271', '0', '0', '3056', '1');
INSERT INTO `npc_vendor` VALUES ('44245', '0', '65271', '0', '0', '3070', '1');
INSERT INTO `npc_vendor` VALUES ('44245', '0', '65272', '0', '0', '3114', '1');
INSERT INTO `npc_vendor` VALUES ('44245', '0', '65273', '0', '0', '3048', '1');
INSERT INTO `npc_vendor` VALUES ('44245', '0', '65273', '0', '0', '3137', '1');
INSERT INTO `npc_vendor` VALUES ('44245', '0', '67423', '0', '0', '3329', '1');
INSERT INTO `npc_vendor` VALUES ('44245', '0', '67424', '0', '0', '3329', '1');
INSERT INTO `npc_vendor` VALUES ('44245', '0', '67425', '0', '0', '3329', '1');
INSERT INTO `npc_vendor` VALUES ('44245', '0', '67426', '0', '0', '3329', '1');
INSERT INTO `npc_vendor` VALUES ('44245', '0', '67427', '0', '0', '3329', '1');
INSERT INTO `npc_vendor` VALUES ('44245', '0', '67428', '0', '0', '3329', '1');
INSERT INTO `npc_vendor` VALUES ('44245', '0', '67429', '0', '0', '3329', '1');
INSERT INTO `npc_vendor` VALUES ('44245', '0', '67430', '0', '0', '3329', '1');
INSERT INTO `npc_vendor` VALUES ('44245', '0', '67431', '0', '0', '3329', '1');
INSERT INTO `npc_vendor` VALUES ('44245', '0', '68812', '0', '0', '3035', '1');

-- http://www.wowhead.com/npc=58154
DELETE FROM npc_vendor  WHERE  entry =58154;
INSERT INTO `npc_vendor` VALUES ('58154', '62', '57913', '0', '0', '3039', '1');
INSERT INTO `npc_vendor` VALUES ('58154', '61', '57914', '0', '0', '3039', '1');
INSERT INTO `npc_vendor` VALUES ('58154', '63', '57915', '0', '0', '3039', '1');
INSERT INTO `npc_vendor` VALUES ('58154', '64', '57916', '0', '0', '3039', '1');
INSERT INTO `npc_vendor` VALUES ('58154', '58', '57917', '0', '0', '3039', '1');
INSERT INTO `npc_vendor` VALUES ('58154', '59', '57918', '0', '0', '3039', '1');
INSERT INTO `npc_vendor` VALUES ('58154', '66', '57919', '0', '0', '3039', '1');
INSERT INTO `npc_vendor` VALUES ('58154', '65', '57921', '0', '0', '3039', '1');
INSERT INTO `npc_vendor` VALUES ('58154', '60', '57922', '0', '0', '3039', '1');
INSERT INTO `npc_vendor` VALUES ('58154', '26', '57923', '0', '0', '3041', '1');
INSERT INTO `npc_vendor` VALUES ('58154', '25', '57924', '0', '0', '3041', '1');
INSERT INTO `npc_vendor` VALUES ('58154', '48', '57925', '0', '0', '3041', '1');
INSERT INTO `npc_vendor` VALUES ('58154', '47', '57926', '0', '0', '3041', '1');
INSERT INTO `npc_vendor` VALUES ('58154', '43', '57927', '0', '0', '3041', '1');
INSERT INTO `npc_vendor` VALUES ('58154', '42', '57928', '0', '0', '3041', '1');
INSERT INTO `npc_vendor` VALUES ('58154', '41', '57929', '0', '0', '3041', '1');
INSERT INTO `npc_vendor` VALUES ('58154', '37', '57930', '0', '0', '3040', '1');
INSERT INTO `npc_vendor` VALUES ('58154', '40', '57931', '0', '0', '3040', '1');
INSERT INTO `npc_vendor` VALUES ('58154', '36', '57932', '0', '0', '3040', '1');
INSERT INTO `npc_vendor` VALUES ('58154', '39', '57933', '0', '0', '3040', '1');
INSERT INTO `npc_vendor` VALUES ('58154', '38', '57934', '0', '0', '3040', '1');
INSERT INTO `npc_vendor` VALUES ('58154', '4', '58096', '0', '0', '3038', '1');
INSERT INTO `npc_vendor` VALUES ('58154', '31', '58097', '0', '0', '3038', '1');
INSERT INTO `npc_vendor` VALUES ('58154', '20', '58098', '0', '0', '3038', '1');
INSERT INTO `npc_vendor` VALUES ('58154', '11', '58099', '0', '0', '3039', '1');
INSERT INTO `npc_vendor` VALUES ('58154', '53', '58100', '0', '0', '3039', '1');
INSERT INTO `npc_vendor` VALUES ('58154', '3', '58101', '0', '0', '3038', '1');
INSERT INTO `npc_vendor` VALUES ('58154', '30', '58102', '0', '0', '3038', '1');
INSERT INTO `npc_vendor` VALUES ('58154', '19', '58103', '0', '0', '3038', '1');
INSERT INTO `npc_vendor` VALUES ('58154', '52', '58104', '0', '0', '3039', '1');
INSERT INTO `npc_vendor` VALUES ('58154', '10', '58105', '0', '0', '3039', '1');
INSERT INTO `npc_vendor` VALUES ('58154', '5', '58106', '0', '0', '3038', '1');
INSERT INTO `npc_vendor` VALUES ('58154', '32', '58107', '0', '0', '3038', '1');
INSERT INTO `npc_vendor` VALUES ('58154', '21', '58108', '0', '0', '3038', '1');
INSERT INTO `npc_vendor` VALUES ('58154', '54', '58109', '0', '0', '3039', '1');
INSERT INTO `npc_vendor` VALUES ('58154', '12', '58110', '0', '0', '3039', '1');
INSERT INTO `npc_vendor` VALUES ('58154', '6', '58121', '0', '0', '3038', '1');
INSERT INTO `npc_vendor` VALUES ('58154', '33', '58122', '0', '0', '3038', '1');
INSERT INTO `npc_vendor` VALUES ('58154', '22', '58123', '0', '0', '3038', '1');
INSERT INTO `npc_vendor` VALUES ('58154', '55', '58124', '0', '0', '3039', '1');
INSERT INTO `npc_vendor` VALUES ('58154', '13', '58125', '0', '0', '3039', '1');
INSERT INTO `npc_vendor` VALUES ('58154', '1', '58126', '0', '0', '3038', '1');
INSERT INTO `npc_vendor` VALUES ('58154', '27', '58127', '0', '0', '3038', '1');
INSERT INTO `npc_vendor` VALUES ('58154', '16', '58128', '0', '0', '3038', '1');
INSERT INTO `npc_vendor` VALUES ('58154', '49', '58129', '0', '0', '3039', '1');
INSERT INTO `npc_vendor` VALUES ('58154', '7', '58130', '0', '0', '3039', '1');
INSERT INTO `npc_vendor` VALUES ('58154', '2', '58131', '0', '0', '3038', '1');
INSERT INTO `npc_vendor` VALUES ('58154', '28', '58132', '0', '0', '3038', '1');
INSERT INTO `npc_vendor` VALUES ('58154', '17', '58133', '0', '0', '3038', '1');
INSERT INTO `npc_vendor` VALUES ('58154', '50', '58134', '0', '0', '3039', '1');
INSERT INTO `npc_vendor` VALUES ('58154', '8', '58138', '0', '0', '3039', '1');
INSERT INTO `npc_vendor` VALUES ('58154', '45', '58139', '0', '0', '3038', '1');
INSERT INTO `npc_vendor` VALUES ('58154', '34', '58140', '0', '0', '3038', '1');
INSERT INTO `npc_vendor` VALUES ('58154', '23', '58150', '0', '0', '3038', '1');
INSERT INTO `npc_vendor` VALUES ('58154', '56', '58151', '0', '0', '3039', '1');
INSERT INTO `npc_vendor` VALUES ('58154', '14', '58152', '0', '0', '3039', '1');
INSERT INTO `npc_vendor` VALUES ('58154', '46', '58153', '0', '0', '3038', '1');
INSERT INTO `npc_vendor` VALUES ('58154', '35', '58154', '0', '0', '3038', '1');
INSERT INTO `npc_vendor` VALUES ('58154', '24', '58155', '0', '0', '3038', '1');
INSERT INTO `npc_vendor` VALUES ('58154', '57', '58157', '0', '0', '3039', '1');
INSERT INTO `npc_vendor` VALUES ('58154', '15', '58158', '0', '0', '3039', '1');
INSERT INTO `npc_vendor` VALUES ('58154', '44', '58159', '0', '0', '3038', '1');
INSERT INTO `npc_vendor` VALUES ('58154', '29', '58160', '0', '0', '3038', '1');
INSERT INTO `npc_vendor` VALUES ('58154', '18', '58161', '0', '0', '3038', '1');
INSERT INTO `npc_vendor` VALUES ('58154', '51', '58162', '0', '0', '3039', '1');
INSERT INTO `npc_vendor` VALUES ('58154', '9', '58163', '0', '0', '3039', '1');
INSERT INTO `npc_vendor` VALUES ('58154', '95', '58180', '0', '0', '3034', '1');
INSERT INTO `npc_vendor` VALUES ('58154', '94', '58181', '0', '0', '3034', '1');
INSERT INTO `npc_vendor` VALUES ('58154', '93', '58182', '0', '0', '3034', '1');
INSERT INTO `npc_vendor` VALUES ('58154', '92', '58183', '0', '0', '3034', '1');
INSERT INTO `npc_vendor` VALUES ('58154', '91', '58184', '0', '0', '3034', '1');
INSERT INTO `npc_vendor` VALUES ('58154', '84', '58185', '0', '0', '3035', '1');
INSERT INTO `npc_vendor` VALUES ('58154', '83', '58187', '0', '0', '3035', '1');
INSERT INTO `npc_vendor` VALUES ('58154', '82', '58188', '0', '0', '3035', '1');
INSERT INTO `npc_vendor` VALUES ('58154', '81', '58189', '0', '0', '3035', '1');
INSERT INTO `npc_vendor` VALUES ('58154', '68', '58190', '0', '0', '3035', '1');
INSERT INTO `npc_vendor` VALUES ('58154', '71', '58191', '0', '0', '3035', '1');
INSERT INTO `npc_vendor` VALUES ('58154', '70', '58192', '0', '0', '3035', '1');
INSERT INTO `npc_vendor` VALUES ('58154', '69', '58193', '0', '0', '3035', '1');
INSERT INTO `npc_vendor` VALUES ('58154', '67', '58194', '0', '0', '3035', '1');
INSERT INTO `npc_vendor` VALUES ('58154', '80', '58195', '0', '0', '3034', '1');
INSERT INTO `npc_vendor` VALUES ('58154', '79', '58197', '0', '0', '3034', '1');
INSERT INTO `npc_vendor` VALUES ('58154', '78', '58198', '0', '0', '3034', '1');
INSERT INTO `npc_vendor` VALUES ('58154', '77', '58199', '0', '0', '3034', '1');
INSERT INTO `npc_vendor` VALUES ('58154', '76', '58481', '0', '0', '3034', '1');
INSERT INTO `npc_vendor` VALUES ('58154', '75', '58482', '0', '0', '3034', '1');
INSERT INTO `npc_vendor` VALUES ('58154', '74', '58484', '0', '0', '3034', '1');
INSERT INTO `npc_vendor` VALUES ('58154', '73', '58485', '0', '0', '3034', '1');
INSERT INTO `npc_vendor` VALUES ('58154', '72', '58486', '0', '0', '3034', '1');
INSERT INTO `npc_vendor` VALUES ('58154', '102', '60323', '0', '0', '3033', '1');
INSERT INTO `npc_vendor` VALUES ('58154', '159', '60324', '0', '0', '3033', '1');
INSERT INTO `npc_vendor` VALUES ('58154', '141', '60325', '0', '0', '3051', '1');
INSERT INTO `npc_vendor` VALUES ('58154', '121', '60326', '0', '0', '3034', '1');
INSERT INTO `npc_vendor` VALUES ('58154', '185', '60327', '0', '0', '3045', '1');
INSERT INTO `npc_vendor` VALUES ('58154', '139', '60328', '0', '0', '3051', '1');
INSERT INTO `npc_vendor` VALUES ('58154', '100', '60329', '0', '0', '3033', '1');
INSERT INTO `npc_vendor` VALUES ('58154', '158', '60330', '0', '0', '3033', '1');
INSERT INTO `npc_vendor` VALUES ('58154', '184', '60331', '0', '0', '3045', '1');
INSERT INTO `npc_vendor` VALUES ('58154', '119', '60332', '0', '0', '3034', '1');
INSERT INTO `npc_vendor` VALUES ('58154', '90', '64671', '0', '0', '3037', '1');
INSERT INTO `npc_vendor` VALUES ('58154', '89', '64672', '0', '0', '3037', '1');
INSERT INTO `npc_vendor` VALUES ('58154', '88', '64673', '0', '0', '3037', '1');
INSERT INTO `npc_vendor` VALUES ('58154', '87', '64674', '0', '0', '3037', '1');
INSERT INTO `npc_vendor` VALUES ('58154', '86', '64676', '0', '0', '3037', '1');
INSERT INTO `npc_vendor` VALUES ('58154', '202', '65000', '0', '0', '3329', '1');
INSERT INTO `npc_vendor` VALUES ('58154', '196', '65087', '0', '0', '3329', '1');
INSERT INTO `npc_vendor` VALUES ('58154', '291', '65264', '0', '0', '3087', '1');
INSERT INTO `npc_vendor` VALUES ('58154', '292', '65265', '0', '0', '3160', '1');
INSERT INTO `npc_vendor` VALUES ('58154', '293', '65266', '0', '0', '3056', '1');
INSERT INTO `npc_vendor` VALUES ('58154', '294', '65267', '0', '0', '3115', '1');
INSERT INTO `npc_vendor` VALUES ('58154', '295', '65268', '0', '0', '3048', '1');
INSERT INTO `npc_vendor` VALUES ('58154', '296', '65269', '0', '0', '3086', '1');
INSERT INTO `npc_vendor` VALUES ('58154', '297', '65270', '0', '0', '3161', '1');
INSERT INTO `npc_vendor` VALUES ('58154', '298', '65271', '0', '0', '3056', '1');
INSERT INTO `npc_vendor` VALUES ('58154', '299', '65272', '0', '0', '3097', '1');
INSERT INTO `npc_vendor` VALUES ('58154', '300', '65273', '0', '0', '3120', '1');
INSERT INTO `npc_vendor` VALUES ('58154', '193', '67424', '0', '0', '3329', '1');
INSERT INTO `npc_vendor` VALUES ('58154', '205', '67427', '0', '0', '3329', '1');
INSERT INTO `npc_vendor` VALUES ('58154', '199', '67430', '0', '0', '3329', '1');
INSERT INTO `npc_vendor` VALUES ('58154', '85', '68812', '0', '0', '3035', '1');

-- http://www.wowhead.com/npc=52028
DELETE FROM npc_vendor  WHERE  entry =52028;
INSERT INTO `npc_vendor` VALUES ('52028', '9', '392', '1', '0', '3408', '2');
INSERT INTO `npc_vendor` VALUES ('52028', '7', '52185', '0', '0', '3349', '1');
INSERT INTO `npc_vendor` VALUES ('52028', '2', '52555', '0', '0', '3345', '1');
INSERT INTO `npc_vendor` VALUES ('52028', '3', '52719', '0', '0', '3346', '1');
INSERT INTO `npc_vendor` VALUES ('52028', '4', '52721', '0', '0', '3347', '1');
INSERT INTO `npc_vendor` VALUES ('52028', '1', '52722', '0', '0', '3406', '1');
INSERT INTO `npc_vendor` VALUES ('52028', '5', '52976', '0', '0', '3348', '1');
INSERT INTO `npc_vendor` VALUES ('52028', '6', '53010', '0', '0', '3351', '1');
INSERT INTO `npc_vendor` VALUES ('52028', '8', '68813', '0', '0', '3350', '1');

DELETE FROM creature WHERE guid=321301;
INSERT INTO `creature` VALUES ('321301', '52766', '1', '616', '4861', '1', '1', '0', '0', '4606.14', '-2713.57', '1146.73', '2.0672', '300', '0', '0', '234724', '44540', '0', '0', '0', '0');

DELETE FROM creature_template WHERE entry=52766;
INSERT INTO `creature_template` ( `entry`, `difficulty_entry_1`, `difficulty_entry_2`, `difficulty_entry_3`, `KillCredit1`, `KillCredit2`, `modelid1`, `modelid2`, `modelid3`, `modelid4`, `name`, `subname`, `IconName`, `gossip_menu_id`, `minlevel`, `maxlevel`, `exp`, `faction_A`, `faction_H`, `npcflag`, `speed_walk`, `speed_run`, `scale`, `rank`, `mindmg`, `maxdmg`, `dmgschool`, `attackpower`, `dmg_multiplier`, `baseattacktime`, `rangeattacktime`, `unit_class`, `unit_flags`, `dynamicflags`, `family`, `trainer_type`, `trainer_spell`, `trainer_class`, `trainer_race`, `minrangedmg`, `maxrangedmg`, `rangedattackpower`, `type`, `type_flags`, `lootid`, `pickpocketloot`, `skinloot`, `resistance1`, `resistance2`, `resistance3`, `resistance4`, `resistance5`, `resistance6`, `spell1`, `spell2`, `spell3`, `spell4`, `spell5`, `spell6`, `spell7`, `spell8`, `PetSpellDataId`, `VehicleId`, `mingold`, `maxgold`, `AIName`, `MovementType`, `InhabitType`, `Health_mod`, `Mana_mod`, `Armor_mod`, `RacialLeader`, `questItem1`, `questItem2`, `questItem3`, `questItem4`, `questItem5`, `questItem6`, `movementId`, `RegenHealth`, `equipment_id`, `mechanic_immune_mask`, `flags_extra`, `ScriptName`, `WDBVerified`) VALUES ( 52766, 0, 0, 0, 52816, 0, 11997, 0, 0, 0, "Lylagar", "", "", 0, 85, 85, 3, 91, 91, 2, 1.0, 1.14286, 1.0, 1, 412, 604, 0, 0, 3.1, 2000, 2000, 2, 32768, 0, 0, 0, 0, 0, 0, 412, 604, 0, 1, 72, 0, 0, 0, 0, 0, 0, 0, 0, 0, 98110, 98106, 84867, 0, 0, 0, 0, 0, 0, 0, 0, 0, "", 0, 3, 5.153, 20.0, 1.0, 0, 0, 0, 0, 0, 0, 0, 0, 1, 0, 0, 0, "", "15595");

DELETE FROM `creature_template` WHERE `entry`=52399 LIMIT 1;
INSERT INTO `creature_template` ( `entry`, `difficulty_entry_1`, `difficulty_entry_2`, `difficulty_entry_3`, `KillCredit1`, `KillCredit2`, `modelid1`, `modelid2`, `modelid3`, `modelid4`, `name`, `subname`, `IconName`, `gossip_menu_id`, `minlevel`, `maxlevel`, `exp`, `faction_A`, `faction_H`, `npcflag`, `speed_walk`, `speed_run`, `scale`, `rank`, `mindmg`, `maxdmg`, `dmgschool`, `attackpower`, `dmg_multiplier`, `baseattacktime`, `rangeattacktime`, `unit_class`, `unit_flags`, `dynamicflags`, `family`, `trainer_type`, `trainer_spell`, `trainer_class`, `trainer_race`, `minrangedmg`, `maxrangedmg`, `rangedattackpower`, `type`, `type_flags`, `lootid`, `pickpocketloot`, `skinloot`, `resistance1`, `resistance2`, `resistance3`, `resistance4`, `resistance5`, `resistance6`, `spell1`, `spell2`, `spell3`, `spell4`, `spell5`, `spell6`, `spell7`, `spell8`, `PetSpellDataId`, `VehicleId`, `mingold`, `maxgold`, `AIName`, `MovementType`, `InhabitType`, `Health_mod`, `Mana_mod`, `Armor_mod`, `RacialLeader`, `questItem1`, `questItem2`, `questItem3`, `questItem4`, `questItem5`, `questItem6`, `movementId`, `RegenHealth`, `equipment_id`, `mechanic_immune_mask`, `flags_extra`, `ScriptName`, `WDBVerified`) VALUES ( 52399, 0, 0, 0, 52816, 0, 13031, 0, 0, 0, "Galenges", "The Unbreakable", "", 0, 85, 85, 3, 91, 91, 51, 2.4, 1.42857, 1.0, 1, 524, 633, 0, 0, 2.9, 2000, 2000, 1, 0, 0, 0, 0, 0, 0, 0, 524, 633, 0, 7, 72, 0, 0, 0, 0, 0, 0, 0, 0, 0, 82615, 82616, 0, 0, 0, 0, 0, 0, 0, 0, 0, 0, "", 0, 3, 22.1, 1.0, 1.0, 0, 0, 0, 0, 0, 0, 0, 152, 1, 0, 0, 0, "", "15595");

DELETE FROM creature WHERE guid=321302;
INSERT INTO `creature` VALUES ('321302', '52399', '1', '616', '4861', '1', '1', '0', '0', '4586.04', '-2664.44', '1132.69', '1.8892', '300', '0', '0', '997577', '0', '0', '0', '0', '0');

DELETE FROM `creature_template` WHERE `entry`=53267 LIMIT 1;
INSERT INTO `creature_template` ( `entry`, `difficulty_entry_1`, `difficulty_entry_2`, `difficulty_entry_3`, `KillCredit1`, `KillCredit2`, `modelid1`, `modelid2`, `modelid3`, `modelid4`, `name`, `subname`, `IconName`, `gossip_menu_id`, `minlevel`, `maxlevel`, `exp`, `faction_A`, `faction_H`, `npcflag`, `speed_walk`, `speed_run`, `scale`, `rank`, `mindmg`, `maxdmg`, `dmgschool`, `attackpower`, `dmg_multiplier`, `baseattacktime`, `rangeattacktime`, `unit_class`, `unit_flags`, `dynamicflags`, `family`, `trainer_type`, `trainer_spell`, `trainer_class`, `trainer_race`, `minrangedmg`, `maxrangedmg`, `rangedattackpower`, `type`, `type_flags`, `lootid`, `pickpocketloot`, `skinloot`, `resistance1`, `resistance2`, `resistance3`, `resistance4`, `resistance5`, `resistance6`, `spell1`, `spell2`, `spell3`, `spell4`, `spell5`, `spell6`, `spell7`, `spell8`, `PetSpellDataId`, `VehicleId`, `mingold`, `maxgold`, `AIName`, `MovementType`, `InhabitType`, `Health_mod`, `Mana_mod`, `Armor_mod`, `RacialLeader`, `questItem1`, `questItem2`, `questItem3`, `questItem4`, `questItem5`, `questItem6`, `movementId`, `RegenHealth`, `equipment_id`, `mechanic_immune_mask`, `flags_extra`, `ScriptName`, `WDBVerified`) VALUES ( 53267, 0, 0, 0, 52816, 52300, 38012, 0, 0, 0, "Andrazor", "Lord of Cinders", "", 0, 86, 86, 3, 7, 7, 0, 1.44444, 1.5873, 1.0, 1, 489, 511, 0, 0, 2.8, 2000, 2000, 4, 32768, 0, 0, 0, 0, 0, 0, 489, 511, 0, 4, 72, 53267, 0, 0, 0, 0, 0, 0, 0, 0, 98711, 100976, 98036, 0, 0, 0, 0, 0, 0, 0, 0, 0, "", 0, 4, 30.6345, 27282.0, 1.0, 0, 0, 0, 0, 0, 0, 0, 0, 1, 0, 0, 0, "", "15595");

DELETE FROM `creature_loot_template` WHERE entry='53267';
INSERT INTO `creature_loot_template` VALUES ('53267', '71376', '97.2', '1', '0', '1', '2');
INSERT INTO `creature_loot_template` VALUES ('53267', '71375', '93.3', '1', '0', '1', '1');
INSERT INTO `creature_loot_template` VALUES ('53267', '55440', '0.21', '1', '0', '1', '1');
INSERT INTO `creature_loot_template` VALUES ('53267', '62063', '0.21', '1', '0', '1', '1');
INSERT INTO `creature_loot_template` VALUES ('53267', '62064', '0.21', '1', '0', '1', '1');
INSERT INTO `creature_loot_template` VALUES ('53267', '55611', '0.18', '1', '0', '1', '1');
INSERT INTO `creature_loot_template` VALUES ('53267', '68729', '0.15', '1', '0', '1', '1');
INSERT INTO `creature_loot_template` VALUES ('53267', '62070', '0.12', '1', '0', '1', '1');
INSERT INTO `creature_loot_template` VALUES ('53267', '62065', '0.11', '1', '0', '1', '1');
INSERT INTO `creature_loot_template` VALUES ('53267', '55422', '0.1', '1', '0', '1', '1');
INSERT INTO `creature_loot_template` VALUES ('53267', '62066', '0.1', '1', '0', '1', '1');
INSERT INTO `creature_loot_template` VALUES ('53267', '55774', '0.08', '1', '0', '1', '1');
INSERT INTO `creature_loot_template` VALUES ('53267', '62067', '0.08', '1', '0', '1', '1');
INSERT INTO `creature_loot_template` VALUES ('53267', '62109', '0.08', '1', '0', '1', '1');
INSERT INTO `creature_loot_template` VALUES ('53267', '62115', '0.08', '1', '0', '1', '1');
INSERT INTO `creature_loot_template` VALUES ('53267', '55675', '0.07', '1', '0', '1', '1');
INSERT INTO `creature_loot_template` VALUES ('53267', '62068', '0.07', '1', '0', '1', '1');
INSERT INTO `creature_loot_template` VALUES ('53267', '62069', '0.07', '1', '0', '1', '1');
INSERT INTO `creature_loot_template` VALUES ('53267', '62113', '0.07', '1', '0', '1', '1');
INSERT INTO `creature_loot_template` VALUES ('53267', '62123', '0.07', '1', '0', '1', '1');
INSERT INTO `creature_loot_template` VALUES ('53267', '62129', '0.07', '1', '0', '1', '1');
INSERT INTO `creature_loot_template` VALUES ('53267', '62136', '0.07', '1', '0', '1', '1');
INSERT INTO `creature_loot_template` VALUES ('53267', '62072', '0.05', '1', '0', '1', '1');
INSERT INTO `creature_loot_template` VALUES ('53267', '62120', '0.04', '1', '0', '1', '1');
INSERT INTO `creature_loot_template` VALUES ('53267', '67123', '0.01', '1', '0', '1', '1');
UPDATE `creature_template` SET lootid='53267' WHERE entry='53267';

DELETE FROM creature WHERE id=53267;
INSERT INTO `creature`  VALUES (321303, 53267, 1, 616, 5087, 1, 1, 0, 0, 3630.37, -2304.24, 1110.14, 4.07203, 300, 0, 0, 162610, 12774, 0, 0, 0, 0);
INSERT INTO `creature`  VALUES (321304, 53267, 1, 616, 5087, 1, 1, 0, 0, 3704.96, -2276.97, 1139.73, 0.769426, 300, 0, 0, 162610, 12774, 0, 0, 0, 0);
INSERT INTO `creature`  VALUES (321305, 53267, 1, 616, 5087, 1, 1, 0, 0, 3738.33, -2246.63, 1147.71, 3.93153, 300, 0, 0, 162610, 12774, 0, 0, 0, 0);
INSERT INTO `creature`  VALUES (321306, 53267, 1, 616, 5087, 1, 1, 0, 0, 3648.77, -2267.51, 1106.29, 3.65053, 300, 0, 0, 162610, 12774, 0, 0, 0, 0);
INSERT INTO `creature`  VALUES (321307, 53267, 1, 616, 5087, 1, 1, 0, 0, 3630.29, -2325.21, 1111.77, 4.39511, 300, 0, 0, 162610, 12774, 0, 0, 0, 0);
INSERT INTO `creature`  VALUES (321308, 53267, 1, 616, 5087, 1, 1, 0, 0, 3610.01, -2364.37, 1113.83, 1.07244, 300, 0, 0, 162610, 12774, 0, 0, 0, 0);
INSERT INTO `creature`  VALUES (321309, 53267, 1, 616, 5087, 1, 1, 0, 0, 3706.71, -2249.17, 1140.9, 5.56425, 300, 0, 0, 162610, 12774, 0, 0, 0, 0);
INSERT INTO `creature`  VALUES (321310, 53267, 1, 616, 616, 1, 1, 0, 0, 3787.68, -2427.26, 1100.95, 0.425134, 300, 0, 0, 162610, 12774, 0, 0, 0, 0);
INSERT INTO `creature`  VALUES (321311, 53267, 1, 616, 616, 1, 1, 0, 0, 3810.94, -2414.07, 1096.21, 0.129083, 300, 0, 0, 162610, 12774, 0, 0, 0, 0);
INSERT INTO `creature`  VALUES (321312, 53267, 1, 616, 616, 1, 1, 0, 0, 3818.33, -2454.98, 1079.67, 4.54564, 300, 0, 0, 162610, 12774, 0, 0, 0, 0);
INSERT INTO `creature`  VALUES (321313, 53267, 1, 616, 616, 1, 1, 0, 0, 3799.86, -2470.7, 1084.74, 3.88329, 300, 0, 0, 162610, 12774, 0, 0, 0, 0);
INSERT INTO `creature`  VALUES (321314, 53267, 1, 616, 616, 1, 1, 0, 0, 3775.37, -2497.55, 1085.23, 3.96357, 300, 0, 0, 162610, 12774, 0, 0, 0, 0);
INSERT INTO `creature`  VALUES (321315, 53267, 1, 616, 616, 1, 1, 0, 0, 3750.51, -2522.52, 1086.7, 3.30122, 300, 0, 0, 162610, 12774, 0, 0, 0, 0);
INSERT INTO `creature`  VALUES (321316, 53267, 1, 616, 616, 1, 1, 0, 0, 3735.01, -2502.5, 1100.78, 2.31773, 300, 0, 0, 162610, 12774, 0, 0, 0, 0);
INSERT INTO `creature`  VALUES (321317, 53267, 1, 616, 616, 1, 1, 0, 0, 3737.46, -2478.1, 1102.5, 1.76075, 300, 0, 0, 162610, 12774, 0, 0, 0, 0);
INSERT INTO `creature`  VALUES (321318, 53267, 1, 616, 616, 1, 1, 0, 0, 3727.01, -2468.26, 1130.59, 2.38296, 300, 0, 0, 162610, 12774, 0, 0, 0, 0);
INSERT INTO `creature`  VALUES (321319, 53267, 1, 616, 616, 1, 1, 0, 0, 3715.81, -2450.61, 1163.52, 3.31361, 300, 0, 0, 162610, 12774, 0, 0, 0, 0);
INSERT INTO `creature`  VALUES (321320, 53267, 1, 616, 616, 1, 1, 0, 0, 3694.23, -2449.51, 1201.37, 3.24837, 300, 0, 0, 162610, 12774, 0, 0, 0, 0);
INSERT INTO `creature`  VALUES (321321, 53267, 1, 616, 5087, 1, 1, 0, 0, 3657.51, -2442, 1189.11, 2.88207, 300, 0, 0, 162610, 12774, 0, 0, 0, 0);
INSERT INTO `creature`  VALUES (321322, 53267, 1, 616, 5087, 1, 1, 0, 0, 3654.46, -2400.8, 1188.46, 1.60754, 300, 0, 0, 162610, 12774, 0, 0, 0, 0);
INSERT INTO `creature`  VALUES (321323, 53267, 1, 616, 5087, 1, 1, 0, 0, 3666.63, -2373.35, 1174.35, 1.61758, 300, 0, 0, 162610, 12774, 0, 0, 0, 0);

DELETE FROM creature WHERE guid=321300;
INSERT INTO `creature` VALUES ('321300', '53014', '1', '616', '5015', '1', '1', '0', '0', '5224.81', '-1234.48', '1375.66', '4.25622', '300', '0', '0', '586810', '0', '2', '0', '0', '0');

DELETE FROM waypoint_data WHERE id=321300;
INSERT INTO `waypoint_data` VALUES ('321300', '1', '5226.8', '-1232.2', '1375.66', '0', '0', '0', '0', '100', '0', '0');
INSERT INTO `waypoint_data` VALUES ('321300', '2', '5227.89', '-1230.41', '1375.66', '0', '0', '0', '0', '100', '0', '0');
INSERT INTO `waypoint_data` VALUES ('321300', '3', '5229.6', '-1228.19', '1375.66', '0', '0', '0', '0', '100', '0', '0');
INSERT INTO `waypoint_data` VALUES ('321300', '4', '5234.5', '-1221.84', '1376.06', '0', '0', '0', '0', '100', '0', '0');
INSERT INTO `waypoint_data` VALUES ('321300', '5', '5238.44', '-1215.78', '1376.94', '0', '0', '0', '0', '100', '0', '0');
INSERT INTO `waypoint_data` VALUES ('321300', '6', '5238.55', '-1212.77', '1376.94', '0', '0', '0', '0', '100', '0', '0');
INSERT INTO `waypoint_data` VALUES ('321300', '7', '5236.55', '-1211.77', '1376.94', '0', '0', '0', '0', '100', '0', '0');
INSERT INTO `waypoint_data` VALUES ('321300', '8', '5234.88', '-1214.17', '1376.9', '0', '0', '0', '0', '100', '0', '0');
INSERT INTO `waypoint_data` VALUES ('321300', '9', '5233.07', '-1216.65', '1376.61', '0', '0', '0', '0', '100', '0', '0');
INSERT INTO `waypoint_data` VALUES ('321300', '10', '5230.93', '-1219.71', '1376.06', '0', '0', '0', '0', '100', '0', '0');
INSERT INTO `waypoint_data` VALUES ('321300', '11', '5229.55', '-1220.94', '1375.66', '0', '0', '0', '0', '100', '0', '0');
INSERT INTO `waypoint_data` VALUES ('321300', '12', '5226.6', '-1221.05', '1375.66', '0', '0', '0', '0', '100', '0', '0');
INSERT INTO `waypoint_data` VALUES ('321300', '13', '5223.1', '-1221.12', '1375.66', '0', '0', '0', '0', '100', '0', '0');
INSERT INTO `waypoint_data` VALUES ('321300', '14', '5221.29', '-1222.77', '1375.66', '0', '0', '0', '0', '100', '0', '0');
INSERT INTO `waypoint_data` VALUES ('321300', '15', '5222.65', '-1225.61', '1375.66', '0', '0', '0', '0', '100', '0', '0');
INSERT INTO `waypoint_data` VALUES ('321300', '16', '5224.37', '-1229.66', '1375.66', '0', '0', '0', '0', '100', '0', '0');
INSERT INTO `waypoint_data` VALUES ('321300', '17', '5225.01', '-1232.35', '1375.66', '0', '0', '0', '0', '100', '0', '0');
INSERT INTO `waypoint_data` VALUES ('321300', '18', '5223.61', '-1234.96', '1375.66', '0', '0', '0', '0', '100', '0', '0');
INSERT INTO `waypoint_data` VALUES ('321300', '19', '5221.64', '-1238.12', '1375.66', '0', '0', '0', '0', '100', '0', '0');
INSERT INTO `waypoint_data` VALUES ('321300', '20', '5222.63', '-1239.24', '1375.66', '0', '0', '0', '0', '100', '0', '0');
INSERT INTO `waypoint_data` VALUES ('321300', '21', '5224.57', '-1236.62', '1375.66', '0', '0', '0', '0', '100', '0', '0');
INSERT INTO `waypoint_data` VALUES ('321300', '22', '5225.24', '-1234.51', '1375.66', '0', '0', '0', '0', '100', '0', '0');

DELETE FROM creature_equip_template WHERE entry=53014;
INSERT INTO `creature_equip_template` VALUES ('53014', '1', '71355', '0', '0');

DELETE FROM creature_template WHERE entry=53014;
INSERT INTO `creature_template` VALUES ('53014', '0', '0', '0', '0', '0', '38062', '0', '0', '0', 'Leyara', '', '', '0', '85', '85', '3', '0', '7', '7', '0', '1', '1.14286', '1', '1.14286', '1', '1', '311', '404', '0', '312', '1', '2000', '2000', '1', '0', '2048', '0', '0', '0', '0', '0', '0', '0', '0', '0', '7', '0', '0', '0', '0', '0', '0', '0', '0', '0', '0', '0', '98972', '98078', '98064', '97723', '0', '0', '0', '0', '0', '0', '0', '0', '', '0', '3', '1', '10', '10', '1', '1', '0', '0', '0', '0', '0', '0', '0', '133', '1', '53014', '0', '0', '', '15595');

-- Faldren Tillsdale
DELETE FROM `npc_vendor` WHERE `entry` =44245;
INSERT INTO `npc_vendor` (`entry`,`item`,`slot`,`maxcount`,`ExtendedCost`,`type`) VALUES
(44245,77087,1,0,3553,1),
(44245,77081,2,0,3553,1),
(44245,77079,3,0,3553,1),
(44245,77083,4,0,3553,1),
(44245,77082,5,0,3553,1),
(44245,77080,6,0,3553,1),
(44245,77078,7,0,3553,1),
(44245,77084,8,0,3553,1),
(44245,77085,9,0,3553,1),
(44245,77086,10,0,3553,1),
(44245,77109,11,0,3555,1),
(44245,77095,12,0,3555,1),
(44245,77322,12,0,3555,1),
(44245,77323,13,0,3555,1),
(44245,77319,14,0,3555,1),
(44245,77318,15,0,3555,1),
(44245,77091,16,0,3555,1),
(44245,77324,17,0,3555,1),
(44245,77321,18,0,3555,1),
(44245,77097,19,0,3555,1),
(44245,77111,20,0,3555,1),
(44245,77316,21,0,3555,1),
(44245,77092,22,0,3555,1),
(44245,77317,23,0,3555,1),
(44245,77320,24,0,3555,1),
(44245,77098,25,0,3555,1),
(44245,77090,26,0,3555,1),
(44245,77088,27,0,3555,1),
(44245,77110,28,0,3555,1),
(44245,77108,29,0,3555,1),
(44245,77112,30,0,3555,1),
(44245,77089,31,0,3555,1),
(44245,77096,32,0,3555,1),
(44245,77162,33,0,3556,1),
(44245,77180,34,0,3556,1),
(44245,77181,34,0,3556,1),
(44245,77171,35,0,3556,1),
(44245,77184,36,0,3556,1),
(44245,77175,37,0,3556,1),
(44245,77172,38,0,3556,1),
(44245,77159,39,0,3556,1),
(44245,77182,40,0,3556,1),
(44245,77185,41,0,3556,1),
(44245,77117,42,0,3556,1),
(44245,77186,43,0,3556,1),
(44245,77160,44,0,3556,1),
(44245,77166,45,0,3556,1),
(44245,77183,46,0,3556,1),
(44245,77164,47,0,3556,1),
(44245,77163,48,0,3556,1),
(44245,77165,49,0,3556,1),
(44245,77176,50,0,3556,1),
(44245,77113,51,0,3556,1),
(44245,77170,52,0,3556,1),
(44245,77161,53,0,3556,1),
(44245,77115,54,0,3556,1),
(44245,77116,55,0,3556,1),
(44245,77174,56,0,3556,1),
(44245,77169,57,0,3556,1),
(44245,77177,58,0,3556,1),
(44245,77179,59,0,3556,1),
(44245,77157,60,0,3556,1),
(44245,77187,61,0,3556,1),
(44245,77119,62,0,3557,1),
(44245,77120,63,0,3557,1),
(44245,77127,64,0,3557,1),
(44245,77124,65,0,3557,1),
(44245,77125,66,0,3557,1),
(44245,77153,67,0,3557,1),
(44245,77149,68,0,3557,1),
(44245,77147,69,0,3557,1),
(44245,77156,70,0,3557,1),
(44245,77121,71,0,3557,1),
(44245,77148,72,0,3557,1),
(44245,77122,73,0,3557,1),
(44245,77126,74,0,3557,1),
(44245,77123,75,0,3557,1),
(44245,77146,76,0,3557,1),
(44245,77155,77,0,3557,1),
(44245,77151,78,0,3557,1),
(44245,77150,79,0,3557,1),
(44245,76874,80,0,3845,1),
(44245,76765,81,0,3845,1),
(44245,77003,82,0,3845,1),
(44245,76360,83,0,3845,1),
(44245,76345,84,0,3845,1),
(44245,76340,85,0,3845,1),
(44245,77005,86,0,3843,1),
(44245,76767,87,0,3843,1),
(44245,76876,88,0,3843,1),
(44245,76347,89,0,3843,1),
(44245,76342,90,0,3843,1),
(44245,76358,91,0,3843,1),
(44245,76875,92,0,3844,1),
(44245,76348,93,0,3844,1),
(44245,76766,94,0,3844,1),
(44245,76343,95,0,3844,1),
(44245,77004,96,0,3844,1),
(44245,76357,97,0,3844,1),
(44245,76768,98,0,3842,1),
(44245,77006,99,0,3842,1),
(44245,76877,100,0,3842,1),
(44245,76359,101,0,3842,1),
(44245,76341,102,0,3842,1),
(44245,76361,103,0,3841,1),
(44245,76344,104,0,3841,1),
(44245,76769,105,0,3841,1),
(44245,76339,106,0,3841,1),
(44245,76878,107,0,3841,1),
(44245,77007,108,0,3841,1),
(44245,77024,109,0,3855,1),
(44245,76975,110,0,3855,1),
(44245,77009,111,0,3855,1),
(44245,76212,112,0,3855,1),
(44245,77018,113,0,3855,1),
(44245,77014,113,0,3855,1),
(44245,76749,114,0,3855,1),
(44245,77025,114,0,3854,1),
(44245,77019,115,0,3854,1),
(44245,77015,116,0,3854,1),
(44245,76750,117,0,3854,1),
(44245,77010,118,0,3854,1),
(44245,76976,119,0,3854,1),
(44245,76213,120,0,3854,1),
(44245,77026,121,0,3852,1),
(44245,77020,122,0,3852,1),
(44245,77016,123,0,3852,1),
(44245,76751,124,0,3852,1),
(44245,76977,125,0,3852,1),
(44245,77011,126,0,3852,1),
(44245,76214,127,0,3852,1),
(44245,77027,128,0,3851,1),
(44245,76753,129,0,3851,1),
(44245,77022,130,0,3851,1),
(44245,77017,131,0,3851,1),
(44245,76978,132,0,3851,1),
(44245,77012,133,0,3851,1),
(44245,76216,134,0,3851,1),
(44245,77023,135,0,3856,1),
(44245,77013,136,0,3856,1),
(44245,76752,137,0,3856,1),
(44245,77021,138,0,3856,1),
(44245,76974,139,0,3856,1),
(44245,77008,140,0,3856,1),
(44245,76215,141,0,3856,1),
(44245,76984,142,0,3850,1),
(44245,76988,143,0,3850,1),
(44245,77040,144,0,3850,1),
(44245,77039,145,0,3850,1),
(44245,76756,146,0,3850,1),
(44245,77028,147,0,3850,1),
(44245,76990,148,0,3848,1),
(44245,76983,149,0,3848,1),
(44245,76758,150,0,3848,1),
(44245,77037,151,0,3848,1),
(44245,77042,152,0,3848,1),
(44245,77030,153,0,3848,1),
(44245,76985,154,0,3849,1),
(44245,76989,155,0,3849,1),
(44245,77038,156,0,3849,1),
(44245,77041,157,0,3849,1),
(44245,76757,158,0,3849,1),
(44245,77029,159,0,3849,1),
(44245,76991,160,0,3847,1),
(44245,76986,161,0,3847,1),
(44245,77036,162,0,3847,1),
(44245,77043,163,0,3847,1),
(44245,76759,164,0,3847,1),
(44245,77031,165,0,3847,1),
(44245,76987,166,0,3846,1),
(44245,76992,167,0,3846,1),
(44245,77032,168,0,3846,1),
(44245,76760,169,0,3846,1),
(44245,77035,170,0,3846,1),
(44245,77044,171,0,3846,1),
(44245,390,172,0,3411,2);
